sample,cluster,conjunto,perfil,Species
GCA_029076165.1,2,treino,C2: carbapenemase serina (plasm. 61%),Klebsiella pneumoniae
GCF_001420335.1,2,treino,C2: carbapenemase serina (plasm. 61%),Acinetobacter baumannii
GCA_002304205.1,1,treino,C1: ESBL sem carbapenemase,Klebsiella pneumoniae
GCA_031011085.1,3,treino,C3: carbapenemase serina + ESBL (plasm. 96%),Klebsiella pneumoniae
GCA_031630615.1,0,treino,C0: MBL + ESBL (plasm. 80%),Enterobacter hormaechei
GCA_006546635.1,5,treino,C5: sem mecanismo principal adquirido,Klebsiella quasipneumoniae
GCA_040149225.1,5,treino,C5: sem mecanismo principal adquirido,Escherichia coli
GCA_029075965.1,3,treino,C3: carbapenemase serina + ESBL (plasm. 96%),Klebsiella pneumoniae
GCA_016991555.1,5,treino,C5: sem mecanismo principal adquirido,Escherichia coli
GCA_054048925.1,2,treino,C2: carbapenemase serina (plasm. 61%),Klebsiella pneumoniae
GCA_040493815.1,0,treino,C0: MBL + ESBL (plasm. 80%),Klebsiella pneumoniae
GCA_024650835.1,1,treino,C1: ESBL sem carbapenemase,Klebsiella pneumoniae
GCA_054068275.1,4,treino,C4: carbapenemase serina + metilase 16S (plasm. 58%),Klebsiella pneumoniae
GCA_051169865.1,4,treino,C4: carbapenemase serina + metilase 16S (plasm. 58%),Acinetobacter baumannii
GCA_052943355.2,5,treino,C5: sem mecanismo principal adquirido,Escherichia coli
GCA_018223915.1,5,treino,C5: sem mecanismo principal adquirido,Klebsiella sp.
GCA_052492815.1,4,treino,C4: carbapenemase serina + metilase 16S (plasm. 58%),Acinetobacter baumannii
GCA_029079865.1,3,treino,C3: carbapenemase serina + ESBL (plasm. 96%),Klebsiella pneumoniae
GCA_028439945.1,2,treino,C2: carbapenemase serina (plasm. 61%),Acinetobacter baumannii
GCA_003095475.1,1,treino,C1: ESBL sem carbapenemase,Klebsiella pneumoniae
GCA_041890435.1,5,treino,C5: sem mecanismo principal adquirido,Escherichia coli
GCA_016881605.1,3,treino,C3: carbapenemase serina + ESBL (plasm. 96%),Klebsiella pneumoniae
GCA_022209985.1,3,treino,C3: carbapenemase serina + ESBL (plasm. 96%),Klebsiella pneumoniae
GCA_003204675.1,2,treino,C2: carbapenemase serina (plasm. 61%),Serratia marcescens
GCA_022209485.1,0,treino,C0: MBL + ESBL (plasm. 80%),Klebsiella pneumoniae
GCA_009857735.1,1,treino,C1: ESBL sem carbapenemase,Klebsiella pneumoniae
GCA_051169535.1,4,treino,C4: carbapenemase serina + metilase 16S (plasm. 58%),Acinetobacter baumannii
GCA_029076395.1,4,treino,C4: carbapenemase serina + metilase 16S (plasm. 58%),Klebsiella pneumoniae
GCA_025971765.1,0,treino,C0: MBL + ESBL (plasm. 80%),Acinetobacter baumannii
GCA_051170725.1,4,treino,C4: carbapenemase serina + metilase 16S (plasm. 58%),Acinetobacter baumannii
GCA_022210465.1,2,treino,C2: carbapenemase serina (plasm. 61%),Klebsiella pneumoniae
GCA_014323585.1,2,treino,C2: carbapenemase serina (plasm. 61%),Klebsiella pneumoniae
GCA_037890795.1,2,treino,C2: carbapenemase serina (plasm. 61%),Escherichia coli
GCA_026222775.1,0,treino,C0: MBL + ESBL (plasm. 80%),Klebsiella variicola
GCA_019202655.1,5,treino,C5: sem mecanismo principal adquirido,Escherichia coli
GCA_054069175.1,2,treino,C2: carbapenemase serina (plasm. 61%),Klebsiella pneumoniae
GCA_036575155.1,0,treino,C0: MBL + ESBL (plasm. 80%),Klebsiella quasipneumoniae
GCA_022023135.1,4,treino,C4: carbapenemase serina + metilase 16S (plasm. 58%),Klebsiella pneumoniae
GCA_048970115.1,5,treino,C5: sem mecanismo principal adquirido,Klebsiella pneumoniae
GCA_041222185.1,1,treino,C1: ESBL sem carbapenemase,Klebsiella pneumoniae
GCA_028440415.1,2,treino,C2: carbapenemase serina (plasm. 61%),Acinetobacter baumannii
GCA_052049435.1,3,treino,C3: carbapenemase serina + ESBL (plasm. 96%),Klebsiella pneumoniae
GCA_007644245.1,5,treino,C5: sem mecanismo principal adquirido,Escherichia coli
GCA_054067075.1,3,treino,C3: carbapenemase serina + ESBL (plasm. 96%),Klebsiella pneumoniae
GCA_028440165.1,2,treino,C2: carbapenemase serina (plasm. 61%),Acinetobacter baumannii
GCA_023060505.1,3,treino,C3: carbapenemase serina + ESBL (plasm. 96%),Klebsiella pneumoniae
GCA_022209565.1,3,treino,C3: carbapenemase serina + ESBL (plasm. 96%),Klebsiella pneumoniae
GCA_051169595.1,4,treino,C4: carbapenemase serina + metilase 16S (plasm. 58%),Acinetobacter baumannii
GCA_003327585.1,3,treino,C3: carbapenemase serina + ESBL (plasm. 96%),Klebsiella pneumoniae
GCA_024650385.1,1,treino,C1: ESBL sem carbapenemase,Klebsiella pneumoniae
GCA_052048955.1,4,treino,C4: carbapenemase serina + metilase 16S (plasm. 58%),Klebsiella pneumoniae
GCA_051169435.1,4,treino,C4: carbapenemase serina + metilase 16S (plasm. 58%),Acinetobacter baumannii
GCA_019201685.1,2,treino,C2: carbapenemase serina (plasm. 61%),Escherichia coli
GCA_029079605.1,2,treino,C2: carbapenemase serina (plasm. 61%),Klebsiella pneumoniae
GCA_003321105.1,3,treino,C3: carbapenemase serina + ESBL (plasm. 96%),Klebsiella pneumoniae
GCA_000355255.1,5,treino,C5: sem mecanismo principal adquirido,Escherichia coli
GCA_054066575.1,3,treino,C3: carbapenemase serina + ESBL (plasm. 96%),Klebsiella pneumoniae
GCA_016055885.1,3,treino,C3: carbapenemase serina + ESBL (plasm. 96%),Klebsiella pneumoniae
GCA_052943415.1,5,treino,C5: sem mecanismo principal adquirido,Escherichia coli
GCA_018223865.1,5,treino,C5: sem mecanismo principal adquirido,Escherichia sp.
GCA_025971935.1,0,treino,C0: MBL + ESBL (plasm. 80%),Acinetobacter baumannii
GCA_023093575.1,0,treino,C0: MBL + ESBL (plasm. 80%),Enterobacter hormaechei
GCA_024652555.1,1,treino,C1: ESBL sem carbapenemase,Klebsiella pneumoniae
GCA_022170305.1,3,treino,C3: carbapenemase serina + ESBL (plasm. 96%),Klebsiella aerogenes
GCA_021464705.1,3,treino,C3: carbapenemase serina + ESBL (plasm. 96%),Klebsiella pneumoniae
GCA_054066485.1,2,treino,C2: carbapenemase serina (plasm. 61%),Klebsiella pneumoniae
GCA_023572725.1,2,treino,C2: carbapenemase serina (plasm. 61%),Acinetobacter baumannii
GCA_052997385.1,1,treino,C1: ESBL sem carbapenemase,Escherichia coli
GCA_028440435.1,2,treino,C2: carbapenemase serina (plasm. 61%),Acinetobacter baumannii
GCA_003338595.1,3,treino,C3: carbapenemase serina + ESBL (plasm. 96%),Klebsiella pneumoniae
GCA_024650885.1,1,treino,C1: ESBL sem carbapenemase,Klebsiella pneumoniae
GCA_054069495.1,3,treino,C3: carbapenemase serina + ESBL (plasm. 96%),Klebsiella pneumoniae
GCA_029079945.1,2,treino,C2: carbapenemase serina (plasm. 61%),Klebsiella pneumoniae
GCA_007646945.1,5,treino,C5: sem mecanismo principal adquirido,Escherichia coli
GCA_022304495.1,3,treino,C3: carbapenemase serina + ESBL (plasm. 96%),Klebsiella pneumoniae
GCA_024813675.1,1,treino,C1: ESBL sem carbapenemase,Klebsiella pneumoniae
GCA_022023555.1,4,treino,C4: carbapenemase serina + metilase 16S (plasm. 58%),Klebsiella pneumoniae
GCA_026223635.2,5,treino,C5: sem mecanismo principal adquirido,Klebsiella michiganensis
GCA_011812905.1,5,treino,C5: sem mecanismo principal adquirido,Escherichia coli
GCA_024650785.1,5,treino,C5: sem mecanismo principal adquirido,Klebsiella pneumoniae
GCA_016991155.1,5,treino,C5: sem mecanismo principal adquirido,Escherichia coli
GCA_024652205.1,5,treino,C5: sem mecanismo principal adquirido,Klebsiella pneumoniae
GCA_031921645.1,0,treino,C0: MBL + ESBL (plasm. 80%),Providencia stuartii
GCA_003651425.1,5,treino,C5: sem mecanismo principal adquirido,Escherichia coli
GCA_016055975.1,3,treino,C3: carbapenemase serina + ESBL (plasm. 96%),Klebsiella pneumoniae
GCA_052943275.1,5,treino,C5: sem mecanismo principal adquirido,Escherichia coli
GCA_015537365.1,2,treino,C2: carbapenemase serina (plasm. 61%),Acinetobacter baumannii
GCA_021020745.1,4,treino,C4: carbapenemase serina + metilase 16S (plasm. 58%),Klebsiella pneumoniae
GCA_021020985.1,4,treino,C4: carbapenemase serina + metilase 16S (plasm. 58%),Klebsiella pneumoniae
GCA_007648075.1,5,treino,C5: sem mecanismo principal adquirido,Escherichia coli
GCA_051170085.1,4,treino,C4: carbapenemase serina + metilase 16S (plasm. 58%),Acinetobacter baumannii
GCA_002104265.1,4,treino,C4: carbapenemase serina + metilase 16S (plasm. 58%),Klebsiella pneumoniae
GCA_021021225.1,4,treino,C4: carbapenemase serina + metilase 16S (plasm. 58%),Klebsiella pneumoniae
GCA_003321305.1,3,treino,C3: carbapenemase serina + ESBL (plasm. 96%),Klebsiella pneumoniae
GCA_022209785.1,3,treino,C3: carbapenemase serina + ESBL (plasm. 96%),Klebsiella pneumoniae
GCA_018156705.1,2,treino,C2: carbapenemase serina (plasm. 61%),Acinetobacter baumannii
GCF_001750805.1,5,treino,C5: sem mecanismo principal adquirido,Klebsiella pneumoniae
GCA_022321045.1,3,treino,C3: carbapenemase serina + ESBL (plasm. 96%),Klebsiella pneumoniae
GCA_054478295.1,5,treino,C5: sem mecanismo principal adquirido,Escherichia coli
GCA_037938235.1,0,treino,C0: MBL + ESBL (plasm. 80%),Enterobacter hormaechei
GCA_054069275.1,2,treino,C2: carbapenemase serina (plasm. 61%),Klebsiella pneumoniae
GCA_011038335.1,3,treino,C3: carbapenemase serina + ESBL (plasm. 96%),Klebsiella pneumoniae
GCA_007647585.1,5,treino,C5: sem mecanismo principal adquirido,Escherichia coli
GCA_002154845.1,4,treino,C4: carbapenemase serina + metilase 16S (plasm. 58%),Enterobacter hormaechei
GCA_009361775.1,3,treino,C3: carbapenemase serina + ESBL (plasm. 96%),Klebsiella quasipneumoniae
GCA_004116935.1,5,treino,C5: sem mecanismo principal adquirido,Escherichia coli
GCA_013180435.1,1,treino,C1: ESBL sem carbapenemase,Klebsiella pneumoniae
GCA_054067735.1,0,treino,C0: MBL + ESBL (plasm. 80%),Klebsiella pneumoniae
GCA_013138475.1,2,treino,C2: carbapenemase serina (plasm. 61%),Acinetobacter baumannii
GCA_036575265.1,0,treino,C0: MBL + ESBL (plasm. 80%),Klebsiella quasipneumoniae
GCA_054048975.1,3,treino,C3: carbapenemase serina + ESBL (plasm. 96%),Klebsiella pneumoniae
GCA_021020955.1,4,treino,C4: carbapenemase serina + metilase 16S (plasm. 58%),Klebsiella pneumoniae
GCA_023060115.1,3,treino,C3: carbapenemase serina + ESBL (plasm. 96%),Pluralibacter gergoviae
GCA_022758425.1,1,treino,C1: ESBL sem carbapenemase,Escherichia coli
GCA_015536965.1,2,treino,C2: carbapenemase serina (plasm. 61%),Acinetobacter baumannii
GCA_002119085.1,1,treino,C1: ESBL sem carbapenemase,Klebsiella pneumoniae
GCA_018361365.1,2,treino,C2: carbapenemase serina (plasm. 61%),Escherichia coli
GCA_011038235.1,3,treino,C3: carbapenemase serina + ESBL (plasm. 96%),Klebsiella pneumoniae
GCA_026223475.1,0,treino,C0: MBL + ESBL (plasm. 80%),Klebsiella pneumoniae
GCA_016485025.1,2,treino,C2: carbapenemase serina (plasm. 61%),Acinetobacter baumannii
GCA_051523535.1,0,treino,C0: MBL + ESBL (plasm. 80%),Klebsiella pneumoniae
GCA_051170605.1,2,treino,C2: carbapenemase serina (plasm. 61%),Acinetobacter baumannii
GCA_028402465.1,2,treino,C2: carbapenemase serina (plasm. 61%),Acinetobacter baumannii
GCA_002900305.1,5,treino,C5: sem mecanismo principal adquirido,Escherichia coli
GCA_054832225.1,1,treino,C1: ESBL sem carbapenemase,Escherichia coli
GCA_031630475.1,0,treino,C0: MBL + ESBL (plasm. 80%),Escherichia coli
GCA_041890475.1,5,treino,C5: sem mecanismo principal adquirido,Escherichia coli
GCA_012955845.1,2,treino,C2: carbapenemase serina (plasm. 61%),Acinetobacter baumannii
GCA_016054975.1,4,treino,C4: carbapenemase serina + metilase 16S (plasm. 58%),Acinetobacter baumannii
GCA_002104255.1,3,treino,C3: carbapenemase serina + ESBL (plasm. 96%),Klebsiella pneumoniae
GCA_041222175.1,4,treino,C4: carbapenemase serina + metilase 16S (plasm. 58%),Klebsiella pneumoniae
GCA_022023435.1,3,treino,C3: carbapenemase serina + ESBL (plasm. 96%),Klebsiella pneumoniae
GCA_031011145.1,3,treino,C3: carbapenemase serina + ESBL (plasm. 96%),Klebsiella pneumoniae
GCA_022210565.1,3,treino,C3: carbapenemase serina + ESBL (plasm. 96%),Klebsiella pneumoniae
GCA_054067555.1,3,treino,C3: carbapenemase serina + ESBL (plasm. 96%),Klebsiella pneumoniae
GCA_023060305.1,2,treino,C2: carbapenemase serina (plasm. 61%),Klebsiella pneumoniae
GCA_054068775.1,2,treino,C2: carbapenemase serina (plasm. 61%),Klebsiella pneumoniae
GCA_054069375.1,3,treino,C3: carbapenemase serina + ESBL (plasm. 96%),Klebsiella pneumoniae
GCA_040149085.1,5,treino,C5: sem mecanismo principal adquirido,Escherichia coli
GCA_029079015.1,3,treino,C3: carbapenemase serina + ESBL (plasm. 96%),Klebsiella pneumoniae
GCA_015537405.1,2,treino,C2: carbapenemase serina (plasm. 61%),Acinetobacter baumannii
GCA_022209625.1,3,treino,C3: carbapenemase serina + ESBL (plasm. 96%),Klebsiella pneumoniae
GCA_016991235.1,5,treino,C5: sem mecanismo principal adquirido,Escherichia coli
GCA_030551215.1,4,treino,C4: carbapenemase serina + metilase 16S (plasm. 58%),Acinetobacter baumannii
GCA_054049015.1,2,treino,C2: carbapenemase serina (plasm. 61%),Klebsiella pneumoniae
GCA_054048995.1,3,treino,C3: carbapenemase serina + ESBL (plasm. 96%),Klebsiella pneumoniae
GCA_002295185.1,3,treino,C3: carbapenemase serina + ESBL (plasm. 96%),Klebsiella pneumoniae
GCA_014524525.1,3,treino,C3: carbapenemase serina + ESBL (plasm. 96%),Klebsiella pneumoniae
GCA_015666595.1,4,treino,C4: carbapenemase serina + metilase 16S (plasm. 58%),Klebsiella pneumoniae
GCA_026222915.1,0,treino,C0: MBL + ESBL (plasm. 80%),Klebsiella quasipneumoniae
GCA_029076275.1,3,treino,C3: carbapenemase serina + ESBL (plasm. 96%),Klebsiella pneumoniae
GCA_015537845.1,2,treino,C2: carbapenemase serina (plasm. 61%),Acinetobacter baumannii
GCA_016484945.1,2,treino,C2: carbapenemase serina (plasm. 61%),Acinetobacter baumannii
GCA_022694045.1,5,treino,C5: sem mecanismo principal adquirido,Escherichia coli
GCA_007663355.1,5,treino,C5: sem mecanismo principal adquirido,Escherichia coli
GCA_007648765.1,5,treino,C5: sem mecanismo principal adquirido,Escherichia coli
GCA_021736065.1,5,treino,C5: sem mecanismo principal adquirido,Escherichia coli
GCA_052049035.1,4,treino,C4: carbapenemase serina + metilase 16S (plasm. 58%),Klebsiella pneumoniae
GCA_029078715.1,2,treino,C2: carbapenemase serina (plasm. 61%),Klebsiella pneumoniae
GCA_051106255.1,5,treino,C5: sem mecanismo principal adquirido,Escherichia coli
GCA_029080085.1,4,treino,C4: carbapenemase serina + metilase 16S (plasm. 58%),Klebsiella pneumoniae
GCF_001693555.1,5,treino,C5: sem mecanismo principal adquirido,Escherichia coli
GCA_015537255.1,2,treino,C2: carbapenemase serina (plasm. 61%),Acinetobacter baumannii
GCA_028864025.1,5,treino,C5: sem mecanismo principal adquirido,Escherichia coli
GCA_002251715.1,3,treino,C3: carbapenemase serina + ESBL (plasm. 96%),Klebsiella pneumoniae
GCA_007647945.1,5,treino,C5: sem mecanismo principal adquirido,Escherichia coli
GCA_022305015.1,3,treino,C3: carbapenemase serina + ESBL (plasm. 96%),Klebsiella pneumoniae
GCA_041212775.1,1,treino,C1: ESBL sem carbapenemase,Klebsiella pneumoniae
GCA_054048885.1,2,treino,C2: carbapenemase serina (plasm. 61%),Klebsiella pneumoniae
GCA_007647625.1,5,treino,C5: sem mecanismo principal adquirido,Escherichia coli
GCA_023897125.1,3,treino,C3: carbapenemase serina + ESBL (plasm. 96%),Enterobacter hormaechei
GCA_024813455.1,3,treino,C3: carbapenemase serina + ESBL (plasm. 96%),Klebsiella pneumoniae
GCA_036575305.1,0,treino,C0: MBL + ESBL (plasm. 80%),Klebsiella pneumoniae
GCA_030674085.1,0,treino,C0: MBL + ESBL (plasm. 80%),Raoultella planticola
GCA_016056095.1,2,treino,C2: carbapenemase serina (plasm. 61%),Acinetobacter baumannii
GCA_007647475.1,5,treino,C5: sem mecanismo principal adquirido,Escherichia coli
GCA_015537745.1,2,treino,C2: carbapenemase serina (plasm. 61%),Acinetobacter baumannii
GCA_024055805.1,3,treino,C3: carbapenemase serina + ESBL (plasm. 96%),Enterobacter hormaechei
GCA_052036495.1,4,treino,C4: carbapenemase serina + metilase 16S (plasm. 58%),Klebsiella pneumoniae
GCA_042607615.1,0,treino,C0: MBL + ESBL (plasm. 80%),Klebsiella pneumoniae
GCA_015666365.1,2,treino,C2: carbapenemase serina (plasm. 61%),Acinetobacter baumannii
GCA_022210085.1,3,treino,C3: carbapenemase serina + ESBL (plasm. 96%),Klebsiella pneumoniae
GCA_029761785.1,2,treino,C2: carbapenemase serina (plasm. 61%),Acinetobacter baumannii
GCA_015537095.1,2,treino,C2: carbapenemase serina (plasm. 61%),Acinetobacter baumannii
GCA_014500765.1,3,treino,C3: carbapenemase serina + ESBL (plasm. 96%),Klebsiella pneumoniae
GCA_041222685.1,2,treino,C2: carbapenemase serina (plasm. 61%),Klebsiella pneumoniae
GCA_031630415.1,0,treino,C0: MBL + ESBL (plasm. 80%),Escherichia coli
GCF_001715215.1,4,treino,C4: carbapenemase serina + metilase 16S (plasm. 58%),Klebsiella pneumoniae
GCA_003321095.1,2,treino,C2: carbapenemase serina (plasm. 61%),Klebsiella pneumoniae
GCF_001472755.1,3,treino,C3: carbapenemase serina + ESBL (plasm. 96%),Klebsiella aerogenes
GCA_018423865.1,3,treino,C3: carbapenemase serina + ESBL (plasm. 96%),Klebsiella pneumoniae
GCA_002154865.1,4,treino,C4: carbapenemase serina + metilase 16S (plasm. 58%),Enterobacter hormaechei
GCA_011037225.1,3,treino,C3: carbapenemase serina + ESBL (plasm. 96%),Klebsiella pneumoniae
GCA_022401365.1,5,treino,C5: sem mecanismo principal adquirido,Yersinia enterocolitica
GCA_040149285.1,5,treino,C5: sem mecanismo principal adquirido,Escherichia coli
GCA_019202225.1,1,treino,C1: ESBL sem carbapenemase,Escherichia coli
GCA_028435925.1,2,treino,C2: carbapenemase serina (plasm. 61%),Acinetobacter baumannii
GCA_022022935.1,4,treino,C4: carbapenemase serina + metilase 16S (plasm. 58%),Klebsiella pneumoniae
GCF_002012005.1,3,treino,C3: carbapenemase serina + ESBL (plasm. 96%),Escherichia coli
GCA_015536855.1,2,treino,C2: carbapenemase serina (plasm. 61%),Acinetobacter baumannii
GCA_052036645.1,2,treino,C2: carbapenemase serina (plasm. 61%),Klebsiella pneumoniae
GCA_016485345.1,2,treino,C2: carbapenemase serina (plasm. 61%),Acinetobacter baumannii
GCA_007648455.1,5,treino,C5: sem mecanismo principal adquirido,Escherichia coli
GCA_017909485.1,2,treino,C2: carbapenemase serina (plasm. 61%),Acinetobacter baumannii
GCA_009183685.1,5,treino,C5: sem mecanismo principal adquirido,Proteus mirabilis
GCA_024650415.1,1,treino,C1: ESBL sem carbapenemase,Klebsiella pneumoniae
GCA_029078975.1,2,treino,C2: carbapenemase serina (plasm. 61%),Klebsiella pneumoniae
GCA_019249955.1,5,treino,C5: sem mecanismo principal adquirido,Escherichia coli
GCA_040493795.1,0,treino,C0: MBL + ESBL (plasm. 80%),Klebsiella pneumoniae
GCF_001866785.1,4,treino,C4: carbapenemase serina + metilase 16S (plasm. 58%),Klebsiella pneumoniae
GCA_026223585.1,0,treino,C0: MBL + ESBL (plasm. 80%),Klebsiella quasipneumoniae
GCA_000188755.2,5,treino,C5: sem mecanismo principal adquirido,Escherichia coli
GCA_003321295.1,3,treino,C3: carbapenemase serina + ESBL (plasm. 96%),Klebsiella pneumoniae
GCA_022210425.1,3,treino,C3: carbapenemase serina + ESBL (plasm. 96%),Klebsiella pneumoniae
GCF_001662695.1,4,treino,C4: carbapenemase serina + metilase 16S (plasm. 58%),Klebsiella aerogenes
GCA_022023275.1,3,treino,C3: carbapenemase serina + ESBL (plasm. 96%),Klebsiella pneumoniae
GCA_003321215.1,3,treino,C3: carbapenemase serina + ESBL (plasm. 96%),Klebsiella pneumoniae
GCA_036575065.1,0,treino,C0: MBL + ESBL (plasm. 80%),Klebsiella pneumoniae
GCA_040493745.1,3,treino,C3: carbapenemase serina + ESBL (plasm. 96%),Klebsiella pneumoniae
GCA_016485285.1,2,treino,C2: carbapenemase serina (plasm. 61%),Acinetobacter baumannii
GCA_031630315.1,0,treino,C0: MBL + ESBL (plasm. 80%),Proteus mirabilis
GCA_019201915.1,5,treino,C5: sem mecanismo principal adquirido,Escherichia coli
GCA_020615655.1,2,treino,C2: carbapenemase serina (plasm. 61%),Klebsiella pneumoniae
GCA_011037955.1,4,treino,C4: carbapenemase serina + metilase 16S (plasm. 58%),Klebsiella pneumoniae
GCA_003095515.1,4,treino,C4: carbapenemase serina + metilase 16S (plasm. 58%),Klebsiella pneumoniae
GCA_054832145.1,1,treino,C1: ESBL sem carbapenemase,Escherichia coli
GCA_052036615.1,4,treino,C4: carbapenemase serina + metilase 16S (plasm. 58%),Klebsiella pneumoniae
GCA_003651325.1,5,treino,C5: sem mecanismo principal adquirido,Escherichia coli
GCA_026223315.1,0,treino,C0: MBL + ESBL (plasm. 80%),Klebsiella pneumoniae
GCA_015537965.1,2,treino,C2: carbapenemase serina (plasm. 61%),Acinetobacter baumannii
GCA_022170245.1,2,treino,C2: carbapenemase serina (plasm. 61%),Klebsiella aerogenes
GCA_051170345.1,4,treino,C4: carbapenemase serina + metilase 16S (plasm. 58%),Acinetobacter baumannii
GCA_023093655.1,2,treino,C2: carbapenemase serina (plasm. 61%),Klebsiella michiganensis
GCA_022210685.1,3,treino,C3: carbapenemase serina + ESBL (plasm. 96%),Klebsiella pneumoniae
GCA_000188815.2,5,treino,C5: sem mecanismo principal adquirido,Escherichia coli
GCA_007647045.1,5,treino,C5: sem mecanismo principal adquirido,Escherichia coli
GCA_024651885.1,1,treino,C1: ESBL sem carbapenemase,Klebsiella pneumoniae
GCA_016598855.1,2,treino,C2: carbapenemase serina (plasm. 61%),Klebsiella variicola
GCA_022758785.1,1,treino,C1: ESBL sem carbapenemase,Escherichia coli
GCA_052492615.1,4,treino,C4: carbapenemase serina + metilase 16S (plasm. 58%),Acinetobacter baumannii
GCA_005222595.1,3,treino,C3: carbapenemase serina + ESBL (plasm. 96%),Klebsiella pneumoniae
GCA_052049275.1,4,treino,C4: carbapenemase serina + metilase 16S (plasm. 58%),Klebsiella pneumoniae
GCA_007648485.1,5,treino,C5: sem mecanismo principal adquirido,Escherichia coli
GCA_042875975.1,5,treino,C5: sem mecanismo principal adquirido,Proteus mirabilis
GCA_007647955.1,5,treino,C5: sem mecanismo principal adquirido,Escherichia coli
GCA_016416045.1,2,treino,C2: carbapenemase serina (plasm. 61%),Acinetobacter baumannii
GCA_051170165.1,4,treino,C4: carbapenemase serina + metilase 16S (plasm. 58%),Acinetobacter baumannii
GCA_019202145.1,1,treino,C1: ESBL sem carbapenemase,Escherichia coli
GCA_028402505.1,5,treino,C5: sem mecanismo principal adquirido,Acinetobacter baumannii
GCA_900322665.1,1,treino,C1: ESBL sem carbapenemase,Klebsiella pneumoniae
GCA_015538205.1,2,treino,C2: carbapenemase serina (plasm. 61%),Acinetobacter baumannii
GCA_051169415.1,4,treino,C4: carbapenemase serina + metilase 16S (plasm. 58%),Acinetobacter baumannii
GCA_023060075.1,2,treino,C2: carbapenemase serina (plasm. 61%),Klebsiella pneumoniae
GCA_015666485.1,0,treino,C0: MBL + ESBL (plasm. 80%),Klebsiella pneumoniae
GCA_054067855.1,3,treino,C3: carbapenemase serina + ESBL (plasm. 96%),Klebsiella pneumoniae
GCA_007648745.1,5,treino,C5: sem mecanismo principal adquirido,Escherichia coli
GCA_051170745.1,4,treino,C4: carbapenemase serina + metilase 16S (plasm. 58%),Acinetobacter baumannii
GCA_054068715.1,3,treino,C3: carbapenemase serina + ESBL (plasm. 96%),Klebsiella pneumoniae
GCA_051842185.1,3,treino,C3: carbapenemase serina + ESBL (plasm. 96%),Acinetobacter baumannii
GCA_016991395.1,5,treino,C5: sem mecanismo principal adquirido,Escherichia coli
GCA_024650555.1,1,treino,C1: ESBL sem carbapenemase,Klebsiella pneumoniae
GCA_041949855.1,3,treino,C3: carbapenemase serina + ESBL (plasm. 96%),Klebsiella pneumoniae
GCA_054478315.1,5,treino,C5: sem mecanismo principal adquirido,Escherichia coli
GCA_020615575.1,3,treino,C3: carbapenemase serina + ESBL (plasm. 96%),Klebsiella pneumoniae
GCA_042160215.1,0,treino,C0: MBL + ESBL (plasm. 80%),Klebsiella pneumoniae
GCA_028439845.1,5,treino,C5: sem mecanismo principal adquirido,Acinetobacter baumannii
GCA_041221375.1,1,treino,C1: ESBL sem carbapenemase,Klebsiella pneumoniae
GCA_054068295.1,4,treino,C4: carbapenemase serina + metilase 16S (plasm. 58%),Klebsiella pneumoniae
GCA_036890225.1,2,treino,C2: carbapenemase serina (plasm. 61%),Escherichia coli
GCA_051170505.1,4,treino,C4: carbapenemase serina + metilase 16S (plasm. 58%),Acinetobacter baumannii
GCA_003651265.1,5,treino,C5: sem mecanismo principal adquirido,Escherichia coli
GCA_003204885.1,2,treino,C2: carbapenemase serina (plasm. 61%),Serratia marcescens
GCA_051170565.1,4,treino,C4: carbapenemase serina + metilase 16S (plasm. 58%),Acinetobacter baumannii
GCA_029458035.1,0,treino,C0: MBL + ESBL (plasm. 80%),Klebsiella pneumoniae
GCA_011038265.1,5,treino,C5: sem mecanismo principal adquirido,Klebsiella pneumoniae
GCA_015537525.1,2,treino,C2: carbapenemase serina (plasm. 61%),Acinetobacter baumannii
GCA_016054935.1,0,treino,C0: MBL + ESBL (plasm. 80%),Klebsiella pneumoniae
GCA_014771895.1,5,treino,C5: sem mecanismo principal adquirido,Escherichia coli
GCA_022321405.1,3,treino,C3: carbapenemase serina + ESBL (plasm. 96%),Klebsiella pneumoniae
GCA_002104365.1,1,treino,C1: ESBL sem carbapenemase,Klebsiella pneumoniae
GCA_016991075.1,1,treino,C1: ESBL sem carbapenemase,Escherichia coli
GCA_022210025.1,2,treino,C2: carbapenemase serina (plasm. 61%),Klebsiella pneumoniae
GCA_022758485.1,5,treino,C5: sem mecanismo principal adquirido,Escherichia coli
GCA_020615495.1,3,treino,C3: carbapenemase serina + ESBL (plasm. 96%),Klebsiella pneumoniae
GCA_006517505.1,5,treino,C5: sem mecanismo principal adquirido,Escherichia coli
GCA_052185155.1,5,treino,C5: sem mecanismo principal adquirido,Escherichia coli
GCA_041216965.1,4,treino,C4: carbapenemase serina + metilase 16S (plasm. 58%),Klebsiella pneumoniae
GCA_007647335.1,5,treino,C5: sem mecanismo principal adquirido,Escherichia coli
GCA_051170265.1,4,treino,C4: carbapenemase serina + metilase 16S (plasm. 58%),Acinetobacter baumannii
GCA_051842285.1,4,treino,C4: carbapenemase serina + metilase 16S (plasm. 58%),Acinetobacter baumannii
GCA_016990835.1,1,treino,C1: ESBL sem carbapenemase,Escherichia coli
GCA_029079465.1,3,treino,C3: carbapenemase serina + ESBL (plasm. 96%),Klebsiella pneumoniae
GCA_026222785.1,0,treino,C0: MBL + ESBL (plasm. 80%),Klebsiella quasipneumoniae
GCA_020866825.1,1,treino,C1: ESBL sem carbapenemase,Proteus mirabilis
GCA_031009705.1,3,treino,C3: carbapenemase serina + ESBL (plasm. 96%),Klebsiella pneumoniae
GCA_016055335.1,2,treino,C2: carbapenemase serina (plasm. 61%),Acinetobacter baumannii
GCA_015538225.1,2,treino,C2: carbapenemase serina (plasm. 61%),Acinetobacter baumannii
GCA_024651925.1,1,treino,C1: ESBL sem carbapenemase,Klebsiella pneumoniae
GCA_029079845.1,3,treino,C3: carbapenemase serina + ESBL (plasm. 96%),Klebsiella pneumoniae
GCA_028864005.1,5,treino,C5: sem mecanismo principal adquirido,Escherichia coli
GCA_044133445.1,2,treino,C2: carbapenemase serina (plasm. 61%),Acinetobacter baumannii
GCA_054565055.1,5,treino,C5: sem mecanismo principal adquirido,Escherichia coli
GCA_036927635.1,5,treino,C5: sem mecanismo principal adquirido,Escherichia coli
GCA_042875895.1,5,treino,C5: sem mecanismo principal adquirido,Proteus mirabilis
GCA_029079475.1,3,treino,C3: carbapenemase serina + ESBL (plasm. 96%),Klebsiella pneumoniae
GCA_028440145.1,2,treino,C2: carbapenemase serina (plasm. 61%),Acinetobacter baumannii
GCA_036533995.1,2,treino,C2: carbapenemase serina (plasm. 61%),Acinetobacter baumannii
GCA_021020725.1,3,treino,C3: carbapenemase serina + ESBL (plasm. 96%),Klebsiella pneumoniae
GCA_052388935.1,0,treino,C0: MBL + ESBL (plasm. 80%),Klebsiella pneumoniae
GCA_013180465.1,3,treino,C3: carbapenemase serina + ESBL (plasm. 96%),Klebsiella pneumoniae
GCA_022694245.1,5,treino,C5: sem mecanismo principal adquirido,Escherichia coli
GCA_022210785.1,2,treino,C2: carbapenemase serina (plasm. 61%),Klebsiella pneumoniae
GCA_016992025.1,1,treino,C1: ESBL sem carbapenemase,Escherichia coli
GCA_022210885.1,3,treino,C3: carbapenemase serina + ESBL (plasm. 96%),Klebsiella pneumoniae
GCA_023572505.1,5,treino,C5: sem mecanismo principal adquirido,Enterobacter cloacae
GCA_016484985.1,2,treino,C2: carbapenemase serina (plasm. 61%),Acinetobacter baumannii
GCA_029079395.1,2,treino,C2: carbapenemase serina (plasm. 61%),Klebsiella pneumoniae
GCA_020589635.1,1,treino,C1: ESBL sem carbapenemase,Klebsiella pneumoniae
GCA_015666525.1,0,treino,C0: MBL + ESBL (plasm. 80%),Klebsiella pneumoniae
GCA_022210485.1,3,treino,C3: carbapenemase serina + ESBL (plasm. 96%),Klebsiella pneumoniae
GCA_024385685.1,2,treino,C2: carbapenemase serina (plasm. 61%),Escherichia coli
GCA_003651375.1,5,treino,C5: sem mecanismo principal adquirido,Escherichia coli
GCA_017565915.1,4,treino,C4: carbapenemase serina + metilase 16S (plasm. 58%),Klebsiella pneumoniae
GCA_002295145.1,1,treino,C1: ESBL sem carbapenemase,Klebsiella pneumoniae
GCA_017565945.1,4,treino,C4: carbapenemase serina + metilase 16S (plasm. 58%),Klebsiella pneumoniae
GCA_024199065.1,5,treino,C5: sem mecanismo principal adquirido,Escherichia coli
GCA_031921665.1,0,treino,C0: MBL + ESBL (plasm. 80%),Providencia rettgeri
GCA_026223795.1,0,treino,C0: MBL + ESBL (plasm. 80%),Klebsiella aerogenes
GCA_042607655.1,0,treino,C0: MBL + ESBL (plasm. 80%),Klebsiella pneumoniae
GCA_014894805.1,1,treino,C1: ESBL sem carbapenemase,Klebsiella pneumoniae
GCA_021021055.1,4,treino,C4: carbapenemase serina + metilase 16S (plasm. 58%),Klebsiella pneumoniae
GCA_028440485.1,2,treino,C2: carbapenemase serina (plasm. 61%),Acinetobacter baumannii
GCA_051169575.1,4,treino,C4: carbapenemase serina + metilase 16S (plasm. 58%),Acinetobacter baumannii
GCA_015537995.1,2,treino,C2: carbapenemase serina (plasm. 61%),Acinetobacter baumannii
GCA_042607665.1,0,treino,C0: MBL + ESBL (plasm. 80%),Klebsiella pneumoniae
GCA_022321645.1,3,treino,C3: carbapenemase serina + ESBL (plasm. 96%),Klebsiella pneumoniae
GCA_013180445.1,3,treino,C3: carbapenemase serina + ESBL (plasm. 96%),Klebsiella pneumoniae
GCA_016055675.1,4,treino,C4: carbapenemase serina + metilase 16S (plasm. 58%),Klebsiella pneumoniae
GCA_051170205.1,4,treino,C4: carbapenemase serina + metilase 16S (plasm. 58%),Acinetobacter baumannii
GCA_024386165.1,2,treino,C2: carbapenemase serina (plasm. 61%),Escherichia coli
GCA_016990995.1,1,treino,C1: ESBL sem carbapenemase,Escherichia coli
GCA_031630575.1,0,treino,C0: MBL + ESBL (plasm. 80%),Enterobacter hormaechei
GCA_015538335.1,2,treino,C2: carbapenemase serina (plasm. 61%),Acinetobacter baumannii
GCA_017960395.1,2,treino,C2: carbapenemase serina (plasm. 61%),Acinetobacter baumannii
GCA_016485205.1,2,treino,C2: carbapenemase serina (plasm. 61%),Acinetobacter baumannii
GCA_052183635.1,1,treino,C1: ESBL sem carbapenemase,Escherichia coli
GCA_028436005.1,2,treino,C2: carbapenemase serina (plasm. 61%),Acinetobacter baumannii
GCA_024650765.1,1,treino,C1: ESBL sem carbapenemase,Klebsiella pneumoniae
GCA_018224045.1,5,treino,C5: sem mecanismo principal adquirido,Klebsiella sp.
GCA_030551135.1,4,treino,C4: carbapenemase serina + metilase 16S (plasm. 58%),Acinetobacter baumannii
GCA_028440395.1,2,treino,C2: carbapenemase serina (plasm. 61%),Acinetobacter baumannii
GCA_031150025.1,5,treino,C5: sem mecanismo principal adquirido,Klebsiella aerogenes
GCA_007648415.1,5,treino,C5: sem mecanismo principal adquirido,Escherichia coli
GCA_022758525.1,5,treino,C5: sem mecanismo principal adquirido,Escherichia coli
GCA_024651005.1,1,treino,C1: ESBL sem carbapenemase,Klebsiella pneumoniae
GCA_024652265.1,5,treino,C5: sem mecanismo principal adquirido,Klebsiella pneumoniae
GCA_015666295.1,3,treino,C3: carbapenemase serina + ESBL (plasm. 96%),Klebsiella pneumoniae
GCA_025950435.1,0,treino,C0: MBL + ESBL (plasm. 80%),Acinetobacter baumannii
GCA_017909495.1,2,treino,C2: carbapenemase serina (plasm. 61%),Acinetobacter baumannii
GCA_052185455.1,1,treino,C1: ESBL sem carbapenemase,Escherichia coli
GCA_029079625.1,2,treino,C2: carbapenemase serina (plasm. 61%),Klebsiella pneumoniae
GCA_054067025.1,3,treino,C3: carbapenemase serina + ESBL (plasm. 96%),Klebsiella pneumoniae
GCA_015537145.1,2,treino,C2: carbapenemase serina (plasm. 61%),Acinetobacter baumannii
GCA_052048675.1,3,treino,C3: carbapenemase serina + ESBL (plasm. 96%),Klebsiella pneumoniae
GCA_031011025.1,3,treino,C3: carbapenemase serina + ESBL (plasm. 96%),Klebsiella pneumoniae
GCA_029079065.1,3,treino,C3: carbapenemase serina + ESBL (plasm. 96%),Klebsiella pneumoniae
GCA_018423625.1,3,treino,C3: carbapenemase serina + ESBL (plasm. 96%),Klebsiella pneumoniae
GCA_016055595.1,2,treino,C2: carbapenemase serina (plasm. 61%),Acinetobacter baumannii
GCA_002887715.1,5,treino,C5: sem mecanismo principal adquirido,Escherichia coli
GCA_015537665.1,2,treino,C2: carbapenemase serina (plasm. 61%),Acinetobacter baumannii
GCA_002300725.1,3,treino,C3: carbapenemase serina + ESBL (plasm. 96%),Klebsiella pneumoniae
GCA_016055275.1,2,treino,C2: carbapenemase serina (plasm. 61%),Klebsiella pneumoniae
GCA_003173315.1,1,treino,C1: ESBL sem carbapenemase,Escherichia coli
GCA_015538305.1,2,treino,C2: carbapenemase serina (plasm. 61%),Acinetobacter baumannii
GCA_031630535.1,0,treino,C0: MBL + ESBL (plasm. 80%),Enterobacter hormaechei
GCA_024651975.1,1,treino,C1: ESBL sem carbapenemase,Klebsiella pneumoniae
GCA_007648965.1,5,treino,C5: sem mecanismo principal adquirido,Escherichia coli
GCA_009857775.1,1,treino,C1: ESBL sem carbapenemase,Klebsiella pneumoniae
GCA_023059285.1,3,treino,C3: carbapenemase serina + ESBL (plasm. 96%),Klebsiella pneumoniae
GCA_012726245.1,1,treino,C1: ESBL sem carbapenemase,Escherichia coli
GCA_040149135.1,5,treino,C5: sem mecanismo principal adquirido,Escherichia coli
GCA_002192975.1,1,treino,C1: ESBL sem carbapenemase,Klebsiella pneumoniae
GCA_052184385.1,1,treino,C1: ESBL sem carbapenemase,Escherichia coli
GCA_003318315.1,2,treino,C2: carbapenemase serina (plasm. 61%),Klebsiella pneumoniae
GCA_024055825.1,5,treino,C5: sem mecanismo principal adquirido,Enterobacter hormaechei
GCA_016881655.1,3,treino,C3: carbapenemase serina + ESBL (plasm. 96%),Klebsiella pneumoniae
GCA_007648725.1,5,treino,C5: sem mecanismo principal adquirido,Escherichia coli
GCA_022694085.1,5,treino,C5: sem mecanismo principal adquirido,Escherichia coli
GCA_001756835.2,4,treino,C4: carbapenemase serina + metilase 16S (plasm. 58%),Klebsiella pneumoniae
GCA_022209705.1,2,treino,C2: carbapenemase serina (plasm. 61%),Klebsiella pneumoniae
GCA_015538275.1,2,treino,C2: carbapenemase serina (plasm. 61%),Acinetobacter baumannii
GCA_024652015.1,1,treino,C1: ESBL sem carbapenemase,Klebsiella pneumoniae
GCA_029079825.1,3,treino,C3: carbapenemase serina + ESBL (plasm. 96%),Klebsiella pneumoniae
GCA_028440505.1,2,treino,C2: carbapenemase serina (plasm. 61%),Acinetobacter baumannii
GCA_024650905.1,1,treino,C1: ESBL sem carbapenemase,Klebsiella pneumoniae
GCA_024651895.1,1,treino,C1: ESBL sem carbapenemase,Klebsiella pneumoniae
GCA_015538155.1,2,treino,C2: carbapenemase serina (plasm. 61%),Acinetobacter baumannii
GCA_003325575.1,2,treino,C2: carbapenemase serina (plasm. 61%),Acinetobacter baumannii
GCA_015537465.1,2,treino,C2: carbapenemase serina (plasm. 61%),Acinetobacter baumannii
GCA_009184605.1,5,treino,C5: sem mecanismo principal adquirido,Proteus mirabilis
GCA_054069395.1,3,treino,C3: carbapenemase serina + ESBL (plasm. 96%),Klebsiella pneumoniae
GCA_028440185.1,2,treino,C2: carbapenemase serina (plasm. 61%),Acinetobacter baumannii
GCA_024650795.1,1,treino,C1: ESBL sem carbapenemase,Klebsiella pneumoniae
GCA_022304515.1,2,treino,C2: carbapenemase serina (plasm. 61%),Klebsiella pneumoniae
GCA_029076045.1,2,treino,C2: carbapenemase serina (plasm. 61%),Klebsiella pneumoniae
GCA_029079225.1,3,treino,C3: carbapenemase serina + ESBL (plasm. 96%),Klebsiella pneumoniae
GCA_036574225.1,2,treino,C2: carbapenemase serina (plasm. 61%),Klebsiella pneumoniae
GCA_012955875.1,3,treino,C3: carbapenemase serina + ESBL (plasm. 96%),Klebsiella pneumoniae
GCF_001649815.1,5,treino,C5: sem mecanismo principal adquirido,Acinetobacter baumannii
GCA_016485125.1,2,treino,C2: carbapenemase serina (plasm. 61%),Acinetobacter baumannii
GCA_052184275.1,5,treino,C5: sem mecanismo principal adquirido,Escherichia coli
GCA_054069755.1,3,treino,C3: carbapenemase serina + ESBL (plasm. 96%),Klebsiella pneumoniae
GCA_007646715.1,5,treino,C5: sem mecanismo principal adquirido,Escherichia coli
GCA_052492755.1,4,treino,C4: carbapenemase serina + metilase 16S (plasm. 58%),Acinetobacter baumannii
GCA_052048715.1,4,treino,C4: carbapenemase serina + metilase 16S (plasm. 58%),Klebsiella pneumoniae
GCA_012956585.1,2,treino,C2: carbapenemase serina (plasm. 61%),Acinetobacter baumannii
GCA_000803045.1,0,treino,C0: MBL + ESBL (plasm. 80%),Enterobacter hormaechei
GCF_001700405.1,5,treino,C5: sem mecanismo principal adquirido,Escherichia coli
GCA_023893615.1,3,treino,C3: carbapenemase serina + ESBL (plasm. 96%),Enterobacter hormaechei
GCA_042862925.1,2,treino,C2: carbapenemase serina (plasm. 61%),Acinetobacter baumannii
GCA_029079285.1,2,treino,C2: carbapenemase serina (plasm. 61%),Klebsiella pneumoniae
GCA_003321225.1,1,treino,C1: ESBL sem carbapenemase,Klebsiella pneumoniae
GCA_038433235.1,1,treino,C1: ESBL sem carbapenemase,Klebsiella pneumoniae
GCA_026223375.1,0,treino,C0: MBL + ESBL (plasm. 80%),Klebsiella pneumoniae
GCA_020589755.1,3,treino,C3: carbapenemase serina + ESBL (plasm. 96%),Klebsiella pneumoniae
GCA_001758135.1,5,treino,C5: sem mecanismo principal adquirido,Acinetobacter baumannii
GCA_016991315.1,1,treino,C1: ESBL sem carbapenemase,Escherichia coli
GCA_003204645.1,5,treino,C5: sem mecanismo principal adquirido,Serratia marcescens
GCA_002104185.1,4,treino,C4: carbapenemase serina + metilase 16S (plasm. 58%),Klebsiella pneumoniae
GCA_011812765.1,4,treino,C4: carbapenemase serina + metilase 16S (plasm. 58%),Escherichia coli
GCA_054067135.1,2,treino,C2: carbapenemase serina (plasm. 61%),Klebsiella pneumoniae
GCA_041221345.1,4,treino,C4: carbapenemase serina + metilase 16S (plasm. 58%),Klebsiella pneumoniae
GCA_007648245.1,5,treino,C5: sem mecanismo principal adquirido,Escherichia coli
GCA_041890375.1,5,treino,C5: sem mecanismo principal adquirido,Escherichia coli
GCA_052184935.1,5,treino,C5: sem mecanismo principal adquirido,Escherichia coli
GCA_015537225.1,2,treino,C2: carbapenemase serina (plasm. 61%),Acinetobacter baumannii
GCA_003321375.1,3,treino,C3: carbapenemase serina + ESBL (plasm. 96%),Klebsiella pneumoniae
GCA_030551115.1,4,treino,C4: carbapenemase serina + metilase 16S (plasm. 58%),Acinetobacter baumannii
GCA_003204635.1,2,treino,C2: carbapenemase serina (plasm. 61%),Serratia marcescens
GCA_054069595.1,3,treino,C3: carbapenemase serina + ESBL (plasm. 96%),Klebsiella pneumoniae
GCA_002468985.1,5,treino,C5: sem mecanismo principal adquirido,Escherichia coli
GCA_007648205.1,5,treino,C5: sem mecanismo principal adquirido,Escherichia coli
GCA_007648515.1,5,treino,C5: sem mecanismo principal adquirido,Escherichia coli
GCA_051169335.1,4,treino,C4: carbapenemase serina + metilase 16S (plasm. 58%),Acinetobacter baumannii
GCA_026223675.1,0,treino,C0: MBL + ESBL (plasm. 80%),Klebsiella quasipneumoniae
GCA_052185295.1,1,treino,C1: ESBL sem carbapenemase,Escherichia coli
GCA_052048775.1,4,treino,C4: carbapenemase serina + metilase 16S (plasm. 58%),Klebsiella pneumoniae
GCA_036662895.1,1,treino,C1: ESBL sem carbapenemase,Klebsiella pneumoniae
GCA_030551035.1,4,treino,C4: carbapenemase serina + metilase 16S (plasm. 58%),Acinetobacter baumannii
GCA_026223575.1,4,treino,C4: carbapenemase serina + metilase 16S (plasm. 58%),Klebsiella pneumoniae
GCA_002484595.1,5,treino,C5: sem mecanismo principal adquirido,Escherichia coli
GCA_019492145.1,0,treino,C0: MBL + ESBL (plasm. 80%),Escherichia coli
GCA_019202045.1,1,treino,C1: ESBL sem carbapenemase,Escherichia coli
GCA_047394525.1,0,treino,C0: MBL + ESBL (plasm. 80%),Klebsiella pneumoniae
GCA_015537825.1,2,treino,C2: carbapenemase serina (plasm. 61%),Acinetobacter baumannii
GCA_054069235.1,3,treino,C3: carbapenemase serina + ESBL (plasm. 96%),Klebsiella pneumoniae
GCA_054067455.1,2,treino,C2: carbapenemase serina (plasm. 61%),Klebsiella pneumoniae
GCA_036575205.1,0,treino,C0: MBL + ESBL (plasm. 80%),Klebsiella quasipneumoniae
GCA_015537385.1,2,treino,C2: carbapenemase serina (plasm. 61%),Acinetobacter baumannii
GCA_002145455.1,1,treino,C1: ESBL sem carbapenemase,Enterobacter kobei
GCA_015538085.1,2,treino,C2: carbapenemase serina (plasm. 61%),Acinetobacter baumannii
GCA_031570175.1,0,treino,C0: MBL + ESBL (plasm. 80%),Serratia nevei
GCA_022304535.1,2,treino,C2: carbapenemase serina (plasm. 61%),Klebsiella pneumoniae
GCA_031100935.1,2,treino,C2: carbapenemase serina (plasm. 61%),Acinetobacter baumannii
GCA_003321135.1,4,treino,C4: carbapenemase serina + metilase 16S (plasm. 58%),Klebsiella pneumoniae
GCA_029889725.1,5,treino,C5: sem mecanismo principal adquirido,Klebsiella pneumoniae
GCA_022758745.1,5,treino,C5: sem mecanismo principal adquirido,Escherichia coli
GCA_024006975.1,2,treino,C2: carbapenemase serina (plasm. 61%),Enterobacter hormaechei
GCA_002245595.1,2,treino,C2: carbapenemase serina (plasm. 61%),Acinetobacter baumannii
GCA_003651405.1,5,treino,C5: sem mecanismo principal adquirido,Escherichia coli
GCA_011037635.1,4,treino,C4: carbapenemase serina + metilase 16S (plasm. 58%),Klebsiella pneumoniae
GCA_052183645.1,5,treino,C5: sem mecanismo principal adquirido,Escherichia coli
GCA_051169295.1,4,treino,C4: carbapenemase serina + metilase 16S (plasm. 58%),Acinetobacter baumannii
GCA_003321255.1,3,treino,C3: carbapenemase serina + ESBL (plasm. 96%),Klebsiella pneumoniae
GCA_029079695.1,2,treino,C2: carbapenemase serina (plasm. 61%),Klebsiella pneumoniae
GCA_022182345.1,3,treino,C3: carbapenemase serina + ESBL (plasm. 96%),Klebsiella pneumoniae
GCA_051170765.1,4,treino,C4: carbapenemase serina + metilase 16S (plasm. 58%),Acinetobacter baumannii
GCA_016056195.1,1,treino,C1: ESBL sem carbapenemase,Klebsiella pneumoniae
GCA_002157345.1,1,treino,C1: ESBL sem carbapenemase,Klebsiella pneumoniae
GCA_052049315.1,2,treino,C2: carbapenemase serina (plasm. 61%),Klebsiella pneumoniae
GCA_029589455.1,5,treino,C5: sem mecanismo principal adquirido,Escherichia coli
GCA_007648165.1,5,treino,C5: sem mecanismo principal adquirido,Escherichia coli
GCA_052184095.1,1,treino,C1: ESBL sem carbapenemase,Escherichia coli
GCA_028440125.1,2,treino,C2: carbapenemase serina (plasm. 61%),Acinetobacter baumannii
GCA_022209725.1,0,treino,C0: MBL + ESBL (plasm. 80%),Klebsiella pneumoniae
GCF_001420385.1,2,treino,C2: carbapenemase serina (plasm. 61%),Acinetobacter baumannii
GCA_022694365.1,5,treino,C5: sem mecanismo principal adquirido,Escherichia coli
GCF_001649555.1,5,treino,C5: sem mecanismo principal adquirido,Yersinia enterocolitica
GCA_054067235.1,3,treino,C3: carbapenemase serina + ESBL (plasm. 96%),Klebsiella pneumoniae
GCA_014451235.1,4,treino,C4: carbapenemase serina + metilase 16S (plasm. 58%),Klebsiella pneumoniae
GCA_031009685.1,2,treino,C2: carbapenemase serina (plasm. 61%),Klebsiella pneumoniae
GCA_018156665.1,2,treino,C2: carbapenemase serina (plasm. 61%),Acinetobacter baumannii
GCA_011037715.1,2,treino,C2: carbapenemase serina (plasm. 61%),Klebsiella pneumoniae
GCA_052049355.1,3,treino,C3: carbapenemase serina + ESBL (plasm. 96%),Klebsiella pneumoniae
GCA_007646955.1,5,treino,C5: sem mecanismo principal adquirido,Escherichia coli
GCA_026223155.1,0,treino,C0: MBL + ESBL (plasm. 80%),Klebsiella pneumoniae
GCA_042991555.1,3,treino,C3: carbapenemase serina + ESBL (plasm. 96%),Klebsiella pneumoniae
GCA_052943375.1,5,treino,C5: sem mecanismo principal adquirido,Escherichia coli
GCA_015537905.1,2,treino,C2: carbapenemase serina (plasm. 61%),Acinetobacter baumannii
GCA_022359595.1,5,treino,C5: sem mecanismo principal adquirido,Klebsiella pneumoniae
GCF_001649765.1,2,treino,C2: carbapenemase serina (plasm. 61%),Acinetobacter baumannii
GCA_021402995.1,4,treino,C4: carbapenemase serina + metilase 16S (plasm. 58%),Acinetobacter baumannii
GCA_040493775.1,3,treino,C3: carbapenemase serina + ESBL (plasm. 96%),Klebsiella pneumoniae
GCA_016881485.1,3,treino,C3: carbapenemase serina + ESBL (plasm. 96%),Klebsiella pneumoniae
GCA_021736085.1,5,treino,C5: sem mecanismo principal adquirido,Escherichia coli
GCA_029079635.1,2,treino,C2: carbapenemase serina (plasm. 61%),Klebsiella pneumoniae
GCA_016991175.1,1,treino,C1: ESBL sem carbapenemase,Escherichia coli
GCA_002887435.1,5,treino,C5: sem mecanismo principal adquirido,Klebsiella pneumoniae
GCA_026223065.1,0,treino,C0: MBL + ESBL (plasm. 80%),Klebsiella pneumoniae
GCA_000355215.1,5,treino,C5: sem mecanismo principal adquirido,Escherichia coli
GCA_051169635.1,4,treino,C4: carbapenemase serina + metilase 16S (plasm. 58%),Acinetobacter baumannii
GCA_052184015.1,1,treino,C1: ESBL sem carbapenemase,Escherichia coli
GCA_041215515.1,4,treino,C4: carbapenemase serina + metilase 16S (plasm. 58%),Klebsiella pneumoniae
GCA_003432105.1,3,treino,C3: carbapenemase serina + ESBL (plasm. 96%),Klebsiella pneumoniae
GCA_022694305.1,5,treino,C5: sem mecanismo principal adquirido,Escherichia coli
GCA_011037865.1,4,treino,C4: carbapenemase serina + metilase 16S (plasm. 58%),Klebsiella pneumoniae
GCA_029076285.1,3,treino,C3: carbapenemase serina + ESBL (plasm. 96%),Klebsiella pneumoniae
GCA_031630735.1,0,treino,C0: MBL + ESBL (plasm. 80%),Citrobacter freundii
GCA_011037555.1,3,treino,C3: carbapenemase serina + ESBL (plasm. 96%),Klebsiella pneumoniae
GCA_030551015.1,4,treino,C4: carbapenemase serina + metilase 16S (plasm. 58%),Acinetobacter baumannii
GCA_023060185.1,2,treino,C2: carbapenemase serina (plasm. 61%),Acinetobacter baumannii
GCA_023572585.1,0,treino,C0: MBL + ESBL (plasm. 80%),Enterobacter hormaechei
GCA_022210325.1,3,treino,C3: carbapenemase serina + ESBL (plasm. 96%),Klebsiella pneumoniae
GCA_016881425.1,2,treino,C2: carbapenemase serina (plasm. 61%),Klebsiella pneumoniae
GCA_016055535.1,4,treino,C4: carbapenemase serina + metilase 16S (plasm. 58%),Klebsiella pneumoniae
GCA_029078945.1,4,treino,C4: carbapenemase serina + metilase 16S (plasm. 58%),Klebsiella pneumoniae
GCA_007646825.1,5,treino,C5: sem mecanismo principal adquirido,Escherichia coli
GCA_018423675.1,3,treino,C3: carbapenemase serina + ESBL (plasm. 96%),Klebsiella pneumoniae
GCA_039677745.1,0,treino,C0: MBL + ESBL (plasm. 80%),Acinetobacter baumannii
GCA_011037755.1,3,treino,C3: carbapenemase serina + ESBL (plasm. 96%),Klebsiella pneumoniae
GCA_052049335.1,1,treino,C1: ESBL sem carbapenemase,Klebsiella pneumoniae
GCA_041221405.1,1,treino,C1: ESBL sem carbapenemase,Klebsiella pneumoniae
GCA_053613435.1,0,treino,C0: MBL + ESBL (plasm. 80%),Klebsiella pneumoniae
GCA_022023335.1,3,treino,C3: carbapenemase serina + ESBL (plasm. 96%),Klebsiella pneumoniae
GCA_022758395.1,5,treino,C5: sem mecanismo principal adquirido,Escherichia coli
GCA_022304995.1,3,treino,C3: carbapenemase serina + ESBL (plasm. 96%),Klebsiella pneumoniae
GCA_033955015.2,0,treino,C0: MBL + ESBL (plasm. 80%),Klebsiella pneumoniae
GCA_024651825.1,1,treino,C1: ESBL sem carbapenemase,Klebsiella pneumoniae
GCA_042862905.1,2,treino,C2: carbapenemase serina (plasm. 61%),Acinetobacter baumannii
GCA_036890245.1,2,treino,C2: carbapenemase serina (plasm. 61%),Escherichia coli
GCA_029076175.1,2,treino,C2: carbapenemase serina (plasm. 61%),Klebsiella pneumoniae
GCA_011037885.1,4,treino,C4: carbapenemase serina + metilase 16S (plasm. 58%),Klebsiella pneumoniae
GCA_054066695.1,2,treino,C2: carbapenemase serina (plasm. 61%),Klebsiella pneumoniae
GCA_054551855.1,3,treino,C3: carbapenemase serina + ESBL (plasm. 96%),Enterobacter roggenkampii
GCA_042875955.1,5,treino,C5: sem mecanismo principal adquirido,Proteus mirabilis
GCA_023572325.1,0,treino,C0: MBL + ESBL (plasm. 80%),Klebsiella pneumoniae
GCA_051169125.1,4,treino,C4: carbapenemase serina + metilase 16S (plasm. 58%),Acinetobacter baumannii
GCA_023572235.1,0,treino,C0: MBL + ESBL (plasm. 80%),Klebsiella pneumoniae
GCA_013425845.1,2,treino,C2: carbapenemase serina (plasm. 61%),Serratia marcescens
GCA_042607505.1,0,treino,C0: MBL + ESBL (plasm. 80%),Klebsiella pneumoniae
GCA_028439855.1,2,treino,C2: carbapenemase serina (plasm. 61%),Acinetobacter baumannii
GCA_048970035.1,2,treino,C2: carbapenemase serina (plasm. 61%),Klebsiella pneumoniae
GCA_009828675.1,2,treino,C2: carbapenemase serina (plasm. 61%),Acinetobacter baumannii
GCA_024813855.1,3,treino,C3: carbapenemase serina + ESBL (plasm. 96%),Klebsiella pneumoniae
GCA_022321375.1,3,treino,C3: carbapenemase serina + ESBL (plasm. 96%),Klebsiella pneumoniae
GCA_011038315.1,3,treino,C3: carbapenemase serina + ESBL (plasm. 96%),Klebsiella pneumoniae
GCA_051047975.1,0,treino,C0: MBL + ESBL (plasm. 80%),Klebsiella quasipneumoniae
GCA_029078955.1,2,treino,C2: carbapenemase serina (plasm. 61%),Klebsiella pneumoniae
GCA_022209525.1,3,treino,C3: carbapenemase serina + ESBL (plasm. 96%),Klebsiella pneumoniae
GCA_016055715.1,2,treino,C2: carbapenemase serina (plasm. 61%),Acinetobacter baumannii
GCA_022210695.1,2,treino,C2: carbapenemase serina (plasm. 61%),Klebsiella pneumoniae
GCA_007646855.1,5,treino,C5: sem mecanismo principal adquirido,Escherichia coli
GCA_029079045.1,3,treino,C3: carbapenemase serina + ESBL (plasm. 96%),Klebsiella pneumoniae
GCA_007646835.1,5,treino,C5: sem mecanismo principal adquirido,Escherichia coli
GCA_003651275.1,5,treino,C5: sem mecanismo principal adquirido,Escherichia coli
GCA_024813875.1,3,treino,C3: carbapenemase serina + ESBL (plasm. 96%),Klebsiella pneumoniae
GCA_023060455.1,1,treino,C1: ESBL sem carbapenemase,Serratia marcescens
GCA_054068555.1,2,treino,C2: carbapenemase serina (plasm. 61%),Klebsiella pneumoniae
GCA_052048895.1,3,treino,C3: carbapenemase serina + ESBL (plasm. 96%),Klebsiella pneumoniae
GCA_054069015.1,3,treino,C3: carbapenemase serina + ESBL (plasm. 96%),Klebsiella pneumoniae
GCA_001720345.1,3,treino,C3: carbapenemase serina + ESBL (plasm. 96%),Klebsiella pneumoniae
GCA_042992615.1,5,treino,C5: sem mecanismo principal adquirido,Klebsiella pneumoniae
GCA_016991655.1,1,treino,C1: ESBL sem carbapenemase,Escherichia coli
GCA_054478355.1,5,treino,C5: sem mecanismo principal adquirido,Escherichia coli
GCA_052049415.1,4,treino,C4: carbapenemase serina + metilase 16S (plasm. 58%),Klebsiella pneumoniae
GCA_016485105.1,2,treino,C2: carbapenemase serina (plasm. 61%),Acinetobacter baumannii
GCA_015666395.1,0,treino,C0: MBL + ESBL (plasm. 80%),Klebsiella pneumoniae
GCA_016991675.1,5,treino,C5: sem mecanismo principal adquirido,Escherichia coli
GCA_052997405.1,1,treino,C1: ESBL sem carbapenemase,Escherichia coli
GCA_021021095.1,4,treino,C4: carbapenemase serina + metilase 16S (plasm. 58%),Klebsiella pneumoniae
GCA_016991995.1,1,treino,C1: ESBL sem carbapenemase,Escherichia coli
GCA_007646635.1,5,treino,C5: sem mecanismo principal adquirido,Escherichia coli
GCA_022210165.1,2,treino,C2: carbapenemase serina (plasm. 61%),Klebsiella pneumoniae
GCA_022209495.1,2,treino,C2: carbapenemase serina (plasm. 61%),Klebsiella pneumoniae
GCA_023059255.1,0,treino,C0: MBL + ESBL (plasm. 80%),Klebsiella pneumoniae
GCA_900322595.1,3,treino,C3: carbapenemase serina + ESBL (plasm. 96%),Klebsiella pneumoniae
GCA_022022895.1,4,treino,C4: carbapenemase serina + metilase 16S (plasm. 58%),Klebsiella pneumoniae
GCA_031630635.1,0,treino,C0: MBL + ESBL (plasm. 80%),Enterobacter hormaechei
GCA_021021175.1,4,treino,C4: carbapenemase serina + metilase 16S (plasm. 58%),Klebsiella pneumoniae
GCA_049546755.1,2,treino,C2: carbapenemase serina (plasm. 61%),Klebsiella quasipneumoniae
GCA_012515875.1,5,treino,C5: sem mecanismo principal adquirido,Acinetobacter baumannii
GCA_041221925.1,1,treino,C1: ESBL sem carbapenemase,Klebsiella pneumoniae
GCA_003326365.1,4,treino,C4: carbapenemase serina + metilase 16S (plasm. 58%),Klebsiella pneumoniae
GCA_022023635.1,2,treino,C2: carbapenemase serina (plasm. 61%),Klebsiella pneumoniae
GCA_016991575.1,1,treino,C1: ESBL sem carbapenemase,Escherichia coli
GCA_052049095.1,4,treino,C4: carbapenemase serina + metilase 16S (plasm. 58%),Klebsiella pneumoniae
GCA_022023395.1,3,treino,C3: carbapenemase serina + ESBL (plasm. 96%),Klebsiella pneumoniae
GCA_042992595.1,2,treino,C2: carbapenemase serina (plasm. 61%),Klebsiella pneumoniae
GCA_018920475.1,5,treino,C5: sem mecanismo principal adquirido,Klebsiella pneumoniae
GCA_016055345.1,0,treino,C0: MBL + ESBL (plasm. 80%),Klebsiella pneumoniae
GCA_016056105.1,3,treino,C3: carbapenemase serina + ESBL (plasm. 96%),Klebsiella pneumoniae
GCA_052388695.1,5,treino,C5: sem mecanismo principal adquirido,Klebsiella pneumoniae
GCA_019201835.1,1,treino,C1: ESBL sem carbapenemase,Escherichia coli
GCA_026223455.1,0,treino,C0: MBL + ESBL (plasm. 80%),Klebsiella pneumoniae
GCA_007647865.1,5,treino,C5: sem mecanismo principal adquirido,Escherichia coli
GCA_022023295.1,2,treino,C2: carbapenemase serina (plasm. 61%),Klebsiella pneumoniae
GCA_026239565.1,0,treino,C0: MBL + ESBL (plasm. 80%),Acinetobacter baumannii
GCA_002104175.1,3,treino,C3: carbapenemase serina + ESBL (plasm. 96%),Klebsiella pneumoniae
GCA_052048855.1,3,treino,C3: carbapenemase serina + ESBL (plasm. 96%),Klebsiella pneumoniae
GCA_029761775.1,2,treino,C2: carbapenemase serina (plasm. 61%),Acinetobacter baumannii
GCA_031630335.1,0,treino,C0: MBL + ESBL (plasm. 80%),Morganella morganii
GCA_003204685.1,2,treino,C2: carbapenemase serina (plasm. 61%),Serratia marcescens
GCA_026223195.1,0,treino,C0: MBL + ESBL (plasm. 80%),Klebsiella quasipneumoniae
GCA_041222145.1,4,treino,C4: carbapenemase serina + metilase 16S (plasm. 58%),Klebsiella pneumoniae
GCA_041221885.1,1,treino,C1: ESBL sem carbapenemase,Klebsiella pneumoniae
GCA_051170125.1,4,treino,C4: carbapenemase serina + metilase 16S (plasm. 58%),Acinetobacter baumannii
GCA_025698005.1,1,treino,C1: ESBL sem carbapenemase,Escherichia coli
GCA_003321315.1,2,treino,C2: carbapenemase serina (plasm. 61%),Klebsiella pneumoniae
GCA_029076145.1,2,treino,C2: carbapenemase serina (plasm. 61%),Klebsiella pneumoniae
GCA_029076375.1,3,treino,C3: carbapenemase serina + ESBL (plasm. 96%),Klebsiella pneumoniae
GCA_042607715.1,0,treino,C0: MBL + ESBL (plasm. 80%),Klebsiella pneumoniae
GCA_007649015.1,5,treino,C5: sem mecanismo principal adquirido,Escherichia coli
GCA_022209905.1,3,treino,C3: carbapenemase serina + ESBL (plasm. 96%),Klebsiella pneumoniae
GCA_036927775.1,5,treino,C5: sem mecanismo principal adquirido,Escherichia coli
GCA_029079125.1,3,treino,C3: carbapenemase serina + ESBL (plasm. 96%),Klebsiella pneumoniae
GCF_001649875.1,2,treino,C2: carbapenemase serina (plasm. 61%),Acinetobacter baumannii
GCA_031010955.1,3,treino,C3: carbapenemase serina + ESBL (plasm. 96%),Klebsiella pneumoniae
GCA_028864085.1,5,treino,C5: sem mecanismo principal adquirido,Escherichia coli
GCA_054832165.1,1,treino,C1: ESBL sem carbapenemase,Escherichia coli
GCA_022170285.1,3,treino,C3: carbapenemase serina + ESBL (plasm. 96%),Klebsiella aerogenes
GCA_054832255.1,1,treino,C1: ESBL sem carbapenemase,Escherichia coli
GCA_054832125.1,1,treino,C1: ESBL sem carbapenemase,Escherichia coli
GCA_023806685.1,3,treino,C3: carbapenemase serina + ESBL (plasm. 96%),Enterobacter hormaechei
GCA_003095455.1,3,treino,C3: carbapenemase serina + ESBL (plasm. 96%),Klebsiella pneumoniae
GCA_041216295.1,4,treino,C4: carbapenemase serina + metilase 16S (plasm. 58%),Klebsiella pneumoniae
GCA_022694405.1,1,treino,C1: ESBL sem carbapenemase,Escherichia coli
GCA_054066315.1,3,treino,C3: carbapenemase serina + ESBL (plasm. 96%),Klebsiella pneumoniae
GCA_021496095.1,4,treino,C4: carbapenemase serina + metilase 16S (plasm. 58%),Klebsiella pneumoniae
GCA_024386135.1,2,treino,C2: carbapenemase serina (plasm. 61%),Escherichia coli
GCA_054068675.1,3,treino,C3: carbapenemase serina + ESBL (plasm. 96%),Klebsiella pneumoniae
GCA_054067715.1,4,treino,C4: carbapenemase serina + metilase 16S (plasm. 58%),Klebsiella pneumoniae
GCA_051169675.1,4,treino,C4: carbapenemase serina + metilase 16S (plasm. 58%),Acinetobacter baumannii
GCA_043109455.1,0,treino,C0: MBL + ESBL (plasm. 80%),Enterobacter hormaechei
GCA_054478005.1,5,treino,C5: sem mecanismo principal adquirido,Escherichia coli
GCA_007648315.1,5,treino,C5: sem mecanismo principal adquirido,Escherichia coli
GCA_003173295.1,5,treino,C5: sem mecanismo principal adquirido,Escherichia coli
GCA_029079325.1,3,treino,C3: carbapenemase serina + ESBL (plasm. 96%),Klebsiella pneumoniae
GCA_007647345.1,5,treino,C5: sem mecanismo principal adquirido,Escherichia coli
GCA_015537285.1,2,treino,C2: carbapenemase serina (plasm. 61%),Acinetobacter baumannii
GCA_054068255.1,2,treino,C2: carbapenemase serina (plasm. 61%),Klebsiella pneumoniae
GCA_022023235.1,2,treino,C2: carbapenemase serina (plasm. 61%),Klebsiella pneumoniae
GCA_015537125.1,2,treino,C2: carbapenemase serina (plasm. 61%),Acinetobacter baumannii
GCF_001715345.1,0,treino,C0: MBL + ESBL (plasm. 80%),Klebsiella quasipneumoniae
GCA_042607485.1,0,treino,C0: MBL + ESBL (plasm. 80%),Klebsiella pneumoniae
GCF_001649955.1,2,treino,C2: carbapenemase serina (plasm. 61%),Acinetobacter baumannii
GCA_015536975.1,2,treino,C2: carbapenemase serina (plasm. 61%),Acinetobacter baumannii
GCA_036575225.1,0,treino,C0: MBL + ESBL (plasm. 80%),Klebsiella quasipneumoniae
GCA_022023195.1,4,treino,C4: carbapenemase serina + metilase 16S (plasm. 58%),Klebsiella pneumoniae
GCA_054067815.1,2,treino,C2: carbapenemase serina (plasm. 61%),Klebsiella pneumoniae
GCA_054068575.1,3,treino,C3: carbapenemase serina + ESBL (plasm. 96%),Klebsiella pneumoniae
GCA_022210985.1,3,treino,C3: carbapenemase serina + ESBL (plasm. 96%),Klebsiella pneumoniae
GCA_002300765.1,2,treino,C2: carbapenemase serina (plasm. 61%),Klebsiella pneumoniae
GCA_042607525.1,0,treino,C0: MBL + ESBL (plasm. 80%),Klebsiella pneumoniae
GCA_015536845.1,2,treino,C2: carbapenemase serina (plasm. 61%),Acinetobacter baumannii
GCA_031630435.1,0,treino,C0: MBL + ESBL (plasm. 80%),Escherichia coli
GCA_003204835.1,2,treino,C2: carbapenemase serina (plasm. 61%),Serratia marcescens
GCA_009651075.1,3,treino,C3: carbapenemase serina + ESBL (plasm. 96%),Klebsiella pneumoniae
GCA_052492735.1,4,treino,C4: carbapenemase serina + metilase 16S (plasm. 58%),Acinetobacter baumannii
GCA_022023175.1,2,treino,C2: carbapenemase serina (plasm. 61%),Klebsiella pneumoniae
GCA_036927615.1,5,treino,C5: sem mecanismo principal adquirido,Escherichia coli
GCA_014500805.1,2,treino,C2: carbapenemase serina (plasm. 61%),Klebsiella pneumoniae
GCA_036851855.1,0,treino,C0: MBL + ESBL (plasm. 80%),Klebsiella quasipneumoniae
GCA_026191935.1,1,treino,C1: ESBL sem carbapenemase,Klebsiella pneumoniae
GCA_022758365.1,5,treino,C5: sem mecanismo principal adquirido,Escherichia coli
GCA_051170465.1,4,treino,C4: carbapenemase serina + metilase 16S (plasm. 58%),Acinetobacter baumannii
GCA_024584885.1,5,treino,C5: sem mecanismo principal adquirido,Escherichia coli
GCA_022210345.1,2,treino,C2: carbapenemase serina (plasm. 61%),Klebsiella pneumoniae
GCA_009183735.1,5,treino,C5: sem mecanismo principal adquirido,Proteus mirabilis
GCA_004211775.1,5,treino,C5: sem mecanismo principal adquirido,Escherichia coli
GCA_002133385.1,1,treino,C1: ESBL sem carbapenemase,Escherichia coli
GCA_003321235.1,1,treino,C1: ESBL sem carbapenemase,Klebsiella pneumoniae
GCA_052492555.1,4,treino,C4: carbapenemase serina + metilase 16S (plasm. 58%),Acinetobacter baumannii
GCA_038433285.1,3,treino,C3: carbapenemase serina + ESBL (plasm. 96%),Klebsiella pneumoniae
GCA_048966225.1,5,treino,C5: sem mecanismo principal adquirido,Enterobacter asburiae
GCA_028440335.1,2,treino,C2: carbapenemase serina (plasm. 61%),Acinetobacter baumannii
GCA_025971805.1,0,treino,C0: MBL + ESBL (plasm. 80%),Acinetobacter baumannii
GCA_052049255.1,5,treino,C5: sem mecanismo principal adquirido,Klebsiella pneumoniae
GCA_054478115.1,5,treino,C5: sem mecanismo principal adquirido,Escherichia coli
GCA_009898155.1,0,treino,C0: MBL + ESBL (plasm. 80%),Klebsiella pneumoniae
GCA_026223415.1,0,treino,C0: MBL + ESBL (plasm. 80%),Klebsiella quasipneumoniae
GCA_025234845.1,1,treino,C1: ESBL sem carbapenemase,Serratia marcescens
GCA_054068695.1,3,treino,C3: carbapenemase serina + ESBL (plasm. 96%),Klebsiella pneumoniae
GCA_022209465.1,3,treino,C3: carbapenemase serina + ESBL (plasm. 96%),Klebsiella pneumoniae
GCA_052183495.1,1,treino,C1: ESBL sem carbapenemase,Escherichia coli
GCF_002018935.1,2,treino,C2: carbapenemase serina (plasm. 61%),Acinetobacter baumannii
GCA_052049015.1,4,treino,C4: carbapenemase serina + metilase 16S (plasm. 58%),Klebsiella pneumoniae
GCA_019202585.1,1,treino,C1: ESBL sem carbapenemase,Escherichia coli
GCA_014451135.1,1,treino,C1: ESBL sem carbapenemase,Klebsiella pneumoniae
GCA_007647325.1,5,treino,C5: sem mecanismo principal adquirido,Escherichia coli
GCA_053613655.1,4,treino,C4: carbapenemase serina + metilase 16S (plasm. 58%),Klebsiella pneumoniae
GCA_011812805.1,1,treino,C1: ESBL sem carbapenemase,Escherichia coli
GCA_026222845.1,0,treino,C0: MBL + ESBL (plasm. 80%),Klebsiella pneumoniae
GCA_048970335.1,5,treino,C5: sem mecanismo principal adquirido,Klebsiella pneumoniae
GCA_016991535.1,1,treino,C1: ESBL sem carbapenemase,Escherichia coli
GCA_022694025.1,5,treino,C5: sem mecanismo principal adquirido,Escherichia coli
GCA_023059275.1,1,treino,C1: ESBL sem carbapenemase,Klebsiella pneumoniae
GCA_052184135.1,1,treino,C1: ESBL sem carbapenemase,Escherichia coli
GCA_022758815.1,5,treino,C5: sem mecanismo principal adquirido,Escherichia coli
GCA_016991115.1,1,treino,C1: ESBL sem carbapenemase,Escherichia coli
GCA_051169065.1,4,treino,C4: carbapenemase serina + metilase 16S (plasm. 58%),Acinetobacter baumannii
GCA_004282845.1,4,treino,C4: carbapenemase serina + metilase 16S (plasm. 58%),Acinetobacter baumannii
GCA_041220685.1,1,treino,C1: ESBL sem carbapenemase,Klebsiella pneumoniae
GCA_051842225.1,4,treino,C4: carbapenemase serina + metilase 16S (plasm. 58%),Acinetobacter baumannii
GCA_011038295.1,5,treino,C5: sem mecanismo principal adquirido,Klebsiella pneumoniae
GCA_003812485.1,2,treino,C2: carbapenemase serina (plasm. 61%),Acinetobacter baumannii
GCA_022023655.1,3,treino,C3: carbapenemase serina + ESBL (plasm. 96%),Klebsiella pneumoniae
GCA_000355195.1,5,treino,C5: sem mecanismo principal adquirido,Escherichia coli
GCA_029076185.1,4,treino,C4: carbapenemase serina + metilase 16S (plasm. 58%),Klebsiella pneumoniae
GCA_006151965.1,2,treino,C2: carbapenemase serina (plasm. 61%),Klebsiella quasipneumoniae
GCA_011812795.1,5,treino,C5: sem mecanismo principal adquirido,Escherichia coli
GCA_022209365.1,2,treino,C2: carbapenemase serina (plasm. 61%),Klebsiella pneumoniae
GCA_024650705.1,5,treino,C5: sem mecanismo principal adquirido,Klebsiella pneumoniae
GCA_052049175.1,4,treino,C4: carbapenemase serina + metilase 16S (plasm. 58%),Klebsiella pneumoniae
GCA_016055995.1,3,treino,C3: carbapenemase serina + ESBL (plasm. 96%),Klebsiella pneumoniae
GCA_011038095.1,4,treino,C4: carbapenemase serina + metilase 16S (plasm. 58%),Klebsiella pneumoniae
GCA_900322635.1,5,treino,C5: sem mecanismo principal adquirido,Klebsiella pneumoniae
GCA_042607545.1,0,treino,C0: MBL + ESBL (plasm. 80%),Klebsiella pneumoniae
GCA_053613375.1,2,treino,C2: carbapenemase serina (plasm. 61%),Klebsiella pneumoniae
GCA_016055895.1,3,treino,C3: carbapenemase serina + ESBL (plasm. 96%),Klebsiella pneumoniae
GCA_002467725.1,5,treino,C5: sem mecanismo principal adquirido,Escherichia coli
GCA_015538025.1,2,treino,C2: carbapenemase serina (plasm. 61%),Acinetobacter baumannii
GCA_026223175.1,0,treino,C0: MBL + ESBL (plasm. 80%),Klebsiella pneumoniae
GCA_051842305.1,4,treino,C4: carbapenemase serina + metilase 16S (plasm. 58%),Acinetobacter baumannii
GCA_052036375.1,1,treino,C1: ESBL sem carbapenemase,Klebsiella pneumoniae
GCA_016055305.1,0,treino,C0: MBL + ESBL (plasm. 80%),Klebsiella pneumoniae
GCA_039677705.1,0,treino,C0: MBL + ESBL (plasm. 80%),Acinetobacter baumannii
GCA_029079495.1,3,treino,C3: carbapenemase serina + ESBL (plasm. 96%),Klebsiella pneumoniae
GCA_051169825.1,4,treino,C4: carbapenemase serina + metilase 16S (plasm. 58%),Acinetobacter baumannii
GCA_054068315.1,2,treino,C2: carbapenemase serina (plasm. 61%),Klebsiella pneumoniae
GCA_030551075.1,4,treino,C4: carbapenemase serina + metilase 16S (plasm. 58%),Acinetobacter baumannii
GCA_003789135.1,3,treino,C3: carbapenemase serina + ESBL (plasm. 96%),Kluyvera ascorbata
GCA_020589645.1,5,treino,C5: sem mecanismo principal adquirido,Klebsiella pneumoniae
GCA_015537345.1,2,treino,C2: carbapenemase serina (plasm. 61%),Acinetobacter baumannii
GCA_041221385.1,1,treino,C1: ESBL sem carbapenemase,Klebsiella pneumoniae
GCA_024650745.1,1,treino,C1: ESBL sem carbapenemase,Klebsiella pneumoniae
GCA_019833705.1,1,treino,C1: ESBL sem carbapenemase,Escherichia coli
GCA_054478155.1,5,treino,C5: sem mecanismo principal adquirido,Escherichia coli
GCA_024650545.1,5,treino,C5: sem mecanismo principal adquirido,Klebsiella pneumoniae
GCA_022023095.1,3,treino,C3: carbapenemase serina + ESBL (plasm. 96%),Klebsiella pneumoniae
GCA_028440385.1,2,treino,C2: carbapenemase serina (plasm. 61%),Acinetobacter baumannii
GCA_016055015.1,2,treino,C2: carbapenemase serina (plasm. 61%),Acinetobacter baumannii
GCA_023060205.1,3,treino,C3: carbapenemase serina + ESBL (plasm. 96%),Klebsiella pneumoniae
GCA_011037245.1,2,treino,C2: carbapenemase serina (plasm. 61%),Klebsiella pneumoniae
GCA_022210125.1,4,treino,C4: carbapenemase serina + metilase 16S (plasm. 58%),Klebsiella pneumoniae
GCA_022210845.1,3,treino,C3: carbapenemase serina + ESBL (plasm. 96%),Klebsiella pneumoniae
GCA_015536925.1,2,treino,C2: carbapenemase serina (plasm. 61%),Acinetobacter baumannii
GCA_036662875.1,1,treino,C1: ESBL sem carbapenemase,Klebsiella pneumoniae
GCF_001662715.1,5,treino,C5: sem mecanismo principal adquirido,Klebsiella aerogenes
GCA_011812915.1,1,treino,C1: ESBL sem carbapenemase,Escherichia coli
GCA_007648865.1,5,treino,C5: sem mecanismo principal adquirido,Escherichia coli
GCA_002845925.1,5,treino,C5: sem mecanismo principal adquirido,Klebsiella pneumoniae
GCF_001649975.1,2,treino,C2: carbapenemase serina (plasm. 61%),Acinetobacter baumannii
GCA_041358095.1,4,treino,C4: carbapenemase serina + metilase 16S (plasm. 58%),Klebsiella pneumoniae
GCA_030551145.1,4,treino,C4: carbapenemase serina + metilase 16S (plasm. 58%),Acinetobacter baumannii
GCA_026223615.1,1,treino,C1: ESBL sem carbapenemase,Klebsiella pneumoniae
GCA_024650725.1,1,treino,C1: ESBL sem carbapenemase,Klebsiella pneumoniae
GCA_029078785.1,3,treino,C3: carbapenemase serina + ESBL (plasm. 96%),Klebsiella pneumoniae
GCA_054069515.1,3,treino,C3: carbapenemase serina + ESBL (plasm. 96%),Klebsiella pneumoniae
GCA_017909475.1,2,treino,C2: carbapenemase serina (plasm. 61%),Acinetobacter baumannii
GCA_041217655.1,3,treino,C3: carbapenemase serina + ESBL (plasm. 96%),Klebsiella pneumoniae
GCA_054069635.1,3,treino,C3: carbapenemase serina + ESBL (plasm. 96%),Klebsiella pneumoniae
GCA_029079725.1,2,treino,C2: carbapenemase serina (plasm. 61%),Klebsiella pneumoniae
GCA_036575105.1,0,treino,C0: MBL + ESBL (plasm. 80%),Klebsiella quasipneumoniae
GCA_007648705.1,5,treino,C5: sem mecanismo principal adquirido,Escherichia coli
GCA_024652545.1,5,treino,C5: sem mecanismo principal adquirido,Klebsiella pneumoniae
GCA_007646615.1,5,treino,C5: sem mecanismo principal adquirido,Escherichia coli
GCA_022305095.1,1,treino,C1: ESBL sem carbapenemase,Klebsiella pneumoniae
GCA_023060995.1,2,treino,C2: carbapenemase serina (plasm. 61%),Klebsiella pneumoniae
GCA_052184465.1,1,treino,C1: ESBL sem carbapenemase,Escherichia coli
GCA_007646735.1,5,treino,C5: sem mecanismo principal adquirido,Escherichia coli
GCA_024651155.1,3,treino,C3: carbapenemase serina + ESBL (plasm. 96%),Klebsiella pneumoniae
GCA_002736085.1,5,treino,C5: sem mecanismo principal adquirido,Escherichia coli
GCA_051170685.1,4,treino,C4: carbapenemase serina + metilase 16S (plasm. 58%),Acinetobacter baumannii
GCA_007648085.1,5,treino,C5: sem mecanismo principal adquirido,Escherichia coli
GCA_029080045.1,3,treino,C3: carbapenemase serina + ESBL (plasm. 96%),Klebsiella pneumoniae
GCA_024652675.1,1,treino,C1: ESBL sem carbapenemase,Klebsiella pneumoniae
GCA_029079265.1,1,treino,C1: ESBL sem carbapenemase,Klebsiella pneumoniae
GCA_054832305.1,1,treino,C1: ESBL sem carbapenemase,Escherichia coli
GCA_026223435.1,0,treino,C0: MBL + ESBL (plasm. 80%),Klebsiella pneumoniae
GCA_022209965.1,3,treino,C3: carbapenemase serina + ESBL (plasm. 96%),Klebsiella pneumoniae
GCA_029079995.1,3,treino,C3: carbapenemase serina + ESBL (plasm. 96%),Klebsiella pneumoniae
GCA_026223485.1,1,treino,C1: ESBL sem carbapenemase,Klebsiella variicola
GCA_024650605.1,5,treino,C5: sem mecanismo principal adquirido,Klebsiella pneumoniae
GCA_031010985.1,2,treino,C2: carbapenemase serina (plasm. 61%),Klebsiella pneumoniae
GCA_015666325.1,3,treino,C3: carbapenemase serina + ESBL (plasm. 96%),Klebsiella pneumoniae
GCA_000316425.1,5,treino,C5: sem mecanismo principal adquirido,Escherichia coli
GCA_039677765.1,0,treino,C0: MBL + ESBL (plasm. 80%),Acinetobacter baumannii
GCA_029076075.1,4,treino,C4: carbapenemase serina + metilase 16S (plasm. 58%),Klebsiella pneumoniae
GCA_054030975.1,1,treino,C1: ESBL sem carbapenemase,Klebsiella pneumoniae
GCA_003651415.1,5,treino,C5: sem mecanismo principal adquirido,Escherichia coli
GCA_025950485.1,0,treino,C0: MBL + ESBL (plasm. 80%),Acinetobacter baumannii
GCA_029080005.1,3,treino,C3: carbapenemase serina + ESBL (plasm. 96%),Klebsiella pneumoniae
GCA_018423715.1,3,treino,C3: carbapenemase serina + ESBL (plasm. 96%),Klebsiella pneumoniae
GCA_028440525.1,2,treino,C2: carbapenemase serina (plasm. 61%),Acinetobacter baumannii
GCA_042875995.1,5,treino,C5: sem mecanismo principal adquirido,Proteus mirabilis
GCA_022209825.1,2,treino,C2: carbapenemase serina (plasm. 61%),Klebsiella pneumoniae
GCA_016485245.1,2,treino,C2: carbapenemase serina (plasm. 61%),Acinetobacter baumannii
GCA_016991875.1,1,treino,C1: ESBL sem carbapenemase,Escherichia coli
GCA_016055395.1,0,treino,C0: MBL + ESBL (plasm. 80%),Klebsiella pneumoniae
GCA_028440245.1,2,treino,C2: carbapenemase serina (plasm. 61%),Acinetobacter baumannii
GCA_007648535.1,5,treino,C5: sem mecanismo principal adquirido,Escherichia coli
GCA_002763515.1,5,treino,C5: sem mecanismo principal adquirido,Escherichia coli
GCA_016991975.1,1,treino,C1: ESBL sem carbapenemase,Escherichia coli
GCA_006152045.1,1,treino,C1: ESBL sem carbapenemase,Klebsiella pneumoniae
GCA_016055635.1,3,treino,C3: carbapenemase serina + ESBL (plasm. 96%),Klebsiella pneumoniae
GCA_026222945.1,0,treino,C0: MBL + ESBL (plasm. 80%),Klebsiella pneumoniae
GCA_016056045.1,2,treino,C2: carbapenemase serina (plasm. 61%),Acinetobacter baumannii
GCA_026223115.1,0,treino,C0: MBL + ESBL (plasm. 80%),Klebsiella pneumoniae
GCA_014451245.1,3,treino,C3: carbapenemase serina + ESBL (plasm. 96%),Klebsiella pneumoniae
GCF_001649605.1,5,treino,C5: sem mecanismo principal adquirido,Klebsiella aerogenes
GCA_023061055.1,1,treino,C1: ESBL sem carbapenemase,Escherichia coli
GCA_003574235.1,0,treino,C0: MBL + ESBL (plasm. 80%),Klebsiella pneumoniae
GCA_041901425.1,0,treino,C0: MBL + ESBL (plasm. 80%),Klebsiella michiganensis
GCA_022023155.1,4,treino,C4: carbapenemase serina + metilase 16S (plasm. 58%),Klebsiella pneumoniae
GCA_019201715.1,5,treino,C5: sem mecanismo principal adquirido,Escherichia coli
GCA_051170305.1,4,treino,C4: carbapenemase serina + metilase 16S (plasm. 58%),Acinetobacter baumannii
GCA_019202215.1,1,treino,C1: ESBL sem carbapenemase,Escherichia coli
GCA_042991495.1,5,treino,C5: sem mecanismo principal adquirido,Klebsiella pneumoniae
GCA_051169925.1,4,treino,C4: carbapenemase serina + metilase 16S (plasm. 58%),Acinetobacter baumannii
GCA_002459605.1,5,treino,C5: sem mecanismo principal adquirido,Escherichia coli
GCA_024650325.1,1,treino,C1: ESBL sem carbapenemase,Klebsiella pneumoniae
GCA_036575125.1,0,treino,C0: MBL + ESBL (plasm. 80%),Klebsiella pneumoniae
GCA_002104315.1,3,treino,C3: carbapenemase serina + ESBL (plasm. 96%),Klebsiella pneumoniae
GCA_016991195.1,1,treino,C1: ESBL sem carbapenemase,Escherichia coli
GCA_019202135.1,1,treino,C1: ESBL sem carbapenemase,Escherichia coli
GCA_023061075.1,3,treino,C3: carbapenemase serina + ESBL (plasm. 96%),Enterobacter asburiae
GCA_041219915.1,1,treino,C1: ESBL sem carbapenemase,Klebsiella pneumoniae
GCF_001649795.1,2,treino,C2: carbapenemase serina (plasm. 61%),Acinetobacter baumannii
GCA_052492795.1,4,treino,C4: carbapenemase serina + metilase 16S (plasm. 58%),Acinetobacter baumannii
GCA_041222695.1,1,treino,C1: ESBL sem carbapenemase,Klebsiella pneumoniae
GCA_023572705.1,1,treino,C1: ESBL sem carbapenemase,Escherichia coli
GCA_019202175.1,1,treino,C1: ESBL sem carbapenemase,Escherichia coli
GCA_015537765.1,2,treino,C2: carbapenemase serina (plasm. 61%),Acinetobacter baumannii
GCA_022758665.1,5,treino,C5: sem mecanismo principal adquirido,Escherichia coli
GCA_016990475.1,1,treino,C1: ESBL sem carbapenemase,Escherichia coli
GCA_054069355.1,2,treino,C2: carbapenemase serina (plasm. 61%),Klebsiella pneumoniae
GCA_023061085.1,3,treino,C3: carbapenemase serina + ESBL (plasm. 96%),Enterobacter hormaechei
GCA_026223135.1,0,treino,C0: MBL + ESBL (plasm. 80%),Klebsiella pneumoniae
GCA_016991435.1,1,treino,C1: ESBL sem carbapenemase,Escherichia coli
GCF_002019025.1,2,treino,C2: carbapenemase serina (plasm. 61%),Acinetobacter baumannii
GCA_031630495.1,0,treino,C0: MBL + ESBL (plasm. 80%),Escherichia coli
GCF_002018995.1,2,treino,C2: carbapenemase serina (plasm. 61%),Acinetobacter baumannii
GCA_052183855.1,1,treino,C1: ESBL sem carbapenemase,Escherichia coli
GCA_024651775.1,1,treino,C1: ESBL sem carbapenemase,Klebsiella pneumoniae
GCA_024055855.1,3,treino,C3: carbapenemase serina + ESBL (plasm. 96%),Enterobacter hormaechei
GCA_002951595.1,2,treino,C2: carbapenemase serina (plasm. 61%),Klebsiella pneumoniae
GCA_003651345.1,5,treino,C5: sem mecanismo principal adquirido,Escherichia coli
GCA_029078905.1,3,treino,C3: carbapenemase serina + ESBL (plasm. 96%),Klebsiella pneumoniae
GCA_007646925.1,5,treino,C5: sem mecanismo principal adquirido,Escherichia coli
GCA_052185355.1,5,treino,C5: sem mecanismo principal adquirido,Escherichia coli
GCA_022023055.1,4,treino,C4: carbapenemase serina + metilase 16S (plasm. 58%),Klebsiella pneumoniae
GCA_022544755.1,2,treino,C2: carbapenemase serina (plasm. 61%),Klebsiella pneumoniae
GCA_024651065.1,5,treino,C5: sem mecanismo principal adquirido,Klebsiella pneumoniae
GCA_003326375.1,2,treino,C2: carbapenemase serina (plasm. 61%),Klebsiella pneumoniae
GCA_054068855.1,2,treino,C2: carbapenemase serina (plasm. 61%),Klebsiella pneumoniae
GCA_038433245.1,3,treino,C3: carbapenemase serina + ESBL (plasm. 96%),Klebsiella pneumoniae
GCA_051842265.1,4,treino,C4: carbapenemase serina + metilase 16S (plasm. 58%),Acinetobacter baumannii
GCF_001500225.1,5,treino,C5: sem mecanismo principal adquirido,Acinetobacter baumannii
GCA_054067315.1,2,treino,C2: carbapenemase serina (plasm. 61%),Klebsiella pneumoniae
GCA_016055935.1,1,treino,C1: ESBL sem carbapenemase,Klebsiella pneumoniae
GCA_041222195.1,1,treino,C1: ESBL sem carbapenemase,Klebsiella pneumoniae
GCA_011037675.1,3,treino,C3: carbapenemase serina + ESBL (plasm. 96%),Klebsiella pneumoniae
GCA_052492675.1,4,treino,C4: carbapenemase serina + metilase 16S (plasm. 58%),Acinetobacter baumannii
GCA_019334205.1,5,treino,C5: sem mecanismo principal adquirido,Klebsiella pneumoniae
GCA_003204565.1,2,treino,C2: carbapenemase serina (plasm. 61%),Serratia marcescens
GCA_019250015.1,5,treino,C5: sem mecanismo principal adquirido,Escherichia coli
GCA_054066375.1,4,treino,C4: carbapenemase serina + metilase 16S (plasm. 58%),Klebsiella pneumoniae
GCA_024650265.1,5,treino,C5: sem mecanismo principal adquirido,Klebsiella pneumoniae
GCA_007647975.1,5,treino,C5: sem mecanismo principal adquirido,Escherichia coli
GCA_004116855.1,5,treino,C5: sem mecanismo principal adquirido,Escherichia coli
GCA_021020975.1,3,treino,C3: carbapenemase serina + ESBL (plasm. 96%),Klebsiella pneumoniae
GCA_022210265.1,3,treino,C3: carbapenemase serina + ESBL (plasm. 96%),Klebsiella pneumoniae
GCA_003321155.1,2,treino,C2: carbapenemase serina (plasm. 61%),Klebsiella pneumoniae
GCA_003204595.1,2,treino,C2: carbapenemase serina (plasm. 61%),Serratia marcescens
GCA_052183735.1,1,treino,C1: ESBL sem carbapenemase,Escherichia coli
GCA_041213435.1,1,treino,C1: ESBL sem carbapenemase,Klebsiella pneumoniae
GCA_051170825.1,4,treino,C4: carbapenemase serina + metilase 16S (plasm. 58%),Acinetobacter baumannii
GCA_054049035.1,2,treino,C2: carbapenemase serina (plasm. 61%),Klebsiella pneumoniae
GCA_012102235.1,4,treino,C4: carbapenemase serina + metilase 16S (plasm. 58%),Klebsiella pneumoniae
GCA_015538165.1,2,treino,C2: carbapenemase serina (plasm. 61%),Acinetobacter baumannii
GCA_052943395.2,5,treino,C5: sem mecanismo principal adquirido,Escherichia coli
GCA_051170385.1,4,treino,C4: carbapenemase serina + metilase 16S (plasm. 58%),Acinetobacter baumannii
GCA_007648325.1,5,treino,C5: sem mecanismo principal adquirido,Escherichia coli
GCA_011038035.1,4,treino,C4: carbapenemase serina + metilase 16S (plasm. 58%),Klebsiella pneumoniae
GCA_007644345.1,5,treino,C5: sem mecanismo principal adquirido,Escherichia coli
GCA_024505645.1,0,treino,C0: MBL + ESBL (plasm. 80%),Acinetobacter baumannii
GCA_037052625.1,0,treino,C0: MBL + ESBL (plasm. 80%),Klebsiella pneumoniae
GCA_022209445.1,3,treino,C3: carbapenemase serina + ESBL (plasm. 96%),Klebsiella pneumoniae
GCA_030551065.1,4,treino,C4: carbapenemase serina + metilase 16S (plasm. 58%),Acinetobacter baumannii
GCA_031921625.1,0,treino,C0: MBL + ESBL (plasm. 80%),Providencia stuartii
GCA_052184575.1,5,treino,C5: sem mecanismo principal adquirido,Escherichia coli
GCA_031009665.1,3,treino,C3: carbapenemase serina + ESBL (plasm. 96%),Klebsiella pneumoniae
GCA_036927655.1,5,treino,C5: sem mecanismo principal adquirido,Escherichia coli
GCA_002154935.1,4,treino,C4: carbapenemase serina + metilase 16S (plasm. 58%),Enterobacter hormaechei
GCA_052184195.1,5,treino,C5: sem mecanismo principal adquirido,Escherichia coli
GCA_052184455.1,1,treino,C1: ESBL sem carbapenemase,Escherichia coli
GCA_015537535.1,2,treino,C2: carbapenemase serina (plasm. 61%),Acinetobacter baumannii
GCA_022694035.1,5,treino,C5: sem mecanismo principal adquirido,Escherichia coli
GCA_024655305.1,2,treino,C2: carbapenemase serina (plasm. 61%),Enterobacter cloacae
GCA_052183675.1,1,treino,C1: ESBL sem carbapenemase,Escherichia coli
GCA_011037925.1,3,treino,C3: carbapenemase serina + ESBL (plasm. 96%),Klebsiella pneumoniae
GCA_018156745.1,2,treino,C2: carbapenemase serina (plasm. 61%),Acinetobacter baumannii
GCA_051169615.1,4,treino,C4: carbapenemase serina + metilase 16S (plasm. 58%),Acinetobacter baumannii
GCA_011037375.1,3,treino,C3: carbapenemase serina + ESBL (plasm. 96%),Klebsiella pneumoniae
GCA_015537045.1,2,treino,C2: carbapenemase serina (plasm. 61%),Acinetobacter baumannii
GCA_015537485.1,5,treino,C5: sem mecanismo principal adquirido,Acinetobacter baumannii
GCA_023060615.1,5,treino,C5: sem mecanismo principal adquirido,Enterobacter bugandensis
GCA_013138415.1,2,treino,C2: carbapenemase serina (plasm. 61%),Acinetobacter baumannii
GCA_007647575.1,5,treino,C5: sem mecanismo principal adquirido,Escherichia coli
GCA_031630675.1,0,treino,C0: MBL + ESBL (plasm. 80%),Citrobacter portucalensis
GCA_020589795.1,1,treino,C1: ESBL sem carbapenemase,Klebsiella pneumoniae
GCA_042607725.1,0,treino,C0: MBL + ESBL (plasm. 80%),Klebsiella pneumoniae
GCA_016991885.1,1,treino,C1: ESBL sem carbapenemase,Escherichia coli
GCA_016055435.1,3,treino,C3: carbapenemase serina + ESBL (plasm. 96%),Klebsiella pneumoniae
GCA_022023215.1,4,treino,C4: carbapenemase serina + metilase 16S (plasm. 58%),Klebsiella pneumoniae
GCA_007648615.1,5,treino,C5: sem mecanismo principal adquirido,Escherichia coli
GCA_052184695.1,1,treino,C1: ESBL sem carbapenemase,Escherichia coli
GCA_022758465.1,1,treino,C1: ESBL sem carbapenemase,Escherichia coli
GCA_016485165.1,2,treino,C2: carbapenemase serina (plasm. 61%),Acinetobacter baumannii
GCA_013180525.1,3,treino,C3: carbapenemase serina + ESBL (plasm. 96%),Klebsiella pneumoniae
GCA_007648225.1,5,treino,C5: sem mecanismo principal adquirido,Escherichia coli
GCA_052184515.1,1,treino,C1: ESBL sem carbapenemase,Escherichia coli
GCA_031011105.1,3,treino,C3: carbapenemase serina + ESBL (plasm. 96%),Klebsiella pneumoniae
GCA_031101015.1,2,treino,C2: carbapenemase serina (plasm. 61%),Acinetobacter baumannii
GCA_003204805.1,1,treino,C1: ESBL sem carbapenemase,Serratia marcescens
GCA_049381405.1,2,treino,C2: carbapenemase serina (plasm. 61%),Klebsiella pneumoniae
GCA_024389435.1,2,treino,C2: carbapenemase serina (plasm. 61%),Escherichia coli
GCA_022210745.1,3,treino,C3: carbapenemase serina + ESBL (plasm. 96%),Klebsiella pneumoniae
GCA_019201975.1,5,treino,C5: sem mecanismo principal adquirido,Escherichia coli
GCA_004282835.1,4,treino,C4: carbapenemase serina + metilase 16S (plasm. 58%),Acinetobacter baumannii
GCA_041218905.1,2,treino,C2: carbapenemase serina (plasm. 61%),Klebsiella pneumoniae
GCA_052183795.1,1,treino,C1: ESBL sem carbapenemase,Escherichia coli
GCA_016055695.1,3,treino,C3: carbapenemase serina + ESBL (plasm. 96%),Klebsiella pneumoniae
GCA_022023355.1,2,treino,C2: carbapenemase serina (plasm. 61%),Klebsiella pneumoniae
GCA_008369545.1,0,treino,C0: MBL + ESBL (plasm. 80%),Pseudocitrobacter sp.
GCA_054068995.1,2,treino,C2: carbapenemase serina (plasm. 61%),Klebsiella pneumoniae
GCA_015666275.1,2,treino,C2: carbapenemase serina (plasm. 61%),Acinetobacter baumannii
GCA_016055445.1,0,treino,C0: MBL + ESBL (plasm. 80%),Klebsiella pneumoniae
GCA_024650925.1,1,treino,C1: ESBL sem carbapenemase,Klebsiella pneumoniae
GCA_007646785.1,5,treino,C5: sem mecanismo principal adquirido,Escherichia coli
GCA_024813535.1,2,treino,C2: carbapenemase serina (plasm. 61%),Klebsiella pneumoniae
GCA_052185115.1,1,treino,C1: ESBL sem carbapenemase,Escherichia coli
GCA_029079205.1,3,treino,C3: carbapenemase serina + ESBL (plasm. 96%),Klebsiella pneumoniae
GCA_024814275.1,3,treino,C3: carbapenemase serina + ESBL (plasm. 96%),Klebsiella pneumoniae
GCA_016990855.1,5,treino,C5: sem mecanismo principal adquirido,Escherichia coli
GCA_003326385.1,2,treino,C2: carbapenemase serina (plasm. 61%),Klebsiella pneumoniae
GCA_024055765.1,1,treino,C1: ESBL sem carbapenemase,Enterobacter hormaechei
GCA_054068815.1,3,treino,C3: carbapenemase serina + ESBL (plasm. 96%),Klebsiella pneumoniae
GCA_029076265.1,2,treino,C2: carbapenemase serina (plasm. 61%),Klebsiella pneumoniae
GCA_022758385.1,5,treino,C5: sem mecanismo principal adquirido,Escherichia coli
GCA_051169175.1,4,treino,C4: carbapenemase serina + metilase 16S (plasm. 58%),Acinetobacter baumannii
GCA_012274385.1,5,treino,C5: sem mecanismo principal adquirido,Klebsiella variicola
GCA_016485325.1,2,treino,C2: carbapenemase serina (plasm. 61%),Acinetobacter baumannii
GCA_052048915.1,4,treino,C4: carbapenemase serina + metilase 16S (plasm. 58%),Klebsiella pneumoniae
GCA_021021115.1,4,treino,C4: carbapenemase serina + metilase 16S (plasm. 58%),Klebsiella pneumoniae
GCA_028435975.1,2,treino,C2: carbapenemase serina (plasm. 61%),Acinetobacter baumannii
GCA_024055755.1,0,treino,C0: MBL + ESBL (plasm. 80%),Enterobacter hormaechei
GCA_015538125.1,2,treino,C2: carbapenemase serina (plasm. 61%),Acinetobacter baumannii
GCA_019837225.1,1,treino,C1: ESBL sem carbapenemase,Klebsiella pneumoniae
GCA_021020835.1,4,treino,C4: carbapenemase serina + metilase 16S (plasm. 58%),Klebsiella pneumoniae
GCA_018021275.1,1,treino,C1: ESBL sem carbapenemase,Escherichia coli
GCA_007648285.1,5,treino,C5: sem mecanismo principal adquirido,Escherichia coli
GCA_013293985.1,1,treino,C1: ESBL sem carbapenemase,Escherichia coli
GCA_054048825.1,3,treino,C3: carbapenemase serina + ESBL (plasm. 96%),Klebsiella pneumoniae
GCA_051169195.1,4,treino,C4: carbapenemase serina + metilase 16S (plasm. 58%),Acinetobacter baumannii
GCA_052036725.1,0,treino,C0: MBL + ESBL (plasm. 80%),Klebsiella pneumoniae
GCA_016760405.1,5,treino,C5: sem mecanismo principal adquirido,Escherichia coli
GCA_052184055.1,1,treino,C1: ESBL sem carbapenemase,Escherichia coli
GCA_021568735.1,1,treino,C1: ESBL sem carbapenemase,Klebsiella pneumoniae
GCA_029079985.1,2,treino,C2: carbapenemase serina (plasm. 61%),Klebsiella pneumoniae
GCA_024650305.1,1,treino,C1: ESBL sem carbapenemase,Klebsiella pneumoniae
GCA_036575175.1,0,treino,C0: MBL + ESBL (plasm. 80%),Klebsiella quasipneumoniae
GCA_016055875.1,0,treino,C0: MBL + ESBL (plasm. 80%),Klebsiella quasipneumoniae
GCA_003097475.1,4,treino,C4: carbapenemase serina + metilase 16S (plasm. 58%),Klebsiella pneumoniae
GCA_052183375.1,1,treino,C1: ESBL sem carbapenemase,Escherichia coli
GCA_023572275.1,2,treino,C2: carbapenemase serina (plasm. 61%),Acinetobacter baumannii
GCA_041214325.1,2,treino,C2: carbapenemase serina (plasm. 61%),Klebsiella pneumoniae
GCA_030026945.2,1,treino,C1: ESBL sem carbapenemase,Klebsiella pneumoniae
GCA_022321245.1,3,treino,C3: carbapenemase serina + ESBL (plasm. 96%),Klebsiella pneumoniae
GCA_035615435.1,4,treino,C4: carbapenemase serina + metilase 16S (plasm. 58%),Klebsiella pneumoniae
GCA_051169805.1,4,treino,C4: carbapenemase serina + metilase 16S (plasm. 58%),Acinetobacter baumannii
GCA_053059375.1,1,treino,C1: ESBL sem carbapenemase,Escherichia coli
GCA_006517525.1,1,treino,C1: ESBL sem carbapenemase,Providencia stuartii
GCA_022210245.1,3,treino,C3: carbapenemase serina + ESBL (plasm. 96%),Klebsiella pneumoniae
GCA_051170785.1,4,treino,C4: carbapenemase serina + metilase 16S (plasm. 58%),Acinetobacter baumannii
GCA_011038365.1,4,treino,C4: carbapenemase serina + metilase 16S (plasm. 58%),Klebsiella pneumoniae
GCA_019202635.1,5,treino,C5: sem mecanismo principal adquirido,Escherichia coli
GCA_022694175.1,5,treino,C5: sem mecanismo principal adquirido,Escherichia coli
GCA_023572345.1,0,treino,C0: MBL + ESBL (plasm. 80%),Klebsiella pneumoniae
GCA_051169495.1,2,treino,C2: carbapenemase serina (plasm. 61%),Acinetobacter baumannii
GCA_026223265.1,0,treino,C0: MBL + ESBL (plasm. 80%),Klebsiella pneumoniae
GCA_016881585.1,2,treino,C2: carbapenemase serina (plasm. 61%),Klebsiella pneumoniae
GCA_019202035.1,1,treino,C1: ESBL sem carbapenemase,Escherichia coli
GCA_016991855.1,4,treino,C4: carbapenemase serina + metilase 16S (plasm. 58%),Escherichia coli
GCA_022660815.1,5,treino,C5: sem mecanismo principal adquirido,Acinetobacter baumannii
GCA_022304435.1,2,treino,C2: carbapenemase serina (plasm. 61%),Klebsiella pneumoniae
GCA_022320905.1,3,treino,C3: carbapenemase serina + ESBL (plasm. 96%),Klebsiella pneumoniae
GCA_022210665.1,3,treino,C3: carbapenemase serina + ESBL (plasm. 96%),Klebsiella pneumoniae
GCF_002019035.1,2,treino,C2: carbapenemase serina (plasm. 61%),Acinetobacter baumannii
GCA_048970235.1,3,treino,C3: carbapenemase serina + ESBL (plasm. 96%),Klebsiella pneumoniae
GCA_023059265.1,2,treino,C2: carbapenemase serina (plasm. 61%),Klebsiella pneumoniae
GCA_011038065.1,4,treino,C4: carbapenemase serina + metilase 16S (plasm. 58%),Klebsiella pneumoniae
GCA_007648525.1,5,treino,C5: sem mecanismo principal adquirido,Escherichia coli
GCA_028440005.1,2,treino,C2: carbapenemase serina (plasm. 61%),Acinetobacter baumannii
GCA_020615425.1,3,treino,C3: carbapenemase serina + ESBL (plasm. 96%),Klebsiella pneumoniae
GCA_002154825.1,3,treino,C3: carbapenemase serina + ESBL (plasm. 96%),Klebsiella pneumoniae
GCA_016485085.1,2,treino,C2: carbapenemase serina (plasm. 61%),Acinetobacter baumannii
GCA_018423665.1,2,treino,C2: carbapenemase serina (plasm. 61%),Klebsiella pneumoniae
GCA_023060655.1,4,treino,C4: carbapenemase serina + metilase 16S (plasm. 58%),Acinetobacter baumannii
GCA_002105205.2,3,treino,C3: carbapenemase serina + ESBL (plasm. 96%),Klebsiella pneumoniae
GCA_029076345.1,3,treino,C3: carbapenemase serina + ESBL (plasm. 96%),Klebsiella pneumoniae
GCA_045115755.1,1,treino,C1: ESBL sem carbapenemase,Proteus mirabilis
GCA_022023365.1,4,treino,C4: carbapenemase serina + metilase 16S (plasm. 58%),Klebsiella pneumoniae
GCA_054069555.1,2,treino,C2: carbapenemase serina (plasm. 61%),Klebsiella pneumoniae
GCA_016055795.1,0,treino,C0: MBL + ESBL (plasm. 80%),Klebsiella pneumoniae
GCA_013180385.1,1,treino,C1: ESBL sem carbapenemase,Klebsiella pneumoniae
GCA_007648015.1,5,treino,C5: sem mecanismo principal adquirido,Escherichia coli
GCA_054069815.1,3,treino,C3: carbapenemase serina + ESBL (plasm. 96%),Klebsiella pneumoniae
GCA_022209685.1,2,treino,C2: carbapenemase serina (plasm. 61%),Klebsiella pneumoniae
GCA_026223255.1,0,treino,C0: MBL + ESBL (plasm. 80%),Klebsiella pneumoniae
GCA_022023115.1,4,treino,C4: carbapenemase serina + metilase 16S (plasm. 58%),Klebsiella pneumoniae
GCA_007644285.1,5,treino,C5: sem mecanismo principal adquirido,Escherichia coli
GCA_052049155.1,3,treino,C3: carbapenemase serina + ESBL (plasm. 96%),Klebsiella pneumoniae
GCA_007648215.1,5,treino,C5: sem mecanismo principal adquirido,Escherichia coli
GCA_022210285.1,2,treino,C2: carbapenemase serina (plasm. 61%),Klebsiella pneumoniae
GCA_026222735.1,0,treino,C0: MBL + ESBL (plasm. 80%),Klebsiella pneumoniae
GCF_001718115.1,4,treino,C4: carbapenemase serina + metilase 16S (plasm. 58%),Klebsiella pneumoniae
GCA_019201615.1,5,treino,C5: sem mecanismo principal adquirido,Escherichia coli
GCA_016991015.1,5,treino,C5: sem mecanismo principal adquirido,Escherichia coli
GCA_051169235.1,4,treino,C4: carbapenemase serina + metilase 16S (plasm. 58%),Acinetobacter baumannii
GCA_041221895.1,2,treino,C2: carbapenemase serina (plasm. 61%),Klebsiella pneumoniae
GCA_052389055.1,4,treino,C4: carbapenemase serina + metilase 16S (plasm. 58%),Klebsiella pneumoniae
GCA_015538105.1,2,treino,C2: carbapenemase serina (plasm. 61%),Acinetobacter baumannii
GCA_003204935.1,2,treino,C2: carbapenemase serina (plasm. 61%),Serratia marcescens
GCA_052049045.1,3,treino,C3: carbapenemase serina + ESBL (plasm. 96%),Klebsiella pneumoniae
GCA_016991475.1,1,treino,C1: ESBL sem carbapenemase,Escherichia coli
GCA_029080125.1,4,treino,C4: carbapenemase serina + metilase 16S (plasm. 58%),Klebsiella pneumoniae
GCA_023572675.1,3,treino,C3: carbapenemase serina + ESBL (plasm. 96%),Klebsiella pneumoniae
GCA_003326285.1,4,treino,C4: carbapenemase serina + metilase 16S (plasm. 58%),Klebsiella pneumoniae
GCA_029078815.1,3,treino,C3: carbapenemase serina + ESBL (plasm. 96%),Klebsiella pneumoniae
GCA_054048725.1,5,treino,C5: sem mecanismo principal adquirido,Klebsiella pneumoniae
GCA_051170185.1,4,treino,C4: carbapenemase serina + metilase 16S (plasm. 58%),Acinetobacter baumannii
GCA_022023315.1,2,treino,C2: carbapenemase serina (plasm. 61%),Klebsiella pneumoniae
GCA_002300755.1,1,treino,C1: ESBL sem carbapenemase,Klebsiella pneumoniae
GCA_043848735.1,3,treino,C3: carbapenemase serina + ESBL (plasm. 96%),Klebsiella pneumoniae
GCA_023060545.1,0,treino,C0: MBL + ESBL (plasm. 80%),Providencia stuartii
GCA_028435895.1,2,treino,C2: carbapenemase serina (plasm. 61%),Acinetobacter baumannii
GCA_015536955.1,2,treino,C2: carbapenemase serina (plasm. 61%),Acinetobacter baumannii
GCA_031009725.1,3,treino,C3: carbapenemase serina + ESBL (plasm. 96%),Klebsiella pneumoniae
GCA_015537245.1,2,treino,C2: carbapenemase serina (plasm. 61%),Acinetobacter baumannii
GCA_024650065.1,1,treino,C1: ESBL sem carbapenemase,Klebsiella pneumoniae
GCA_003183875.1,5,treino,C5: sem mecanismo principal adquirido,Escherichia coli
GCA_015537975.1,2,treino,C2: carbapenemase serina (plasm. 61%),Acinetobacter baumannii
GCA_022694225.1,5,treino,C5: sem mecanismo principal adquirido,Escherichia coli
GCA_012955825.1,2,treino,C2: carbapenemase serina (plasm. 61%),Acinetobacter baumannii
GCA_029079375.1,2,treino,C2: carbapenemase serina (plasm. 61%),Klebsiella pneumoniae
GCA_022321305.1,3,treino,C3: carbapenemase serina + ESBL (plasm. 96%),Klebsiella pneumoniae
GCA_054067335.1,2,treino,C2: carbapenemase serina (plasm. 61%),Klebsiella pneumoniae
GCA_001611715.1,0,treino,C0: MBL + ESBL (plasm. 80%),Escherichia coli
GCA_021648785.1,1,treino,C1: ESBL sem carbapenemase,Klebsiella pneumoniae
GCA_026222935.1,0,treino,C0: MBL + ESBL (plasm. 80%),Klebsiella pneumoniae
GCA_006151945.1,0,treino,C0: MBL + ESBL (plasm. 80%),Klebsiella quasipneumoniae
GCA_041221755.1,2,treino,C2: carbapenemase serina (plasm. 61%),Klebsiella pneumoniae
GCA_023060035.1,2,treino,C2: carbapenemase serina (plasm. 61%),Serratia marcescens
GCA_052036585.1,5,treino,C5: sem mecanismo principal adquirido,Klebsiella pneumoniae
GCA_023572785.1,3,treino,C3: carbapenemase serina + ESBL (plasm. 96%),Escherichia coli
GCA_003326435.1,3,treino,C3: carbapenemase serina + ESBL (plasm. 96%),Klebsiella pneumoniae
GCA_024650505.1,5,treino,C5: sem mecanismo principal adquirido,Klebsiella pneumoniae
GCA_054068395.1,3,treino,C3: carbapenemase serina + ESBL (plasm. 96%),Klebsiella pneumoniae
GCA_016055655.1,0,treino,C0: MBL + ESBL (plasm. 80%),Klebsiella pneumoniae
GCA_016990795.1,5,treino,C5: sem mecanismo principal adquirido,Escherichia coli
GCA_052216425.1,0,treino,C0: MBL + ESBL (plasm. 80%),Klebsiella pneumoniae
GCA_042607645.1,0,treino,C0: MBL + ESBL (plasm. 80%),Klebsiella pneumoniae
GCA_052545275.1,4,treino,C4: carbapenemase serina + metilase 16S (plasm. 58%),Acinetobacter baumannii
GCA_029079745.1,3,treino,C3: carbapenemase serina + ESBL (plasm. 96%),Klebsiella pneumoniae
GCA_015537415.1,2,treino,C2: carbapenemase serina (plasm. 61%),Acinetobacter baumannii
GCA_028440325.1,2,treino,C2: carbapenemase serina (plasm. 61%),Acinetobacter baumannii
GCA_022023535.1,2,treino,C2: carbapenemase serina (plasm. 61%),Klebsiella pneumoniae
GCA_042939275.1,2,treino,C2: carbapenemase serina (plasm. 61%),Acinetobacter baumannii
GCA_052049495.1,0,treino,C0: MBL + ESBL (plasm. 80%),Klebsiella pneumoniae
GCA_021021015.1,4,treino,C4: carbapenemase serina + metilase 16S (plasm. 58%),Klebsiella pneumoniae
GCA_022210205.1,3,treino,C3: carbapenemase serina + ESBL (plasm. 96%),Klebsiella pneumoniae
GCA_011037515.1,2,treino,C2: carbapenemase serina (plasm. 61%),Klebsiella pneumoniae
GCA_009898185.1,0,treino,C0: MBL + ESBL (plasm. 80%),Klebsiella pneumoniae
GCA_014451255.1,3,treino,C3: carbapenemase serina + ESBL (plasm. 96%),Klebsiella pneumoniae
GCA_053613595.1,4,treino,C4: carbapenemase serina + metilase 16S (plasm. 58%),Klebsiella pneumoniae
GCA_007644335.1,5,treino,C5: sem mecanismo principal adquirido,Escherichia coli
GCA_007647455.1,5,treino,C5: sem mecanismo principal adquirido,Escherichia coli
GCA_022694095.1,5,treino,C5: sem mecanismo principal adquirido,Escherichia coli
GCA_022210405.1,2,treino,C2: carbapenemase serina (plasm. 61%),Klebsiella pneumoniae
GCA_024650155.1,4,treino,C4: carbapenemase serina + metilase 16S (plasm. 58%),Klebsiella pneumoniae
GCA_014451175.1,3,treino,C3: carbapenemase serina + ESBL (plasm. 96%),Klebsiella pneumoniae
GCA_014500865.1,1,treino,C1: ESBL sem carbapenemase,Klebsiella pneumoniae
GCA_051169375.1,4,treino,C4: carbapenemase serina + metilase 16S (plasm. 58%),Acinetobacter baumannii
GCA_022210805.1,2,treino,C2: carbapenemase serina (plasm. 61%),Klebsiella pneumoniae
GCA_009829535.1,2,treino,C2: carbapenemase serina (plasm. 61%),Acinetobacter baumannii
GCA_040223795.1,2,treino,C2: carbapenemase serina (plasm. 61%),Acinetobacter baumannii
GCA_026223775.1,0,treino,C0: MBL + ESBL (plasm. 80%),Klebsiella pneumoniae
GCA_002099165.1,3,treino,C3: carbapenemase serina + ESBL (plasm. 96%),Klebsiella pneumoniae
GCA_021020855.1,4,treino,C4: carbapenemase serina + metilase 16S (plasm. 58%),Klebsiella pneumoniae
GCA_028440365.1,2,treino,C2: carbapenemase serina (plasm. 61%),Acinetobacter baumannii
GCA_048976455.1,5,treino,C5: sem mecanismo principal adquirido,Serratia marcescens
GCA_022758865.1,5,treino,C5: sem mecanismo principal adquirido,Escherichia coli
GCA_016054825.1,2,treino,C2: carbapenemase serina (plasm. 61%),Klebsiella pneumoniae
GCA_029477905.1,2,treino,C2: carbapenemase serina (plasm. 61%),Acinetobacter baumannii
GCA_022170325.1,2,treino,C2: carbapenemase serina (plasm. 61%),Klebsiella aerogenes
GCA_023060535.1,5,treino,C5: sem mecanismo principal adquirido,Enterobacter cloacae
GCA_022209545.1,3,treino,C3: carbapenemase serina + ESBL (plasm. 96%),Klebsiella pneumoniae
GCA_016991835.1,1,treino,C1: ESBL sem carbapenemase,Escherichia coli
GCA_003326395.1,3,treino,C3: carbapenemase serina + ESBL (plasm. 96%),Klebsiella pneumoniae
GCA_052049455.1,1,treino,C1: ESBL sem carbapenemase,Klebsiella pneumoniae
GCA_051170045.1,4,treino,C4: carbapenemase serina + metilase 16S (plasm. 58%),Acinetobacter baumannii
GCA_054066715.1,2,treino,C2: carbapenemase serina (plasm. 61%),Klebsiella pneumoniae
GCA_009901805.1,5,treino,C5: sem mecanismo principal adquirido,Escherichia coli
GCA_023893895.1,2,treino,C2: carbapenemase serina (plasm. 61%),Enterobacter hormaechei
GCA_007648905.1,5,treino,C5: sem mecanismo principal adquirido,Escherichia coli
GCA_052492535.1,4,treino,C4: carbapenemase serina + metilase 16S (plasm. 58%),Acinetobacter baumannii
GCA_022320865.1,3,treino,C3: carbapenemase serina + ESBL (plasm. 96%),Klebsiella pneumoniae
GCA_022209885.1,2,treino,C2: carbapenemase serina (plasm. 61%),Klebsiella pneumoniae
GCA_022758595.1,5,treino,C5: sem mecanismo principal adquirido,Escherichia coli
GCA_036662835.1,1,treino,C1: ESBL sem carbapenemase,Klebsiella pneumoniae
GCA_028440705.1,2,treino,C2: carbapenemase serina (plasm. 61%),Acinetobacter baumannii
GCA_018423805.1,3,treino,C3: carbapenemase serina + ESBL (plasm. 96%),Klebsiella pneumoniae
GCA_022210365.1,2,treino,C2: carbapenemase serina (plasm. 61%),Klebsiella pneumoniae
GCA_035968235.1,0,treino,C0: MBL + ESBL (plasm. 80%),Klebsiella pneumoniae
GCA_018156725.1,2,treino,C2: carbapenemase serina (plasm. 61%),Acinetobacter baumannii
GCA_029078885.1,3,treino,C3: carbapenemase serina + ESBL (plasm. 96%),Klebsiella pneumoniae
GCA_022321135.1,3,treino,C3: carbapenemase serina + ESBL (plasm. 96%),Klebsiella pneumoniae
GCA_054832185.1,1,treino,C1: ESBL sem carbapenemase,Escherichia coli
GCA_054069775.1,2,treino,C2: carbapenemase serina (plasm. 61%),Klebsiella pneumoniae
GCA_052388975.1,1,treino,C1: ESBL sem carbapenemase,Klebsiella quasipneumoniae
GCA_029075925.1,3,treino,C3: carbapenemase serina + ESBL (plasm. 96%),Klebsiella pneumoniae
GCA_049102505.1,3,treino,C3: carbapenemase serina + ESBL (plasm. 96%),Klebsiella pneumoniae
GCA_029076365.1,3,treino,C3: carbapenemase serina + ESBL (plasm. 96%),Klebsiella pneumoniae
GCA_054832205.1,1,treino,C1: ESBL sem carbapenemase,Escherichia coli
GCA_030550975.1,4,treino,C4: carbapenemase serina + metilase 16S (plasm. 58%),Acinetobacter baumannii
GCA_020615675.1,3,treino,C3: carbapenemase serina + ESBL (plasm. 96%),Klebsiella pneumoniae
GCA_023572255.1,2,treino,C2: carbapenemase serina (plasm. 61%),Acinetobacter baumannii
GCA_054048905.1,3,treino,C3: carbapenemase serina + ESBL (plasm. 96%),Klebsiella pneumoniae
GCA_018021315.1,1,treino,C1: ESBL sem carbapenemase,Escherichia coli
GCA_052492635.1,4,treino,C4: carbapenemase serina + metilase 16S (plasm. 58%),Acinetobacter baumannii
GCA_028440075.1,2,treino,C2: carbapenemase serina (plasm. 61%),Acinetobacter baumannii
GCA_041222165.1,5,treino,C5: sem mecanismo principal adquirido,Klebsiella pneumoniae
GCA_042875785.1,2,treino,C2: carbapenemase serina (plasm. 61%),Proteus mirabilis
GCA_036281845.1,0,treino,C0: MBL + ESBL (plasm. 80%),Klebsiella aerogenes
GCA_006514375.1,5,treino,C5: sem mecanismo principal adquirido,Escherichia coli
GCF_001649835.1,2,treino,C2: carbapenemase serina (plasm. 61%),Acinetobacter baumannii
GCA_016991495.1,1,treino,C1: ESBL sem carbapenemase,Escherichia coli
GCA_018423825.1,3,treino,C3: carbapenemase serina + ESBL (plasm. 96%),Klebsiella pneumoniae
GCA_004359905.1,2,treino,C2: carbapenemase serina (plasm. 61%),Acinetobacter baumannii
GCA_051170325.1,4,treino,C4: carbapenemase serina + metilase 16S (plasm. 58%),Acinetobacter baumannii
GCA_002300785.1,3,treino,C3: carbapenemase serina + ESBL (plasm. 96%),Klebsiella pneumoniae
GCA_022209425.1,3,treino,C3: carbapenemase serina + ESBL (plasm. 96%),Klebsiella pneumoniae
GCA_043848795.1,1,treino,C1: ESBL sem carbapenemase,Klebsiella pneumoniae
GCF_001907935.1,5,treino,C5: sem mecanismo principal adquirido,Escherichia coli
GCA_011037335.1,3,treino,C3: carbapenemase serina + ESBL (plasm. 96%),Klebsiella pneumoniae
GCA_020589815.1,1,treino,C1: ESBL sem carbapenemase,Klebsiella pneumoniae
GCA_007648005.1,5,treino,C5: sem mecanismo principal adquirido,Escherichia coli
GCA_042938265.1,2,treino,C2: carbapenemase serina (plasm. 61%),Acinetobacter baumannii
GCA_003204795.1,2,treino,C2: carbapenemase serina (plasm. 61%),Serratia marcescens
GCA_054066795.1,2,treino,C2: carbapenemase serina (plasm. 61%),Klebsiella pneumoniae
GCA_051169765.1,4,treino,C4: carbapenemase serina + metilase 16S (plasm. 58%),Acinetobacter baumannii
GCA_051170405.1,4,treino,C4: carbapenemase serina + metilase 16S (plasm. 58%),Acinetobacter baumannii
GCA_040151215.1,0,treino,C0: MBL + ESBL (plasm. 80%),Acinetobacter baumannii
GCA_054067435.1,3,treino,C3: carbapenemase serina + ESBL (plasm. 96%),Klebsiella pneumoniae
GCA_016992015.1,5,treino,C5: sem mecanismo principal adquirido,Escherichia coli
GCA_029079805.1,2,treino,C2: carbapenemase serina (plasm. 61%),Klebsiella pneumoniae
GCA_018223905.1,1,treino,C1: ESBL sem carbapenemase,Klebsiella sp.
GCA_029080065.1,3,treino,C3: carbapenemase serina + ESBL (plasm. 96%),Klebsiella pneumoniae
GCA_054066955.1,3,treino,C3: carbapenemase serina + ESBL (plasm. 96%),Klebsiella pneumoniae
GCA_042607815.1,0,treino,C0: MBL + ESBL (plasm. 80%),Klebsiella pneumoniae
GCA_011038215.1,3,treino,C3: carbapenemase serina + ESBL (plasm. 96%),Klebsiella pneumoniae
GCA_022210765.1,3,treino,C3: carbapenemase serina + ESBL (plasm. 96%),Klebsiella pneumoniae
GCA_052048795.1,3,treino,C3: carbapenemase serina + ESBL (plasm. 96%),Klebsiella pneumoniae
GCA_016485265.1,2,treino,C2: carbapenemase serina (plasm. 61%),Acinetobacter baumannii
GCA_015536935.1,2,treino,C2: carbapenemase serina (plasm. 61%),Acinetobacter baumannii
GCA_024651025.1,5,treino,C5: sem mecanismo principal adquirido,Klebsiella pneumoniae
GCA_015537175.1,2,treino,C2: carbapenemase serina (plasm. 61%),Acinetobacter baumannii
GCA_022170345.1,3,treino,C3: carbapenemase serina + ESBL (plasm. 96%),Klebsiella aerogenes
GCA_008180245.1,5,treino,C5: sem mecanismo principal adquirido,Escherichia coli
GCA_029078855.1,4,treino,C4: carbapenemase serina + metilase 16S (plasm. 58%),Klebsiella pneumoniae
GCA_016881445.1,2,treino,C2: carbapenemase serina (plasm. 61%),Klebsiella pneumoniae
GCA_042607605.1,0,treino,C0: MBL + ESBL (plasm. 80%),Klebsiella pneumoniae
GCA_017566015.1,2,treino,C2: carbapenemase serina (plasm. 61%),Klebsiella pneumoniae
GCA_016991715.1,1,treino,C1: ESBL sem carbapenemase,Escherichia coli
GCA_026223755.1,0,treino,C0: MBL + ESBL (plasm. 80%),Klebsiella pneumoniae
GCA_029079895.1,3,treino,C3: carbapenemase serina + ESBL (plasm. 96%),Klebsiella pneumoniae
GCA_015537165.1,2,treino,C2: carbapenemase serina (plasm. 61%),Acinetobacter baumannii
GCA_022210005.1,2,treino,C2: carbapenemase serina (plasm. 61%),Klebsiella pneumoniae
GCA_009932305.1,1,treino,C1: ESBL sem carbapenemase,Escherichia coli
GCA_004118895.1,5,treino,C5: sem mecanismo principal adquirido,Escherichia coli
GCA_029076065.1,4,treino,C4: carbapenemase serina + metilase 16S (plasm. 58%),Klebsiella pneumoniae
GCA_007646555.1,5,treino,C5: sem mecanismo principal adquirido,Escherichia coli
GCA_031630255.1,0,treino,C0: MBL + ESBL (plasm. 80%),Serratia marcescens
GCA_052048935.1,4,treino,C4: carbapenemase serina + metilase 16S (plasm. 58%),Klebsiella pneumoniae
GCA_019202075.1,1,treino,C1: ESBL sem carbapenemase,Escherichia coli
GCA_041222155.1,2,treino,C2: carbapenemase serina (plasm. 61%),Klebsiella pneumoniae
GCA_019201955.1,5,treino,C5: sem mecanismo principal adquirido,Escherichia coli
GCA_022209765.1,0,treino,C0: MBL + ESBL (plasm. 80%),Klebsiella pneumoniae
GCA_052183875.1,1,treino,C1: ESBL sem carbapenemase,Escherichia coli
GCA_022304455.1,3,treino,C3: carbapenemase serina + ESBL (plasm. 96%),Klebsiella pneumoniae
GCA_016881535.1,3,treino,C3: carbapenemase serina + ESBL (plasm. 96%),Klebsiella pneumoniae
GCA_015538135.1,2,treino,C2: carbapenemase serina (plasm. 61%),Acinetobacter baumannii
GCA_052183255.1,1,treino,C1: ESBL sem carbapenemase,Escherichia coli
GCA_051842245.1,4,treino,C4: carbapenemase serina + metilase 16S (plasm. 58%),Acinetobacter baumannii
GCA_015538255.1,2,treino,C2: carbapenemase serina (plasm. 61%),Acinetobacter baumannii
GCA_026223555.1,0,treino,C0: MBL + ESBL (plasm. 80%),Klebsiella pneumoniae
GCA_052049075.1,4,treino,C4: carbapenemase serina + metilase 16S (plasm. 58%),Klebsiella pneumoniae
GCA_029078755.1,2,treino,C2: carbapenemase serina (plasm. 61%),Klebsiella pneumoniae
GCA_040148955.1,5,treino,C5: sem mecanismo principal adquirido,Escherichia coli
GCA_011037315.1,2,treino,C2: carbapenemase serina (plasm. 61%),Klebsiella pneumoniae
GCA_037890765.1,2,treino,C2: carbapenemase serina (plasm. 61%),Escherichia coli
GCA_029083905.1,2,treino,C2: carbapenemase serina (plasm. 61%),Citrobacter koseri
GCA_022694125.1,5,treino,C5: sem mecanismo principal adquirido,Escherichia coli
GCA_007648135.1,5,treino,C5: sem mecanismo principal adquirido,Escherichia coli
GCA_026223735.1,0,treino,C0: MBL + ESBL (plasm. 80%),Klebsiella pneumoniae
GCA_028439905.1,2,treino,C2: carbapenemase serina (plasm. 61%),Acinetobacter baumannii
GCA_002461645.1,5,treino,C5: sem mecanismo principal adquirido,Escherichia coli
GCA_019202015.1,1,treino,C1: ESBL sem carbapenemase,Escherichia coli
GCA_021021135.1,4,treino,C4: carbapenemase serina + metilase 16S (plasm. 58%),Klebsiella pneumoniae
GCA_019202555.1,0,treino,C0: MBL + ESBL (plasm. 80%),Escherichia coli
GCA_054832245.1,1,treino,C1: ESBL sem carbapenemase,Escherichia coli
GCA_031630395.1,0,treino,C0: MBL + ESBL (plasm. 80%),Escherichia coli
GCA_052184635.1,1,treino,C1: ESBL sem carbapenemase,Escherichia coli
GCA_022210945.1,2,treino,C2: carbapenemase serina (plasm. 61%),Klebsiella pneumoniae
GCA_052388635.1,5,treino,C5: sem mecanismo principal adquirido,Klebsiella pneumoniae
GCA_002469015.1,5,treino,C5: sem mecanismo principal adquirido,Escherichia coli
GCA_003651355.1,5,treino,C5: sem mecanismo principal adquirido,Escherichia coli
GCA_023061015.1,4,treino,C4: carbapenemase serina + metilase 16S (plasm. 58%),Klebsiella pneumoniae
GCA_016485145.1,2,treino,C2: carbapenemase serina (plasm. 61%),Acinetobacter baumannii
GCA_028440295.1,2,treino,C2: carbapenemase serina (plasm. 61%),Acinetobacter baumannii
GCA_029076085.1,2,treino,C2: carbapenemase serina (plasm. 61%),Klebsiella pneumoniae
GCA_004116595.1,5,treino,C5: sem mecanismo principal adquirido,Escherichia coli
GCA_016991455.1,1,treino,C1: ESBL sem carbapenemase,Escherichia coli
GCA_048970255.1,5,treino,C5: sem mecanismo principal adquirido,Klebsiella pneumoniae
GCA_014451215.1,3,treino,C3: carbapenemase serina + ESBL (plasm. 96%),Klebsiella pneumoniae
GCA_018423905.1,3,treino,C3: carbapenemase serina + ESBL (plasm. 96%),Klebsiella pneumoniae
GCA_029079775.1,3,treino,C3: carbapenemase serina + ESBL (plasm. 96%),Klebsiella pneumoniae
GCA_052388615.1,5,treino,C5: sem mecanismo principal adquirido,Klebsiella pneumoniae
GCA_011038155.1,3,treino,C3: carbapenemase serina + ESBL (plasm. 96%),Klebsiella pneumoniae
GCA_016056145.1,2,treino,C2: carbapenemase serina (plasm. 61%),Acinetobacter baumannii
GCA_022321445.1,3,treino,C3: carbapenemase serina + ESBL (plasm. 96%),Klebsiella pneumoniae
GCA_011037945.1,4,treino,C4: carbapenemase serina + metilase 16S (plasm. 58%),Klebsiella pneumoniae
GCA_012274355.1,5,treino,C5: sem mecanismo principal adquirido,Klebsiella variicola
GCA_022022975.1,3,treino,C3: carbapenemase serina + ESBL (plasm. 96%),Klebsiella pneumoniae
GCA_031630375.1,0,treino,C0: MBL + ESBL (plasm. 80%),Morganella morganii
GCA_011037535.1,3,treino,C3: carbapenemase serina + ESBL (plasm. 96%),Klebsiella pneumoniae
GCA_031630355.1,0,treino,C0: MBL + ESBL (plasm. 80%),Proteus vulgaris
GCA_016484955.1,2,treino,C2: carbapenemase serina (plasm. 61%),Acinetobacter baumannii
GCA_043848815.1,3,treino,C3: carbapenemase serina + ESBL (plasm. 96%),Klebsiella pneumoniae
GCA_051170525.1,4,treino,C4: carbapenemase serina + metilase 16S (plasm. 58%),Acinetobacter baumannii
GCA_011037295.1,3,treino,C3: carbapenemase serina + ESBL (plasm. 96%),Klebsiella pneumoniae
GCA_003204755.1,2,treino,C2: carbapenemase serina (plasm. 61%),Serratia marcescens
GCA_900322615.1,1,treino,C1: ESBL sem carbapenemase,Klebsiella pneumoniae
GCA_002104215.1,3,treino,C3: carbapenemase serina + ESBL (plasm. 96%),Klebsiella pneumoniae
GCA_026223095.1,0,treino,C0: MBL + ESBL (plasm. 80%),Klebsiella pneumoniae
GCA_021206795.1,3,treino,C3: carbapenemase serina + ESBL (plasm. 96%),Klebsiella pneumoniae
GCA_051170705.1,4,treino,C4: carbapenemase serina + metilase 16S (plasm. 58%),Acinetobacter baumannii
GCA_054066455.1,3,treino,C3: carbapenemase serina + ESBL (plasm. 96%),Klebsiella pneumoniae
GCA_022209665.1,0,treino,C0: MBL + ESBL (plasm. 80%),Klebsiella pneumoniae
GCA_026222955.1,0,treino,C0: MBL + ESBL (plasm. 80%),Klebsiella pneumoniae
GCA_015666515.1,2,treino,C2: carbapenemase serina (plasm. 61%),Acinetobacter baumannii
GCA_007648805.1,5,treino,C5: sem mecanismo principal adquirido,Escherichia coli
GCA_054048845.1,3,treino,C3: carbapenemase serina + ESBL (plasm. 96%),Klebsiella pneumoniae
GCA_051170425.1,4,treino,C4: carbapenemase serina + metilase 16S (plasm. 58%),Acinetobacter baumannii
GCA_005217765.1,3,treino,C3: carbapenemase serina + ESBL (plasm. 96%),Klebsiella variicola
GCA_019249915.1,1,treino,C1: ESBL sem carbapenemase,Escherichia coli
GCA_016055215.1,2,treino,C2: carbapenemase serina (plasm. 61%),Klebsiella pneumoniae
GCA_015537755.1,2,treino,C2: carbapenemase serina (plasm. 61%),Acinetobacter baumannii
GCA_015537085.1,2,treino,C2: carbapenemase serina (plasm. 61%),Acinetobacter baumannii
GCA_051170025.1,4,treino,C4: carbapenemase serina + metilase 16S (plasm. 58%),Acinetobacter baumannii
GCA_019201935.1,5,treino,C5: sem mecanismo principal adquirido,Escherichia coli
GCA_052183145.1,1,treino,C1: ESBL sem carbapenemase,Escherichia coli
GCA_016055295.1,4,treino,C4: carbapenemase serina + metilase 16S (plasm. 58%),Klebsiella pneumoniae
GCA_015538325.1,2,treino,C2: carbapenemase serina (plasm. 61%),Acinetobacter baumannii
GCA_012274365.1,5,treino,C5: sem mecanismo principal adquirido,Klebsiella variicola
GCA_021020815.1,4,treino,C4: carbapenemase serina + metilase 16S (plasm. 58%),Klebsiella pneumoniae
GCA_016074895.1,0,treino,C0: MBL + ESBL (plasm. 80%),Citrobacter freundii
GCA_029079565.1,4,treino,C4: carbapenemase serina + metilase 16S (plasm. 58%),Klebsiella pneumoniae
GCA_007648855.1,5,treino,C5: sem mecanismo principal adquirido,Escherichia coli
GCA_007648925.1,5,treino,C5: sem mecanismo principal adquirido,Escherichia coli
GCA_026222835.1,0,treino,C0: MBL + ESBL (plasm. 80%),Klebsiella pneumoniae
GCA_007647855.1,5,treino,C5: sem mecanismo principal adquirido,Escherichia coli
GCA_015666535.1,2,treino,C2: carbapenemase serina (plasm. 61%),Acinetobacter baumannii
GCA_023060285.1,3,treino,C3: carbapenemase serina + ESBL (plasm. 96%),Enterobacter hormaechei
GCA_054069295.1,1,treino,C1: ESBL sem carbapenemase,Klebsiella pneumoniae
GCA_021736165.1,5,treino,C5: sem mecanismo principal adquirido,Escherichia coli
GCA_031630695.1,0,treino,C0: MBL + ESBL (plasm. 80%),Citrobacter freundii
GCA_007646745.1,5,treino,C5: sem mecanismo principal adquirido,Escherichia coli
GCA_029076245.1,3,treino,C3: carbapenemase serina + ESBL (plasm. 96%),Klebsiella pneumoniae
GCA_007647225.1,5,treino,C5: sem mecanismo principal adquirido,Escherichia coli
GCA_900322605.1,2,treino,C2: carbapenemase serina (plasm. 61%),Klebsiella pneumoniae
GCA_052388775.1,1,treino,C1: ESBL sem carbapenemase,Klebsiella pneumoniae
GCA_051170845.1,4,treino,C4: carbapenemase serina + metilase 16S (plasm. 58%),Acinetobacter baumannii
GCA_002490265.1,1,treino,C1: ESBL sem carbapenemase,Escherichia coli
GCA_012955925.1,3,treino,C3: carbapenemase serina + ESBL (plasm. 96%),Klebsiella pneumoniae
GCA_016991055.1,1,treino,C1: ESBL sem carbapenemase,Escherichia coli
GCA_028439875.1,2,treino,C2: carbapenemase serina (plasm. 61%),Acinetobacter baumannii
GCA_009898245.1,2,treino,C2: carbapenemase serina (plasm. 61%),Acinetobacter baumannii
GCA_021020915.1,4,treino,C4: carbapenemase serina + metilase 16S (plasm. 58%),Klebsiella pneumoniae
GCA_016055835.1,2,treino,C2: carbapenemase serina (plasm. 61%),Acinetobacter baumannii
GCA_054069115.1,3,treino,C3: carbapenemase serina + ESBL (plasm. 96%),Klebsiella pneumoniae
GCA_041901385.1,0,treino,C0: MBL + ESBL (plasm. 80%),Citrobacter freundii
GCA_000805715.1,0,treino,C0: MBL + ESBL (plasm. 80%),Providencia rettgeri
GCA_012955905.1,3,treino,C3: carbapenemase serina + ESBL (plasm. 96%),Klebsiella pneumoniae
GCA_012277115.1,2,treino,C2: carbapenemase serina (plasm. 61%),Acinetobacter baumannii
GCA_021736035.1,5,treino,C5: sem mecanismo principal adquirido,Escherichia coli
GCA_052185135.1,1,treino,C1: ESBL sem carbapenemase,Escherichia coli
GCA_041221935.1,4,treino,C4: carbapenemase serina + metilase 16S (plasm. 58%),Klebsiella pneumoniae
GCA_041890445.1,5,treino,C5: sem mecanismo principal adquirido,Escherichia coli
GCA_053347475.1,5,treino,C5: sem mecanismo principal adquirido,Escherichia coli
GCA_022694335.1,5,treino,C5: sem mecanismo principal adquirido,Escherichia coli
GCA_003789125.1,3,treino,C3: carbapenemase serina + ESBL (plasm. 96%),Klebsiella pneumoniae
GCA_053613415.1,1,treino,C1: ESBL sem carbapenemase,Klebsiella pneumoniae
GCA_030550955.1,4,treino,C4: carbapenemase serina + metilase 16S (plasm. 58%),Acinetobacter baumannii
GCA_021735995.1,5,treino,C5: sem mecanismo principal adquirido,Escherichia coli
GCA_024651125.1,3,treino,C3: carbapenemase serina + ESBL (plasm. 96%),Klebsiella pneumoniae
GCA_002104705.1,3,treino,C3: carbapenemase serina + ESBL (plasm. 96%),Klebsiella pneumoniae
GCA_054048765.1,1,treino,C1: ESBL sem carbapenemase,Klebsiella pneumoniae
GCA_021020935.1,4,treino,C4: carbapenemase serina + metilase 16S (plasm. 58%),Klebsiella pneumoniae
GCA_004116875.1,5,treino,C5: sem mecanismo principal adquirido,Escherichia coli
GCA_028440225.1,2,treino,C2: carbapenemase serina (plasm. 61%),Acinetobacter baumannii
GCA_052184755.1,1,treino,C1: ESBL sem carbapenemase,Escherichia coli
GCA_015666445.1,3,treino,C3: carbapenemase serina + ESBL (plasm. 96%),Klebsiella pneumoniae
GCA_012956605.1,4,treino,C4: carbapenemase serina + metilase 16S (plasm. 58%),Klebsiella pneumoniae
GCA_049102525.1,3,treino,C3: carbapenemase serina + ESBL (plasm. 96%),Klebsiella pneumoniae
GCF_001649895.1,2,treino,C2: carbapenemase serina (plasm. 61%),Acinetobacter baumannii
GCA_054069855.1,2,treino,C2: carbapenemase serina (plasm. 61%),Klebsiella pneumoniae
GCA_049538175.1,3,treino,C3: carbapenemase serina + ESBL (plasm. 96%),Klebsiella pneumoniae
GCA_052183325.1,1,treino,C1: ESBL sem carbapenemase,Escherichia coli
GCA_041221395.1,1,treino,C1: ESBL sem carbapenemase,Klebsiella pneumoniae
GCA_016760465.1,5,treino,C5: sem mecanismo principal adquirido,Escherichia coli
GCA_029079165.1,3,treino,C3: carbapenemase serina + ESBL (plasm. 96%),Klebsiella pneumoniae
GCA_031630275.1,0,treino,C0: MBL + ESBL (plasm. 80%),Raoultella ornithinolytica
GCA_018423705.1,3,treino,C3: carbapenemase serina + ESBL (plasm. 96%),Klebsiella pneumoniae
GCA_002922935.1,2,treino,C2: carbapenemase serina (plasm. 61%),Acinetobacter baumannii
GCA_022209865.1,2,treino,C2: carbapenemase serina (plasm. 61%),Klebsiella pneumoniae
GCA_036575035.1,0,treino,C0: MBL + ESBL (plasm. 80%),Klebsiella quasipneumoniae
GCA_022210225.1,3,treino,C3: carbapenemase serina + ESBL (plasm. 96%),Klebsiella pneumoniae
GCA_051842205.1,2,treino,C2: carbapenemase serina (plasm. 61%),Acinetobacter baumannii
GCA_023060255.1,0,treino,C0: MBL + ESBL (plasm. 80%),Klebsiella pneumoniae
GCA_007647205.1,5,treino,C5: sem mecanismo principal adquirido,Escherichia coli
GCA_024813735.1,1,treino,C1: ESBL sem carbapenemase,Klebsiella pneumoniae
GCA_042607425.1,0,treino,C0: MBL + ESBL (plasm. 80%),Klebsiella pneumoniae
GCA_022170505.1,3,treino,C3: carbapenemase serina + ESBL (plasm. 96%),Klebsiella aerogenes
GCA_007858995.1,5,treino,C5: sem mecanismo principal adquirido,Escherichia coli
GCA_004116815.1,5,treino,C5: sem mecanismo principal adquirido,Escherichia coli
GCA_007648815.1,5,treino,C5: sem mecanismo principal adquirido,Escherichia coli
GCA_022210725.1,2,treino,C2: carbapenemase serina (plasm. 61%),Klebsiella pneumoniae
GCA_013626195.1,1,treino,C1: ESBL sem carbapenemase,Klebsiella pneumoniae
GCA_003204765.1,1,treino,C1: ESBL sem carbapenemase,Serratia marcescens
GCA_019202415.1,1,treino,C1: ESBL sem carbapenemase,Escherichia coli
GCA_007648375.1,5,treino,C5: sem mecanismo principal adquirido,Escherichia coli
GCA_029079005.1,3,treino,C3: carbapenemase serina + ESBL (plasm. 96%),Klebsiella pneumoniae
GCA_003204725.1,5,treino,C5: sem mecanismo principal adquirido,Serratia marcescens
GCA_051169445.1,4,treino,C4: carbapenemase serina + metilase 16S (plasm. 58%),Acinetobacter baumannii
GCA_012276745.1,2,treino,C2: carbapenemase serina (plasm. 61%),Acinetobacter baumannii
GCA_019201765.1,5,treino,C5: sem mecanismo principal adquirido,Escherichia coli
GCA_007648915.1,5,treino,C5: sem mecanismo principal adquirido,Escherichia coli
GCA_007644325.1,5,treino,C5: sem mecanismo principal adquirido,Escherichia coli
GCA_042607805.1,0,treino,C0: MBL + ESBL (plasm. 80%),Klebsiella pneumoniae
GCA_018423765.1,3,treino,C3: carbapenemase serina + ESBL (plasm. 96%),Klebsiella pneumoniae
GCA_031630515.1,0,treino,C0: MBL + ESBL (plasm. 80%),Escherichia coli
GCA_051169745.1,4,treino,C4: carbapenemase serina + metilase 16S (plasm. 58%),Acinetobacter baumannii
GCA_028440285.1,2,treino,C2: carbapenemase serina (plasm. 61%),Acinetobacter baumannii
GCA_009183705.1,1,treino,C1: ESBL sem carbapenemase,Proteus mirabilis
GCA_036575145.1,0,treino,C0: MBL + ESBL (plasm. 80%),Klebsiella pneumoniae
GCA_054068455.1,2,treino,C2: carbapenemase serina (plasm. 61%),Klebsiella pneumoniae
GCA_007647565.1,5,treino,C5: sem mecanismo principal adquirido,Escherichia coli
GCA_024650245.1,5,treino,C5: sem mecanismo principal adquirido,Klebsiella pneumoniae
GCA_023572385.1,3,treino,C3: carbapenemase serina + ESBL (plasm. 96%),Klebsiella pneumoniae
GCA_020589895.1,3,treino,C3: carbapenemase serina + ESBL (plasm. 96%),Klebsiella pneumoniae
GCA_052183935.1,1,treino,C1: ESBL sem carbapenemase,Escherichia coli
GCA_022321815.1,3,treino,C3: carbapenemase serina + ESBL (plasm. 96%),Klebsiella pneumoniae
GCA_041026665.1,4,treino,C4: carbapenemase serina + metilase 16S (plasm. 58%),Klebsiella pneumoniae
GCA_052048815.1,3,treino,C3: carbapenemase serina + ESBL (plasm. 96%),Klebsiella pneumoniae
GCA_023572405.1,0,treino,C0: MBL + ESBL (plasm. 80%),Klebsiella oxytoca
GCA_029079685.1,4,treino,C4: carbapenemase serina + metilase 16S (plasm. 58%),Klebsiella pneumoniae
GCA_023060595.1,5,treino,C5: sem mecanismo principal adquirido,Serratia marcescens
GCA_051169315.1,4,treino,C4: carbapenemase serina + metilase 16S (plasm. 58%),Acinetobacter baumannii
GCA_023572545.1,4,treino,C4: carbapenemase serina + metilase 16S (plasm. 58%),Providencia stuartii
GCA_019201865.1,5,treino,C5: sem mecanismo principal adquirido,Escherichia coli
GCA_022210825.1,2,treino,C2: carbapenemase serina (plasm. 61%),Klebsiella pneumoniae
GCA_026223515.1,0,treino,C0: MBL + ESBL (plasm. 80%),Klebsiella pneumoniae
GCA_002250465.1,2,treino,C2: carbapenemase serina (plasm. 61%),Acinetobacter baumannii
GCA_028439955.1,5,treino,C5: sem mecanismo principal adquirido,Acinetobacter baumannii
GCA_054069025.1,3,treino,C3: carbapenemase serina + ESBL (plasm. 96%),Klebsiella pneumoniae
GCA_052036485.1,3,treino,C3: carbapenemase serina + ESBL (plasm. 96%),Klebsiella pneumoniae
GCF_000988155.1,2,treino,C2: carbapenemase serina (plasm. 61%),Acinetobacter baumannii
GCA_016054995.1,3,treino,C3: carbapenemase serina + ESBL (plasm. 96%),Klebsiella pneumoniae
GCA_015537945.1,2,treino,C2: carbapenemase serina (plasm. 61%),Acinetobacter baumannii
GCA_024650655.1,5,treino,C5: sem mecanismo principal adquirido,Klebsiella pneumoniae
GCA_052049395.1,4,treino,C4: carbapenemase serina + metilase 16S (plasm. 58%),Klebsiella pneumoniae
GCA_051169845.1,4,treino,C4: carbapenemase serina + metilase 16S (plasm. 58%),Acinetobacter baumannii
GCA_011037685.1,4,treino,C4: carbapenemase serina + metilase 16S (plasm. 58%),Klebsiella pneumoniae
GCA_052184995.1,5,treino,C5: sem mecanismo principal adquirido,Escherichia coli
GCA_022694415.1,5,treino,C5: sem mecanismo principal adquirido,Escherichia coli
GCA_031921605.1,0,treino,C0: MBL + ESBL (plasm. 80%),Providencia stuartii
GCA_041387235.1,3,treino,C3: carbapenemase serina + ESBL (plasm. 96%),Klebsiella pneumoniae
GCA_026223205.1,0,treino,C0: MBL + ESBL (plasm. 80%),Klebsiella pneumoniae
GCA_031010935.1,3,treino,C3: carbapenemase serina + ESBL (plasm. 96%),Klebsiella pneumoniae
GCA_016056125.1,2,treino,C2: carbapenemase serina (plasm. 61%),Acinetobacter baumannii
GCA_029079365.1,3,treino,C3: carbapenemase serina + ESBL (plasm. 96%),Klebsiella pneumoniae
GCA_022210105.1,3,treino,C3: carbapenemase serina + ESBL (plasm. 96%),Klebsiella pneumoniae
GCA_007648825.1,5,treino,C5: sem mecanismo principal adquirido,Escherichia coli
GCA_014145355.1,5,treino,C5: sem mecanismo principal adquirido,Escherichia coli
GCA_052492835.1,4,treino,C4: carbapenemase serina + metilase 16S (plasm. 58%),Acinetobacter baumannii
GCA_022401485.1,5,treino,C5: sem mecanismo principal adquirido,Yersinia enterocolitica
GCA_031011045.1,3,treino,C3: carbapenemase serina + ESBL (plasm. 96%),Klebsiella pneumoniae
GCA_015538055.1,2,treino,C2: carbapenemase serina (plasm. 61%),Acinetobacter baumannii
GCA_016990955.1,1,treino,C1: ESBL sem carbapenemase,Escherichia coli
GCA_030550965.1,4,treino,C4: carbapenemase serina + metilase 16S (plasm. 58%),Acinetobacter baumannii
GCA_015666405.1,3,treino,C3: carbapenemase serina + ESBL (plasm. 96%),Klebsiella pneumoniae
GCA_011038455.1,3,treino,C3: carbapenemase serina + ESBL (plasm. 96%),Klebsiella pneumoniae
GCA_003204715.1,2,treino,C2: carbapenemase serina (plasm. 61%),Serratia marcescens
GCA_003325635.1,5,treino,C5: sem mecanismo principal adquirido,Acinetobacter baumannii
GCA_026223645.1,0,treino,C0: MBL + ESBL (plasm. 80%),Klebsiella quasipneumoniae
GCA_023572305.1,2,treino,C2: carbapenemase serina (plasm. 61%),Acinetobacter baumannii
GCA_011149675.1,1,treino,C1: ESBL sem carbapenemase,Proteus mirabilis
GCA_011038015.1,4,treino,C4: carbapenemase serina + metilase 16S (plasm. 58%),Klebsiella pneumoniae
GCA_011038415.1,3,treino,C3: carbapenemase serina + ESBL (plasm. 96%),Klebsiella pneumoniae
GCA_026222745.1,0,treino,C0: MBL + ESBL (plasm. 80%),Klebsiella pneumoniae
GCA_024652125.1,5,treino,C5: sem mecanismo principal adquirido,Klebsiella pneumoniae
GCA_019202445.1,1,treino,C1: ESBL sem carbapenemase,Escherichia coli
GCA_013085885.1,5,treino,C5: sem mecanismo principal adquirido,Citrobacter freundii
GCA_054067195.1,2,treino,C2: carbapenemase serina (plasm. 61%),Klebsiella pneumoniae
GCA_048976395.1,5,treino,C5: sem mecanismo principal adquirido,Serratia marcescens
GCA_019201705.1,0,treino,C0: MBL + ESBL (plasm. 80%),Escherichia coli
GCA_014145345.1,5,treino,C5: sem mecanismo principal adquirido,Escherichia coli
GCA_011038425.1,3,treino,C3: carbapenemase serina + ESBL (plasm. 96%),Klebsiella pneumoniae
GCA_009754965.1,2,treino,C2: carbapenemase serina (plasm. 61%),Acinetobacter baumannii
GCA_019830985.1,5,treino,C5: sem mecanismo principal adquirido,Escherichia coli
GCA_054551795.1,3,treino,C3: carbapenemase serina + ESBL (plasm. 96%),Enterobacter roggenkampii
GCA_016055235.1,3,treino,C3: carbapenemase serina + ESBL (plasm. 96%),Klebsiella pneumoniae
GCA_052183435.1,1,treino,C1: ESBL sem carbapenemase,Escherichia coli
GCA_040493735.1,0,treino,C0: MBL + ESBL (plasm. 80%),Klebsiella pneumoniae
GCA_022023415.1,3,treino,C3: carbapenemase serina + ESBL (plasm. 96%),Klebsiella pneumoniae
GCA_042607745.1,0,treino,C0: MBL + ESBL (plasm. 80%),Klebsiella pneumoniae
GCA_022210045.1,3,treino,C3: carbapenemase serina + ESBL (plasm. 96%),Klebsiella pneumoniae
GCA_007646625.1,5,treino,C5: sem mecanismo principal adquirido,Escherichia coli
GCA_021021035.1,4,treino,C4: carbapenemase serina + metilase 16S (plasm. 58%),Klebsiella pneumoniae
GCA_007644225.1,5,treino,C5: sem mecanismo principal adquirido,Escherichia coli
GCA_900322645.1,3,treino,C3: carbapenemase serina + ESBL (plasm. 96%),Klebsiella pneumoniae
GCA_003204985.1,2,treino,C2: carbapenemase serina (plasm. 61%),Serratia marcescens
GCA_051169515.1,4,treino,C4: carbapenemase serina + metilase 16S (plasm. 58%),Acinetobacter baumannii
GCA_052183815.1,1,treino,C1: ESBL sem carbapenemase,Escherichia coli
GCA_016760455.1,5,treino,C5: sem mecanismo principal adquirido,Escherichia coli
GCA_036759715.2,0,treino,C0: MBL + ESBL (plasm. 80%),Klebsiella pneumoniae
GCA_007648385.1,5,treino,C5: sem mecanismo principal adquirido,Escherichia coli
GCA_022023515.1,3,treino,C3: carbapenemase serina + ESBL (plasm. 96%),Klebsiella pneumoniae
GCA_031630455.1,0,treino,C0: MBL + ESBL (plasm. 80%),Escherichia coli
GCA_043848715.1,1,treino,C1: ESBL sem carbapenemase,Escherichia coli
GCA_020589615.1,3,treino,C3: carbapenemase serina + ESBL (plasm. 96%),Klebsiella pneumoniae
GCA_051170585.1,2,treino,C2: carbapenemase serina (plasm. 61%),Acinetobacter baumannii
GCA_019202375.1,1,treino,C1: ESBL sem carbapenemase,Escherichia coli
GCA_022023615.1,2,treino,C2: carbapenemase serina (plasm. 61%),Klebsiella pneumoniae
GCA_018423745.1,3,treino,C3: carbapenemase serina + ESBL (plasm. 96%),Klebsiella pneumoniae
GCA_007644155.1,5,treino,C5: sem mecanismo principal adquirido,Escherichia coli
GCA_026222865.1,5,treino,C5: sem mecanismo principal adquirido,Klebsiella pneumoniae
GCA_021021075.1,4,treino,C4: carbapenemase serina + metilase 16S (plasm. 58%),Klebsiella pneumoniae
GCA_016054925.1,1,treino,C1: ESBL sem carbapenemase,Acinetobacter baumannii
GCA_052184795.1,1,treino,C1: ESBL sem carbapenemase,Escherichia coli
GCA_022758445.1,5,treino,C5: sem mecanismo principal adquirido,Escherichia coli
GCA_007647075.1,5,treino,C5: sem mecanismo principal adquirido,Escherichia coli
GCA_054832285.1,1,treino,C1: ESBL sem carbapenemase,Escherichia coli
GCA_015538345.1,2,treino,C2: carbapenemase serina (plasm. 61%),Acinetobacter baumannii
GCA_023060195.1,0,treino,C0: MBL + ESBL (plasm. 80%),Enterobacter hormaechei
GCA_054066675.1,5,treino,C5: sem mecanismo principal adquirido,Klebsiella pneumoniae
GCA_024650825.1,1,treino,C1: ESBL sem carbapenemase,Klebsiella pneumoniae
GCA_030550895.1,4,treino,C4: carbapenemase serina + metilase 16S (plasm. 58%),Acinetobacter baumannii
GCA_052183755.1,1,treino,C1: ESBL sem carbapenemase,Escherichia coli
GCA_042876055.1,5,treino,C5: sem mecanismo principal adquirido,Proteus mirabilis
GCA_026222995.1,0,treino,C0: MBL + ESBL (plasm. 80%),Klebsiella variicola
GCA_054066935.1,4,treino,C4: carbapenemase serina + metilase 16S (plasm. 58%),Klebsiella pneumoniae
GCA_009829555.1,2,treino,C2: carbapenemase serina (plasm. 61%),Acinetobacter baumannii
GCA_008180225.1,5,treino,C5: sem mecanismo principal adquirido,Escherichia coli
GCA_054068025.1,3,treino,C3: carbapenemase serina + ESBL (plasm. 96%),Klebsiella pneumoniae
GCA_054477975.1,5,treino,C5: sem mecanismo principal adquirido,Escherichia coli
GCA_054612235.1,3,treino,C3: carbapenemase serina + ESBL (plasm. 96%),Enterobacter roggenkampii
GCA_021020865.1,4,treino,C4: carbapenemase serina + metilase 16S (plasm. 58%),Klebsiella pneumoniae
GCA_022023015.1,4,treino,C4: carbapenemase serina + metilase 16S (plasm. 58%),Klebsiella pneumoniae
GCA_052388575.1,5,treino,C5: sem mecanismo principal adquirido,Klebsiella pneumoniae
GCA_017353385.1,5,treino,C5: sem mecanismo principal adquirido,Escherichia coli
GCA_015666415.1,3,treino,C3: carbapenemase serina + ESBL (plasm. 96%),Klebsiella pneumoniae
GCA_052115825.1,2,treino,C2: carbapenemase serina (plasm. 61%),Acinetobacter baumannii
GCA_022758645.1,5,treino,C5: sem mecanismo principal adquirido,Escherichia coli
GCA_054067255.1,3,treino,C3: carbapenemase serina + ESBL (plasm. 96%),Klebsiella pneumoniae
GCA_015537575.1,2,treino,C2: carbapenemase serina (plasm. 61%),Acinetobacter baumannii
GCA_029079525.1,3,treino,C3: carbapenemase serina + ESBL (plasm. 96%),Klebsiella pneumoniae
GCA_022321075.1,3,treino,C3: carbapenemase serina + ESBL (plasm. 96%),Klebsiella pneumoniae
GCA_051169905.1,4,treino,C4: carbapenemase serina + metilase 16S (plasm. 58%),Acinetobacter baumannii
GCA_051169715.1,4,treino,C4: carbapenemase serina + metilase 16S (plasm. 58%),Acinetobacter baumannii
GCA_022758805.1,5,treino,C5: sem mecanismo principal adquirido,Escherichia coli
GCA_022758845.1,5,treino,C5: sem mecanismo principal adquirido,Escherichia coli
GCA_052048835.1,5,treino,C5: sem mecanismo principal adquirido,Klebsiella pneumoniae
GCA_011038115.1,4,treino,C4: carbapenemase serina + metilase 16S (plasm. 58%),Klebsiella pneumoniae
GCA_007648125.1,5,treino,C5: sem mecanismo principal adquirido,Escherichia coli
GCA_052049215.1,1,treino,C1: ESBL sem carbapenemase,Klebsiella pneumoniae
GCA_022401425.1,5,treino,C5: sem mecanismo principal adquirido,Yersinia enterocolitica
GCA_052185035.1,1,treino,C1: ESBL sem carbapenemase,Escherichia coli
GCA_054068015.1,5,treino,C5: sem mecanismo principal adquirido,Klebsiella pneumoniae
GCA_054069715.1,4,treino,C4: carbapenemase serina + metilase 16S (plasm. 58%),Klebsiella pneumoniae
GCA_903932265.1,5,treino,C5: sem mecanismo principal adquirido,Escherichia coli
GCA_051170245.1,4,treino,C4: carbapenemase serina + metilase 16S (plasm. 58%),Acinetobacter baumannii
GCA_001611725.1,5,treino,C5: sem mecanismo principal adquirido,Escherichia coli
GCA_022022875.1,4,treino,C4: carbapenemase serina + metilase 16S (plasm. 58%),Klebsiella pneumoniae
GCA_052492595.1,4,treino,C4: carbapenemase serina + metilase 16S (plasm. 58%),Acinetobacter baumannii
GCA_027945645.1,3,treino,C3: carbapenemase serina + ESBL (plasm. 96%),Klebsiella pneumoniae
GCA_052183615.1,1,treino,C1: ESBL sem carbapenemase,Escherichia coli
GCA_002895205.1,5,treino,C5: sem mecanismo principal adquirido,Escherichia albertii
GCA_016485185.1,2,treino,C2: carbapenemase serina (plasm. 61%),Acinetobacter baumannii
GCA_052184655.1,1,treino,C1: ESBL sem carbapenemase,Escherichia coli
GCA_023060175.1,3,treino,C3: carbapenemase serina + ESBL (plasm. 96%),Klebsiella pneumoniae
GCA_048970135.1,2,treino,C2: carbapenemase serina (plasm. 61%),Klebsiella pneumoniae
GCA_024655315.1,2,treino,C2: carbapenemase serina (plasm. 61%),Enterobacter hormaechei
GCA_031150045.1,5,treino,C5: sem mecanismo principal adquirido,Klebsiella aerogenes
GCA_011037395.1,3,treino,C3: carbapenemase serina + ESBL (plasm. 96%),Klebsiella pneumoniae
GCA_003321425.1,2,treino,C2: carbapenemase serina (plasm. 61%),Klebsiella pneumoniae
GCA_052184225.1,1,treino,C1: ESBL sem carbapenemase,Escherichia coli
GCA_006152055.1,0,treino,C0: MBL + ESBL (plasm. 80%),Klebsiella pneumoniae
GCA_007648065.1,5,treino,C5: sem mecanismo principal adquirido,Escherichia coli
GCA_022321535.1,3,treino,C3: carbapenemase serina + ESBL (plasm. 96%),Klebsiella pneumoniae
GCA_051169105.1,4,treino,C4: carbapenemase serina + metilase 16S (plasm. 58%),Acinetobacter baumannii
GCA_052388735.1,1,treino,C1: ESBL sem carbapenemase,Klebsiella pneumoniae
GCA_011037495.1,2,treino,C2: carbapenemase serina (plasm. 61%),Klebsiella pneumoniae
GCA_022209925.1,4,treino,C4: carbapenemase serina + metilase 16S (plasm. 58%),Klebsiella pneumoniae
GCA_022321835.1,3,treino,C3: carbapenemase serina + ESBL (plasm. 96%),Klebsiella pneumoniae
GCA_003183865.1,1,treino,C1: ESBL sem carbapenemase,Escherichia coli
GCA_052183895.1,1,treino,C1: ESBL sem carbapenemase,Escherichia coli
GCA_022023035.1,4,treino,C4: carbapenemase serina + metilase 16S (plasm. 58%),Klebsiella pneumoniae
GCA_021736125.1,5,treino,C5: sem mecanismo principal adquirido,Escherichia coli
GCA_043848855.1,3,treino,C3: carbapenemase serina + ESBL (plasm. 96%),Klebsiella pneumoniae
GCA_016991255.1,1,treino,C1: ESBL sem carbapenemase,Escherichia coli
GCA_024813555.1,4,treino,C4: carbapenemase serina + metilase 16S (plasm. 58%),Klebsiella pneumoniae
GCA_003204865.1,2,treino,C2: carbapenemase serina (plasm. 61%),Serratia marcescens
GCA_054068475.1,3,treino,C3: carbapenemase serina + ESBL (plasm. 96%),Klebsiella pneumoniae
GCA_014894765.1,5,treino,C5: sem mecanismo principal adquirido,Escherichia coli
GCA_006517515.1,1,treino,C1: ESBL sem carbapenemase,Klebsiella pneumoniae
GCA_003020825.1,2,treino,C2: carbapenemase serina (plasm. 61%),Klebsiella quasipneumoniae
GCA_052183835.1,1,treino,C1: ESBL sem carbapenemase,Escherichia coli
GCA_007647635.1,5,treino,C5: sem mecanismo principal adquirido,Escherichia coli
GCA_052943315.2,5,treino,C5: sem mecanismo principal adquirido,Escherichia coli
GCA_016991595.1,5,treino,C5: sem mecanismo principal adquirido,Escherichia coli
GCA_022209385.1,3,treino,C3: carbapenemase serina + ESBL (plasm. 96%),Klebsiella pneumoniae
GCA_026191975.1,0,treino,C0: MBL + ESBL (plasm. 80%),Klebsiella pneumoniae
GCA_003651285.1,5,treino,C5: sem mecanismo principal adquirido,Escherichia coli
GCA_006517605.1,5,treino,C5: sem mecanismo principal adquirido,Klebsiella aerogenes
GCA_000188875.2,5,treino,C5: sem mecanismo principal adquirido,Escherichia coli
GCA_002209465.1,1,validacao,C1: ESBL sem carbapenemase,Klebsiella pneumoniae
GCA_007648605.1,5,validacao,C5: sem mecanismo principal adquirido,Escherichia coli
GCA_051169655.1,4,validacao,C4: carbapenemase serina + metilase 16S (plasm. 58%),Acinetobacter baumannii
GCA_016990875.1,1,validacao,C1: ESBL sem carbapenemase,Escherichia coli
GCA_016991135.1,1,validacao,C1: ESBL sem carbapenemase,Escherichia coli
GCA_013138435.1,2,validacao,C2: carbapenemase serina (plasm. 61%),Acinetobacter baumannii
GCA_052184915.1,5,validacao,C5: sem mecanismo principal adquirido,Escherichia coli
GCA_024655285.1,3,validacao,C3: carbapenemase serina + ESBL (plasm. 96%),Enterobacter hormaechei
GCA_042991535.1,2,validacao,C2: carbapenemase serina (plasm. 61%),Klebsiella pneumoniae
GCA_031010865.1,3,validacao,C3: carbapenemase serina + ESBL (plasm. 96%),Klebsiella pneumoniae
GCA_024655335.1,3,validacao,C3: carbapenemase serina + ESBL (plasm. 96%),Enterobacter hormaechei
GCA_003284885.1,3,validacao,C3: carbapenemase serina + ESBL (plasm. 96%),Serratia marcescens
GCA_024652625.1,1,validacao,C1: ESBL sem carbapenemase,Klebsiella pneumoniae
GCA_054068955.1,3,validacao,C3: carbapenemase serina + ESBL (plasm. 96%),Klebsiella pneumoniae
GCA_018223985.1,5,validacao,C5: sem mecanismo principal adquirido,Klebsiella sp.
GCA_022694385.1,1,validacao,C1: ESBL sem carbapenemase,Escherichia coli
GCA_016991215.1,1,validacao,C1: ESBL sem carbapenemase,Escherichia coli
GCA_054068355.1,3,validacao,C3: carbapenemase serina + ESBL (plasm. 96%),Klebsiella pneumoniae
GCA_011038475.1,3,validacao,C3: carbapenemase serina + ESBL (plasm. 96%),Klebsiella pneumoniae
GCA_054551965.1,3,validacao,C3: carbapenemase serina + ESBL (plasm. 96%),Enterobacter roggenkampii
GCA_013425885.1,2,validacao,C2: carbapenemase serina (plasm. 61%),Serratia marcescens
GCA_052049135.1,4,validacao,C4: carbapenemase serina + metilase 16S (plasm. 58%),Klebsiella pneumoniae
GCA_052049375.1,4,validacao,C4: carbapenemase serina + metilase 16S (plasm. 58%),Klebsiella pneumoniae
GCA_011290775.4,3,validacao,C3: carbapenemase serina + ESBL (plasm. 96%),Escherichia coli
GCA_003697885.1,5,validacao,C5: sem mecanismo principal adquirido,Acinetobacter baumannii
GCA_013180515.1,3,validacao,C3: carbapenemase serina + ESBL (plasm. 96%),Klebsiella pneumoniae
GCA_016991515.1,1,validacao,C1: ESBL sem carbapenemase,Escherichia coli
GCA_022022995.1,4,validacao,C4: carbapenemase serina + metilase 16S (plasm. 58%),Klebsiella pneumoniae
GCA_012274345.1,5,validacao,C5: sem mecanismo principal adquirido,Klebsiella variicola
GCA_000249675.2,5,validacao,C5: sem mecanismo principal adquirido,Escherichia coli
GCA_052048695.1,5,validacao,C5: sem mecanismo principal adquirido,Klebsiella pneumoniae
GCA_011037275.1,2,validacao,C2: carbapenemase serina (plasm. 61%),Klebsiella pneumoniae
GCA_021020875.1,3,validacao,C3: carbapenemase serina + ESBL (plasm. 96%),Klebsiella pneumoniae
GCA_000268125.1,5,validacao,C5: sem mecanismo principal adquirido,Escherichia coli
GCA_054067355.1,2,validacao,C2: carbapenemase serina (plasm. 61%),Klebsiella pneumoniae
GCA_029075985.1,4,validacao,C4: carbapenemase serina + metilase 16S (plasm. 58%),Klebsiella pneumoniae
GCA_029079425.1,4,validacao,C4: carbapenemase serina + metilase 16S (plasm. 58%),Klebsiella pneumoniae
GCA_009829545.1,2,validacao,C2: carbapenemase serina (plasm. 61%),Acinetobacter baumannii
GCA_022758565.1,5,validacao,C5: sem mecanismo principal adquirido,Escherichia coli
GCA_022210645.1,3,validacao,C3: carbapenemase serina + ESBL (plasm. 96%),Klebsiella pneumoniae
GCA_003204995.1,2,validacao,C2: carbapenemase serina (plasm. 61%),Serratia marcescens
GCA_028440615.1,2,validacao,C2: carbapenemase serina (plasm. 61%),Acinetobacter baumannii
GCA_052492855.1,4,validacao,C4: carbapenemase serina + metilase 16S (plasm. 58%),Acinetobacter baumannii
GCA_022210525.1,3,validacao,C3: carbapenemase serina + ESBL (plasm. 96%),Klebsiella pneumoniae
GCA_016990895.1,1,validacao,C1: ESBL sem carbapenemase,Escherichia coli
GCA_008180145.1,2,validacao,C2: carbapenemase serina (plasm. 61%),Acinetobacter baumannii
GCA_016881495.1,3,validacao,C3: carbapenemase serina + ESBL (plasm. 96%),Klebsiella pneumoniae
GCA_022321495.1,3,validacao,C3: carbapenemase serina + ESBL (plasm. 96%),Klebsiella pneumoniae
GCA_022320885.1,4,validacao,C4: carbapenemase serina + metilase 16S (plasm. 58%),Klebsiella pneumoniae
GCA_022210385.1,3,validacao,C3: carbapenemase serina + ESBL (plasm. 96%),Klebsiella pneumoniae
GCA_007647125.1,5,validacao,C5: sem mecanismo principal adquirido,Escherichia coli
GCA_043848745.1,1,validacao,C1: ESBL sem carbapenemase,Klebsiella pneumoniae
GCA_042607735.1,0,validacao,C0: MBL + ESBL (plasm. 80%),Klebsiella pneumoniae
GCA_042607555.1,0,validacao,C0: MBL + ESBL (plasm. 80%),Klebsiella pneumoniae
GCA_028440195.1,2,validacao,C2: carbapenemase serina (plasm. 61%),Acinetobacter baumannii
GCA_015537295.1,2,validacao,C2: carbapenemase serina (plasm. 61%),Acinetobacter baumannii
GCA_030550885.1,4,validacao,C4: carbapenemase serina + metilase 16S (plasm. 58%),Acinetobacter baumannii
GCF_001702405.1,0,validacao,C0: MBL + ESBL (plasm. 80%),Klebsiella pneumoniae
GCA_022210965.1,3,validacao,C3: carbapenemase serina + ESBL (plasm. 96%),Klebsiella pneumoniae
GCA_019201785.1,1,validacao,C1: ESBL sem carbapenemase,Escherichia coli
GCA_029075945.1,3,validacao,C3: carbapenemase serina + ESBL (plasm. 96%),Klebsiella pneumoniae
GCA_029075995.1,2,validacao,C2: carbapenemase serina (plasm. 61%),Klebsiella pneumoniae
GCA_052184835.1,1,validacao,C1: ESBL sem carbapenemase,Escherichia coli
GCA_004116895.1,5,validacao,C5: sem mecanismo principal adquirido,Escherichia coli
GCA_016990975.1,1,validacao,C1: ESBL sem carbapenemase,Escherichia coli
GCA_029079885.1,3,validacao,C3: carbapenemase serina + ESBL (plasm. 96%),Klebsiella pneumoniae
GCA_023614365.2,5,validacao,C5: sem mecanismo principal adquirido,Escherichia coli
GCA_052048735.1,4,validacao,C4: carbapenemase serina + metilase 16S (plasm. 58%),Klebsiella pneumoniae
GCA_019202285.1,1,validacao,C1: ESBL sem carbapenemase,Escherichia coli
GCA_031150075.1,5,validacao,C5: sem mecanismo principal adquirido,Klebsiella aerogenes
GCA_016881565.1,3,validacao,C3: carbapenemase serina + ESBL (plasm. 96%),Klebsiella pneumoniae
GCA_051169085.1,4,validacao,C4: carbapenemase serina + metilase 16S (plasm. 58%),Acinetobacter baumannii
GCA_031630595.1,0,validacao,C0: MBL + ESBL (plasm. 80%),Enterobacter hormaechei
GCA_011037345.1,2,validacao,C2: carbapenemase serina (plasm. 61%),Klebsiella pneumoniae
GCA_052049115.1,4,validacao,C4: carbapenemase serina + metilase 16S (plasm. 58%),Klebsiella pneumoniae
GCA_019202335.1,5,validacao,C5: sem mecanismo principal adquirido,Escherichia coli
GCA_016881525.1,2,validacao,C2: carbapenemase serina (plasm. 61%),Klebsiella pneumoniae
GCA_016991335.1,1,validacao,C1: ESBL sem carbapenemase,Escherichia coli
GCA_016760375.1,5,validacao,C5: sem mecanismo principal adquirido,Escherichia coli
GCA_022320705.1,3,validacao,C3: carbapenemase serina + ESBL (plasm. 96%),Klebsiella pneumoniae
GCA_022694205.1,5,validacao,C5: sem mecanismo principal adquirido,Escherichia coli
GCA_007648955.1,5,validacao,C5: sem mecanismo principal adquirido,Escherichia coli
GCA_052183445.1,1,validacao,C1: ESBL sem carbapenemase,Escherichia coli
GCA_007646535.1,5,validacao,C5: sem mecanismo principal adquirido,Escherichia coli
GCF_002006525.1,2,validacao,C2: carbapenemase serina (plasm. 61%),Escherichia coli
GCA_042607435.1,0,validacao,C0: MBL + ESBL (plasm. 80%),Klebsiella pneumoniae
GCA_029080145.1,3,validacao,C3: carbapenemase serina + ESBL (plasm. 96%),Klebsiella pneumoniae
GCA_054069675.1,3,validacao,C3: carbapenemase serina + ESBL (plasm. 96%),Klebsiella pneumoniae
GCA_015537775.1,2,validacao,C2: carbapenemase serina (plasm. 61%),Acinetobacter baumannii
GCA_053613395.1,3,validacao,C3: carbapenemase serina + ESBL (plasm. 96%),Klebsiella pneumoniae
GCA_030262215.1,1,validacao,C1: ESBL sem carbapenemase,Proteus mirabilis
GCA_007646995.1,5,validacao,C5: sem mecanismo principal adquirido,Escherichia coli
GCA_003095495.1,4,validacao,C4: carbapenemase serina + metilase 16S (plasm. 58%),Klebsiella pneumoniae
GCA_007647035.1,5,validacao,C5: sem mecanismo principal adquirido,Escherichia coli
GCA_052183535.1,1,validacao,C1: ESBL sem carbapenemase,Escherichia coli
GCA_031460355.1,5,validacao,C5: sem mecanismo principal adquirido,Escherichia coli
GCA_007648995.1,5,validacao,C5: sem mecanismo principal adquirido,Escherichia coli
GCA_039677725.1,0,validacao,C0: MBL + ESBL (plasm. 80%),Acinetobacter baumannii
GCA_043565255.1,1,validacao,C1: ESBL sem carbapenemase,Klebsiella aerogenes
GCA_011038395.1,1,validacao,C1: ESBL sem carbapenemase,Klebsiella pneumoniae
GCA_022758625.1,5,validacao,C5: sem mecanismo principal adquirido,Escherichia coli
GCA_011037215.1,3,validacao,C3: carbapenemase serina + ESBL (plasm. 96%),Klebsiella pneumoniae
GCA_028439975.1,2,validacao,C2: carbapenemase serina (plasm. 61%),Acinetobacter baumannii
GCA_051169155.1,4,validacao,C4: carbapenemase serina + metilase 16S (plasm. 58%),Acinetobacter baumannii
GCA_043848675.1,1,validacao,C1: ESBL sem carbapenemase,Escherichia coli
GCA_048970295.1,5,validacao,C5: sem mecanismo principal adquirido,Klebsiella pneumoniae
GCA_028440515.1,2,validacao,C2: carbapenemase serina (plasm. 61%),Acinetobacter baumannii
GCA_016991375.1,1,validacao,C1: ESBL sem carbapenemase,Escherichia coli
GCA_011037595.1,2,validacao,C2: carbapenemase serina (plasm. 61%),Klebsiella pneumoniae
GCA_052388855.1,3,validacao,C3: carbapenemase serina + ESBL (plasm. 96%),Klebsiella pneumoniae
GCA_029078805.1,2,validacao,C2: carbapenemase serina (plasm. 61%),Klebsiella pneumoniae
GCA_016056005.1,2,validacao,C2: carbapenemase serina (plasm. 61%),Acinetobacter baumannii
GCA_022321725.1,3,validacao,C3: carbapenemase serina + ESBL (plasm. 96%),Klebsiella pneumoniae
GCA_022210545.1,2,validacao,C2: carbapenemase serina (plasm. 61%),Klebsiella pneumoniae
GCA_023572445.1,2,validacao,C2: carbapenemase serina (plasm. 61%),Acinetobacter baumannii
GCA_052036425.1,0,validacao,C0: MBL + ESBL (plasm. 80%),Klebsiella pneumoniae
GCA_054067635.1,2,validacao,C2: carbapenemase serina (plasm. 61%),Klebsiella pneumoniae
GCA_016991935.1,5,validacao,C5: sem mecanismo principal adquirido,Escherichia coli
GCA_041213405.1,1,validacao,C1: ESBL sem carbapenemase,Klebsiella pneumoniae
GCA_040017175.1,1,validacao,C1: ESBL sem carbapenemase,Klebsiella pneumoniae
GCA_031630655.1,0,validacao,C0: MBL + ESBL (plasm. 80%),Enterobacter hormaechei
GCA_023060635.1,2,validacao,C2: carbapenemase serina (plasm. 61%),Escherichia coli
GCA_031010915.1,3,validacao,C3: carbapenemase serina + ESBL (plasm. 96%),Klebsiella pneumoniae
GCA_042988175.1,5,validacao,C5: sem mecanismo principal adquirido,Klebsiella pneumoniae
GCA_015537565.1,2,validacao,C2: carbapenemase serina (plasm. 61%),Acinetobacter baumannii
GCA_016991275.1,5,validacao,C5: sem mecanismo principal adquirido,Escherichia coli
GCA_031009645.1,3,validacao,C3: carbapenemase serina + ESBL (plasm. 96%),Klebsiella pneumoniae
GCA_054066995.1,2,validacao,C2: carbapenemase serina (plasm. 61%),Klebsiella pneumoniae
GCA_022210505.1,2,validacao,C2: carbapenemase serina (plasm. 61%),Klebsiella pneumoniae
GCA_029079575.1,3,validacao,C3: carbapenemase serina + ESBL (plasm. 96%),Klebsiella pneumoniae
GCA_054066915.1,2,validacao,C2: carbapenemase serina (plasm. 61%),Klebsiella pneumoniae
GCF_001649705.1,2,validacao,C2: carbapenemase serina (plasm. 61%),Acinetobacter baumannii
GCA_007646875.1,5,validacao,C5: sem mecanismo principal adquirido,Escherichia coli
GCA_016055755.1,3,validacao,C3: carbapenemase serina + ESBL (plasm. 96%),Klebsiella pneumoniae
GCA_015538235.1,2,validacao,C2: carbapenemase serina (plasm. 61%),Acinetobacter baumannii
GCA_014451315.1,3,validacao,C3: carbapenemase serina + ESBL (plasm. 96%),Klebsiella pneumoniae
GCA_006517665.1,5,validacao,C5: sem mecanismo principal adquirido,Morganella morganii
GCA_042875775.1,5,validacao,C5: sem mecanismo principal adquirido,Proteus mirabilis
GCA_024813815.1,3,validacao,C3: carbapenemase serina + ESBL (plasm. 96%),Klebsiella pneumoniae
GCA_054068935.1,3,validacao,C3: carbapenemase serina + ESBL (plasm. 96%),Klebsiella pneumoniae
GCA_052943295.1,5,validacao,C5: sem mecanismo principal adquirido,Escherichia coli
GCF_001701895.1,3,validacao,C3: carbapenemase serina + ESBL (plasm. 96%),Klebsiella pneumoniae
GCA_051170805.1,4,validacao,C4: carbapenemase serina + metilase 16S (plasm. 58%),Acinetobacter baumannii
GCA_028440255.1,2,validacao,C2: carbapenemase serina (plasm. 61%),Acinetobacter baumannii
GCA_018423915.1,3,validacao,C3: carbapenemase serina + ESBL (plasm. 96%),Klebsiella pneumoniae
GCA_003204855.1,2,validacao,C2: carbapenemase serina (plasm. 61%),Serratia marcescens
GCA_026223535.1,0,validacao,C0: MBL + ESBL (plasm. 80%),Klebsiella quasipneumoniae
GCA_018223875.1,5,validacao,C5: sem mecanismo principal adquirido,Klebsiella sp.
GCA_011037775.1,3,validacao,C3: carbapenemase serina + ESBL (plasm. 96%),Klebsiella pneumoniae
GCA_004116835.1,5,validacao,C5: sem mecanismo principal adquirido,Escherichia coli
GCA_031630295.1,0,validacao,C0: MBL + ESBL (plasm. 80%),Proteus mirabilis
GCA_007646845.1,5,validacao,C5: sem mecanismo principal adquirido,Escherichia coli
GCA_024652805.1,5,validacao,C5: sem mecanismo principal adquirido,Klebsiella pneumoniae
GCA_052183595.1,5,validacao,C5: sem mecanismo principal adquirido,Escherichia coli
GCA_018423815.1,2,validacao,C2: carbapenemase serina (plasm. 61%),Klebsiella pneumoniae
GCA_014500785.1,2,validacao,C2: carbapenemase serina (plasm. 61%),Klebsiella pneumoniae
GCA_052185255.1,1,validacao,C1: ESBL sem carbapenemase,Escherichia coli
GCA_030551165.1,2,validacao,C2: carbapenemase serina (plasm. 61%),Acinetobacter baumannii
GCA_022694265.1,5,validacao,C5: sem mecanismo principal adquirido,Escherichia coli
GCA_016991035.1,5,validacao,C5: sem mecanismo principal adquirido,Escherichia coli
GCA_021021195.1,1,validacao,C1: ESBL sem carbapenemase,Klebsiella pneumoniae
GCA_022758765.1,5,validacao,C5: sem mecanismo principal adquirido,Escherichia coli
GCA_052048755.1,3,validacao,C3: carbapenemase serina + ESBL (plasm. 96%),Klebsiella pneumoniae
GCA_022209585.1,2,validacao,C2: carbapenemase serina (plasm. 61%),Klebsiella pneumoniae
GCA_015537865.1,2,validacao,C2: carbapenemase serina (plasm. 61%),Acinetobacter baumannii
GCA_028435995.1,2,validacao,C2: carbapenemase serina (plasm. 61%),Acinetobacter baumannii
GCA_036925215.1,5,validacao,C5: sem mecanismo principal adquirido,Escherichia coli
GCA_019202185.1,1,validacao,C1: ESBL sem carbapenemase,Escherichia coli
GCA_015538355.1,2,validacao,C2: carbapenemase serina (plasm. 61%),Acinetobacter baumannii
GCA_007648625.1,5,validacao,C5: sem mecanismo principal adquirido,Escherichia coli
GCA_011037995.1,4,validacao,C4: carbapenemase serina + metilase 16S (plasm. 58%),Klebsiella pneumoniae
GCA_002469045.1,5,validacao,C5: sem mecanismo principal adquirido,Escherichia coli
GCA_024505625.1,0,validacao,C0: MBL + ESBL (plasm. 80%),Acinetobacter baumannii
GCA_021021255.1,4,validacao,C4: carbapenemase serina + metilase 16S (plasm. 58%),Klebsiella pneumoniae
GCA_007648585.1,5,validacao,C5: sem mecanismo principal adquirido,Escherichia coli
GCA_052492695.1,4,validacao,C4: carbapenemase serina + metilase 16S (plasm. 58%),Acinetobacter baumannii
GCA_054069415.1,2,validacao,C2: carbapenemase serina (plasm. 61%),Klebsiella pneumoniae
GCA_015537675.1,2,validacao,C2: carbapenemase serina (plasm. 61%),Acinetobacter baumannii
GCA_015537505.1,2,validacao,C2: carbapenemase serina (plasm. 61%),Acinetobacter baumannii
GCA_016760415.1,5,validacao,C5: sem mecanismo principal adquirido,Escherichia coli
GCA_016990435.1,5,validacao,C5: sem mecanismo principal adquirido,Escherichia coli
GCA_051169945.1,4,validacao,C4: carbapenemase serina + metilase 16S (plasm. 58%),Acinetobacter baumannii
GCA_030462605.1,3,validacao,C3: carbapenemase serina + ESBL (plasm. 96%),Klebsiella pneumoniae
GCA_024651105.1,5,validacao,C5: sem mecanismo principal adquirido,Klebsiella pneumoniae
GCA_051169555.1,4,validacao,C4: carbapenemase serina + metilase 16S (plasm. 58%),Acinetobacter baumannii
GCA_024652065.1,1,validacao,C1: ESBL sem carbapenemase,Klebsiella pneumoniae
GCA_016055945.1,2,validacao,C2: carbapenemase serina (plasm. 61%),Acinetobacter baumannii
GCA_003284835.1,3,validacao,C3: carbapenemase serina + ESBL (plasm. 96%),Klebsiella pneumoniae
GCA_029080095.1,4,validacao,C4: carbapenemase serina + metilase 16S (plasm. 58%),Klebsiella pneumoniae
GCA_022321225.1,1,validacao,C1: ESBL sem carbapenemase,Klebsiella pneumoniae
GCA_052184875.1,1,validacao,C1: ESBL sem carbapenemase,Escherichia coli
GCA_040148975.1,5,validacao,C5: sem mecanismo principal adquirido,Escherichia coli
GCA_051169215.1,2,validacao,C2: carbapenemase serina (plasm. 61%),Acinetobacter baumannii
GCA_017565885.1,4,validacao,C4: carbapenemase serina + metilase 16S (plasm. 58%),Klebsiella pneumoniae
GCA_011601045.1,4,validacao,C4: carbapenemase serina + metilase 16S (plasm. 58%),Klebsiella pneumoniae
GCA_019201665.1,5,validacao,C5: sem mecanismo principal adquirido,Escherichia coli
GCA_029079965.1,3,validacao,C3: carbapenemase serina + ESBL (plasm. 96%),Klebsiella pneumoniae
GCF_001662765.1,1,validacao,C1: ESBL sem carbapenemase,Klebsiella aerogenes
GCA_054048865.1,3,validacao,C3: carbapenemase serina + ESBL (plasm. 96%),Klebsiella pneumoniae
GCA_014323625.1,2,validacao,C2: carbapenemase serina (plasm. 61%),Klebsiella pneumoniae
GCA_036575445.1,0,validacao,C0: MBL + ESBL (plasm. 80%),Klebsiella quasipneumoniae
GCA_002289165.1,3,validacao,C3: carbapenemase serina + ESBL (plasm. 96%),Klebsiella pneumoniae
GCA_049538235.1,3,validacao,C3: carbapenemase serina + ESBL (plasm. 96%),Klebsiella pneumoniae
GCA_016485305.1,2,validacao,C2: carbapenemase serina (plasm. 61%),Acinetobacter baumannii
GCA_015666615.1,3,validacao,C3: carbapenemase serina + ESBL (plasm. 96%),Klebsiella pneumoniae
GCA_016485045.1,2,validacao,C2: carbapenemase serina (plasm. 61%),Acinetobacter baumannii
GCA_021245835.1,4,validacao,C4: carbapenemase serina + metilase 16S (plasm. 58%),Klebsiella pneumoniae
GCA_015537025.1,2,validacao,C2: carbapenemase serina (plasm. 61%),Acinetobacter baumannii
GCA_003583875.1,5,validacao,C5: sem mecanismo principal adquirido,Klebsiella quasipneumoniae
GCA_051169885.1,4,validacao,C4: carbapenemase serina + metilase 16S (plasm. 58%),Acinetobacter baumannii
GCA_023061035.1,2,validacao,C2: carbapenemase serina (plasm. 61%),Acinetobacter baumannii
GCA_024652695.1,1,validacao,C1: ESBL sem carbapenemase,Klebsiella pneumoniae
GCA_023060975.1,3,validacao,C3: carbapenemase serina + ESBL (plasm. 96%),Enterobacter hormaechei
GCA_028435965.1,2,validacao,C2: carbapenemase serina (plasm. 61%),Acinetobacter baumannii
GCA_004116915.1,1,validacao,C1: ESBL sem carbapenemase,Escherichia coli
GCA_022210065.1,2,validacao,C2: carbapenemase serina (plasm. 61%),Klebsiella pneumoniae
GCA_052048875.1,1,validacao,C1: ESBL sem carbapenemase,Klebsiella pneumoniae
GCA_022022915.1,4,validacao,C4: carbapenemase serina + metilase 16S (plasm. 58%),Klebsiella pneumoniae
GCA_900322655.1,5,validacao,C5: sem mecanismo principal adquirido,Klebsiella pneumoniae
GCA_029076325.1,4,validacao,C4: carbapenemase serina + metilase 16S (plasm. 58%),Klebsiella pneumoniae
GCA_054048785.1,3,validacao,C3: carbapenemase serina + ESBL (plasm. 96%),Klebsiella pneumoniae
GCA_015537615.1,2,validacao,C2: carbapenemase serina (plasm. 61%),Acinetobacter baumannii
GCA_022210865.1,2,validacao,C2: carbapenemase serina (plasm. 61%),Klebsiella pneumoniae
GCA_051170005.1,4,validacao,C4: carbapenemase serina + metilase 16S (plasm. 58%),Acinetobacter baumannii
GCA_016055375.1,2,validacao,C2: carbapenemase serina (plasm. 61%),Acinetobacter baumannii
GCA_016055495.1,4,validacao,C4: carbapenemase serina + metilase 16S (plasm. 58%),Klebsiella pneumoniae
GCA_041218735.1,1,validacao,C1: ESBL sem carbapenemase,Klebsiella pneumoniae
GCA_022023495.1,3,validacao,C3: carbapenemase serina + ESBL (plasm. 96%),Klebsiella pneumoniae
GCA_051169355.1,4,validacao,C4: carbapenemase serina + metilase 16S (plasm. 58%),Acinetobacter baumannii
GCA_015537855.1,2,validacao,C2: carbapenemase serina (plasm. 61%),Acinetobacter baumannii
GCA_024584945.1,5,validacao,C5: sem mecanismo principal adquirido,Escherichia coli
GCA_026222875.1,0,validacao,C0: MBL + ESBL (plasm. 80%),Klebsiella pneumoniae
GCA_022758725.1,5,validacao,C5: sem mecanismo principal adquirido,Escherichia coli
GCA_024650185.1,1,validacao,C1: ESBL sem carbapenemase,Klebsiella pneumoniae
GCA_029078745.1,3,validacao,C3: carbapenemase serina + ESBL (plasm. 96%),Klebsiella pneumoniae
GCA_037450415.1,5,validacao,C5: sem mecanismo principal adquirido,Escherichia coli
GCA_007646645.1,5,validacao,C5: sem mecanismo principal adquirido,Escherichia coli
GCA_002104355.1,3,validacao,C3: carbapenemase serina + ESBL (plasm. 96%),Klebsiella pneumoniae
GCA_022210305.1,3,validacao,C3: carbapenemase serina + ESBL (plasm. 96%),Klebsiella pneumoniae
GCA_054068595.1,2,validacao,C2: carbapenemase serina (plasm. 61%),Klebsiella pneumoniae
GCA_026223695.1,0,validacao,C0: MBL + ESBL (plasm. 80%),Klebsiella quasipneumoniae
GCA_026223005.1,0,validacao,C0: MBL + ESBL (plasm. 80%),Klebsiella pneumoniae
GCA_011394875.1,1,validacao,C1: ESBL sem carbapenemase,Klebsiella variicola
GCA_011037415.1,3,validacao,C3: carbapenemase serina + ESBL (plasm. 96%),Klebsiella pneumoniae
GCA_024651845.1,1,validacao,C1: ESBL sem carbapenemase,Klebsiella pneumoniae
GCA_054177555.1,5,validacao,C5: sem mecanismo principal adquirido,Escherichia coli
GCA_052049235.1,4,validacao,C4: carbapenemase serina + metilase 16S (plasm. 58%),Klebsiella pneumoniae
GCA_031009575.1,3,validacao,C3: carbapenemase serina + ESBL (plasm. 96%),Klebsiella pneumoniae
GCA_022758685.1,5,validacao,C5: sem mecanismo principal adquirido,Escherichia coli
GCA_024650945.1,1,validacao,C1: ESBL sem carbapenemase,Klebsiella pneumoniae
GCA_052185055.1,1,validacao,C1: ESBL sem carbapenemase,Escherichia coli
GCA_002845885.1,5,validacao,C5: sem mecanismo principal adquirido,Klebsiella pneumoniae
GCA_024650465.1,1,validacao,C1: ESBL sem carbapenemase,Klebsiella pneumoniae
GCA_028440015.1,2,validacao,C2: carbapenemase serina (plasm. 61%),Acinetobacter baumannii
GCA_052492475.1,4,validacao,C4: carbapenemase serina + metilase 16S (plasm. 58%),Acinetobacter baumannii
GCA_003321195.1,2,validacao,C2: carbapenemase serina (plasm. 61%),Klebsiella pneumoniae
GCA_011037475.1,3,validacao,C3: carbapenemase serina + ESBL (plasm. 96%),Klebsiella pneumoniae
GCA_051169255.1,4,validacao,C4: carbapenemase serina + metilase 16S (plasm. 58%),Acinetobacter baumannii
GCA_001611705.1,1,validacao,C1: ESBL sem carbapenemase,Escherichia coli
GCA_015537445.1,2,validacao,C2: carbapenemase serina (plasm. 61%),Acinetobacter baumannii
GCA_054048945.1,3,validacao,C3: carbapenemase serina + ESBL (plasm. 96%),Klebsiella pneumoniae
GCA_018423775.1,3,validacao,C3: carbapenemase serina + ESBL (plasm. 96%),Klebsiella pneumoniae
GCA_022758505.1,5,validacao,C5: sem mecanismo principal adquirido,Escherichia coli
GCA_028440555.1,2,validacao,C2: carbapenemase serina (plasm. 61%),Acinetobacter baumannii
GCA_040151195.1,3,validacao,C3: carbapenemase serina + ESBL (plasm. 96%),Klebsiella pneumoniae
GCA_034931785.1,4,validacao,C4: carbapenemase serina + metilase 16S (plasm. 58%),Acinetobacter baumannii
GCA_024650125.1,1,validacao,C1: ESBL sem carbapenemase,Klebsiella pneumoniae
GCA_003321385.1,1,validacao,C1: ESBL sem carbapenemase,Klebsiella pneumoniae
GCA_018223925.1,5,validacao,C5: sem mecanismo principal adquirido,Klebsiella sp.
GCA_002631045.1,0,validacao,C0: MBL + ESBL (plasm. 80%),Klebsiella pneumoniae
GCA_012274425.1,5,validacao,C5: sem mecanismo principal adquirido,Klebsiella variicola
GCA_054067895.1,3,validacao,C3: carbapenemase serina + ESBL (plasm. 96%),Klebsiella pneumoniae
GCA_016056175.1,3,validacao,C3: carbapenemase serina + ESBL (plasm. 96%),Klebsiella pneumoniae
GCA_022023075.1,3,validacao,C3: carbapenemase serina + ESBL (plasm. 96%),Klebsiella pneumoniae
GCF_001649675.1,2,validacao,C2: carbapenemase serina (plasm. 61%),Acinetobacter baumannii
GCA_052183715.1,1,validacao,C1: ESBL sem carbapenemase,Escherichia coli
GCA_016990915.1,1,validacao,C1: ESBL sem carbapenemase,Escherichia coli
GCA_029076225.1,3,validacao,C3: carbapenemase serina + ESBL (plasm. 96%),Klebsiella pneumoniae
GCA_042607705.1,0,validacao,C0: MBL + ESBL (plasm. 80%),Klebsiella pneumoniae
GCA_014833135.1,2,validacao,C2: carbapenemase serina (plasm. 61%),Klebsiella pneumoniae
GCA_013425865.1,2,validacao,C2: carbapenemase serina (plasm. 61%),Serratia marcescens
GCA_015536865.1,2,validacao,C2: carbapenemase serina (plasm. 61%),Acinetobacter baumannii
GCA_014926265.1,5,validacao,C5: sem mecanismo principal adquirido,Escherichia coli
GCA_007647025.1,5,validacao,C5: sem mecanismo principal adquirido,Escherichia coli
GCA_052185235.1,1,validacao,C1: ESBL sem carbapenemase,Escherichia coli
GCA_045176205.1,5,validacao,C5: sem mecanismo principal adquirido,Klebsiella pneumoniae
GCA_007647805.1,5,validacao,C5: sem mecanismo principal adquirido,Escherichia coli
GCA_054067575.1,3,validacao,C3: carbapenemase serina + ESBL (plasm. 96%),Klebsiella pneumoniae
GCA_054066415.1,4,validacao,C4: carbapenemase serina + metilase 16S (plasm. 58%),Klebsiella pneumoniae
GCA_003204525.1,3,validacao,C3: carbapenemase serina + ESBL (plasm. 96%),Serratia marcescens
GCA_024650645.1,1,validacao,C1: ESBL sem carbapenemase,Klebsiella pneumoniae
GCA_022694145.1,5,validacao,C5: sem mecanismo principal adquirido,Escherichia coli
GCA_019202395.1,1,validacao,C1: ESBL sem carbapenemase,Escherichia coli
GCA_042875835.1,5,validacao,C5: sem mecanismo principal adquirido,Proteus mirabilis
GCA_054832345.1,1,validacao,C1: ESBL sem carbapenemase,Escherichia coli
GCA_022210605.1,2,validacao,C2: carbapenemase serina (plasm. 61%),Klebsiella pneumoniae
GCA_051170445.1,4,validacao,C4: carbapenemase serina + metilase 16S (plasm. 58%),Acinetobacter baumannii
GCA_054068975.1,3,validacao,C3: carbapenemase serina + ESBL (plasm. 96%),Klebsiella pneumoniae
GCA_015374485.1,5,validacao,C5: sem mecanismo principal adquirido,Escherichia coli
GCA_024813765.1,1,validacao,C1: ESBL sem carbapenemase,Klebsiella pneumoniae
GCA_028210855.1,3,validacao,C3: carbapenemase serina + ESBL (plasm. 96%),Klebsiella pneumoniae
GCA_029076125.1,4,validacao,C4: carbapenemase serina + metilase 16S (plasm. 58%),Klebsiella pneumoniae
GCA_003204615.1,1,validacao,C1: ESBL sem carbapenemase,Serratia marcescens
GCA_051169275.1,4,validacao,C4: carbapenemase serina + metilase 16S (plasm. 58%),Acinetobacter baumannii
GCA_024650425.1,1,validacao,C1: ESBL sem carbapenemase,Klebsiella pneumoniae
GCA_004116695.1,5,validacao,C5: sem mecanismo principal adquirido,Escherichia coli
GCA_054478335.1,5,validacao,C5: sem mecanismo principal adquirido,Escherichia coli
GCA_022209845.1,0,validacao,C0: MBL + ESBL (plasm. 80%),Klebsiella pneumoniae
GCA_029079445.1,3,validacao,C3: carbapenemase serina + ESBL (plasm. 96%),Klebsiella pneumoniae
GCF_002019005.1,2,validacao,C2: carbapenemase serina (plasm. 61%),Acinetobacter baumannii
GCA_022209645.1,0,validacao,C0: MBL + ESBL (plasm. 80%),Klebsiella pneumoniae
GCA_052943335.1,5,validacao,C5: sem mecanismo principal adquirido,Escherichia coli
GCA_024813565.1,1,validacao,C1: ESBL sem carbapenemase,Klebsiella pneumoniae
GCA_001649805.1,2,validacao,C2: carbapenemase serina (plasm. 61%),Acinetobacter baumannii
GCA_022758585.1,5,validacao,C5: sem mecanismo principal adquirido,Escherichia coli
GCA_023059435.1,3,validacao,C3: carbapenemase serina + ESBL (plasm. 96%),Klebsiella pneumoniae
GCA_054067475.1,3,validacao,C3: carbapenemase serina + ESBL (plasm. 96%),Klebsiella pneumoniae
GCA_018271625.1,5,validacao,C5: sem mecanismo principal adquirido,Klebsiella pneumoniae
GCA_020615465.1,2,validacao,C2: carbapenemase serina (plasm. 61%),Klebsiella pneumoniae
GCA_024650485.1,1,validacao,C1: ESBL sem carbapenemase,Klebsiella pneumoniae
GCA_022304475.1,4,validacao,C4: carbapenemase serina + metilase 16S (plasm. 58%),Klebsiella pneumoniae
GCA_051386075.1,5,validacao,C5: sem mecanismo principal adquirido,Klebsiella pneumoniae
GCA_002104295.1,4,validacao,C4: carbapenemase serina + metilase 16S (plasm. 58%),Klebsiella pneumoniae
GCA_036575455.1,0,validacao,C0: MBL + ESBL (plasm. 80%),Klebsiella quasipneumoniae
GCA_018390445.1,5,validacao,C5: sem mecanismo principal adquirido,Escherichia coli
GCA_051169475.1,4,validacao,C4: carbapenemase serina + metilase 16S (plasm. 58%),Acinetobacter baumannii
GCA_004347305.1,2,validacao,C2: carbapenemase serina (plasm. 61%),Acinetobacter baumannii
GCA_011038355.1,3,validacao,C3: carbapenemase serina + ESBL (plasm. 96%),Klebsiella pneumoniae
GCA_054067955.1,3,validacao,C3: carbapenemase serina + ESBL (plasm. 96%),Klebsiella pneumoniae
GCA_013138485.1,1,validacao,C1: ESBL sem carbapenemase,Klebsiella pneumoniae
GCA_015666585.1,3,validacao,C3: carbapenemase serina + ESBL (plasm. 96%),Klebsiella pneumoniae
GCA_052183195.1,5,validacao,C5: sem mecanismo principal adquirido,Escherichia coli
GCA_003325525.1,4,validacao,C4: carbapenemase serina + metilase 16S (plasm. 58%),Klebsiella pneumoniae
GCA_012955865.1,3,validacao,C3: carbapenemase serina + ESBL (plasm. 96%),Klebsiella pneumoniae
GCA_054066855.1,3,validacao,C3: carbapenemase serina + ESBL (plasm. 96%),Klebsiella pneumoniae
GCA_012956625.1,4,validacao,C4: carbapenemase serina + metilase 16S (plasm. 58%),Klebsiella pneumoniae
GCA_031570155.1,0,validacao,C0: MBL + ESBL (plasm. 80%),Serratia nevei
GCA_022210185.1,3,validacao,C3: carbapenemase serina + ESBL (plasm. 96%),Klebsiella pneumoniae
GCA_052049475.1,4,validacao,C4: carbapenemase serina + metilase 16S (plasm. 58%),Klebsiella pneumoniae
GCA_022304395.1,3,validacao,C3: carbapenemase serina + ESBL (plasm. 96%),Klebsiella pneumoniae
GCA_016991955.1,5,validacao,C5: sem mecanismo principal adquirido,Escherichia coli
GCA_007648635.1,5,validacao,C5: sem mecanismo principal adquirido,Escherichia coli
GCA_023572615.1,4,validacao,C4: carbapenemase serina + metilase 16S (plasm. 58%),Klebsiella pneumoniae
GCA_022758545.1,5,validacao,C5: sem mecanismo principal adquirido,Escherichia coli
GCA_031100975.1,2,validacao,C2: carbapenemase serina (plasm. 61%),Acinetobacter baumannii
GCA_051170665.1,4,validacao,C4: carbapenemase serina + metilase 16S (plasm. 58%),Acinetobacter baumannii
GCA_019202495.1,0,validacao,C0: MBL + ESBL (plasm. 80%),Escherichia coli
GCA_012276735.1,2,validacao,C2: carbapenemase serina (plasm. 61%),Acinetobacter baumannii
GCA_054067105.1,3,validacao,C3: carbapenemase serina + ESBL (plasm. 96%),Klebsiella pneumoniae
GCA_023060155.1,3,validacao,C3: carbapenemase serina + ESBL (plasm. 96%),Klebsiella pneumoniae
GCA_016054895.1,2,validacao,C2: carbapenemase serina (plasm. 61%),Klebsiella pneumoniae
GCA_007648715.1,5,validacao,C5: sem mecanismo principal adquirido,Escherichia coli
GCA_015538045.1,2,validacao,C2: carbapenemase serina (plasm. 61%),Acinetobacter baumannii
GCA_054551815.1,3,validacao,C3: carbapenemase serina + ESBL (plasm. 96%),Enterobacter roggenkampii
GCA_051169965.1,4,validacao,C4: carbapenemase serina + metilase 16S (plasm. 58%),Acinetobacter baumannii
GCA_023060695.1,2,validacao,C2: carbapenemase serina (plasm. 61%),Enterobacter hormaechei
GCA_054048805.1,3,validacao,C3: carbapenemase serina + ESBL (plasm. 96%),Klebsiella pneumoniae
GCA_015537035.1,2,validacao,C2: carbapenemase serina (plasm. 61%),Acinetobacter baumannii
GCA_054067615.1,2,validacao,C2: carbapenemase serina (plasm. 61%),Klebsiella pneumoniae
GCA_024388485.1,2,validacao,C2: carbapenemase serina (plasm. 61%),Escherichia coli
GCA_016055485.1,2,validacao,C2: carbapenemase serina (plasm. 61%),Acinetobacter baumannii
GCA_028440635.1,2,validacao,C2: carbapenemase serina (plasm. 61%),Acinetobacter baumannii
GCA_026526975.2,5,validacao,C5: sem mecanismo principal adquirido,Citrobacter freundii
GCA_023060495.1,1,validacao,C1: ESBL sem carbapenemase,Enterobacter chengduensis
GCA_007648305.1,5,validacao,C5: sem mecanismo principal adquirido,Escherichia coli
GCA_021021215.1,3,validacao,C3: carbapenemase serina + ESBL (plasm. 96%),Klebsiella pneumoniae
GCA_013372785.1,2,validacao,C2: carbapenemase serina (plasm. 61%),Klebsiella pneumoniae
GCA_028440105.1,2,validacao,C2: carbapenemase serina (plasm. 61%),Acinetobacter baumannii
GCA_041222585.1,1,validacao,C1: ESBL sem carbapenemase,Klebsiella pneumoniae
GCA_016991735.1,3,validacao,C3: carbapenemase serina + ESBL (plasm. 96%),Escherichia coli
GCA_052183315.1,1,validacao,C1: ESBL sem carbapenemase,Escherichia coli
GCA_019202235.1,1,validacao,C1: ESBL sem carbapenemase,Escherichia coli
GCA_036662855.1,1,validacao,C1: ESBL sem carbapenemase,Klebsiella pneumoniae
GCA_022359755.1,5,validacao,C5: sem mecanismo principal adquirido,Klebsiella pneumoniae
GCA_003095615.1,4,validacao,C4: carbapenemase serina + metilase 16S (plasm. 58%),Klebsiella pneumoniae
GCA_051152635.1,0,validacao,C0: MBL + ESBL (plasm. 80%),Klebsiella pneumoniae
GCA_003095575.1,3,validacao,C3: carbapenemase serina + ESBL (plasm. 96%),Klebsiella pneumoniae
GCA_015536875.1,2,validacao,C2: carbapenemase serina (plasm. 61%),Acinetobacter baumannii
GCA_024650315.1,5,validacao,C5: sem mecanismo principal adquirido,Klebsiella pneumoniae
GCA_048970195.1,3,validacao,C3: carbapenemase serina + ESBL (plasm. 96%),Klebsiella pneumoniae
GCA_022209605.1,3,validacao,C3: carbapenemase serina + ESBL (plasm. 96%),Klebsiella pneumoniae
GCA_022758895.1,5,validacao,C5: sem mecanismo principal adquirido,Escherichia coli
GCA_052388875.1,1,validacao,C1: ESBL sem carbapenemase,Klebsiella pneumoniae
GCA_029079245.1,2,validacao,C2: carbapenemase serina (plasm. 61%),Klebsiella variicola
GCA_040149235.1,5,validacao,C5: sem mecanismo principal adquirido,Escherichia coli
GCA_051170065.1,4,validacao,C4: carbapenemase serina + metilase 16S (plasm. 58%),Acinetobacter baumannii
GCA_054551875.1,3,validacao,C3: carbapenemase serina + ESBL (plasm. 96%),Enterobacter roggenkampii
GCA_054068435.1,3,validacao,C3: carbapenemase serina + ESBL (plasm. 96%),Klebsiella pneumoniae
GCA_016760395.1,5,validacao,C5: sem mecanismo principal adquirido,Escherichia coli
GCF_001758165.1,2,validacao,C2: carbapenemase serina (plasm. 61%),Acinetobacter baumannii
GCA_024650855.1,1,validacao,C1: ESBL sem carbapenemase,Klebsiella pneumoniae
GCA_041221275.1,2,validacao,C2: carbapenemase serina (plasm. 61%),Klebsiella pneumoniae
GCA_024651145.1,1,validacao,C1: ESBL sem carbapenemase,Klebsiella pneumoniae
GCA_023061095.1,2,validacao,C2: carbapenemase serina (plasm. 61%),Klebsiella pneumoniae
GCA_003576025.1,3,validacao,C3: carbapenemase serina + ESBL (plasm. 96%),Klebsiella pneumoniae
GCA_030755775.1,0,validacao,C0: MBL + ESBL (plasm. 80%),Acinetobacter baumannii
GCA_022359515.1,1,validacao,C1: ESBL sem carbapenemase,Klebsiella pneumoniae
GCF_001662705.1,1,validacao,C1: ESBL sem carbapenemase,Klebsiella aerogenes
GCA_029078845.1,3,validacao,C3: carbapenemase serina + ESBL (plasm. 96%),Klebsiella pneumoniae
GCA_020589835.1,1,validacao,C1: ESBL sem carbapenemase,Klebsiella pneumoniae
GCA_028440045.1,2,validacao,C2: carbapenemase serina (plasm. 61%),Acinetobacter baumannii
GCA_054066585.1,3,validacao,C3: carbapenemase serina + ESBL (plasm. 96%),Klebsiella pneumoniae
GCA_054066435.1,0,validacao,C0: MBL + ESBL (plasm. 80%),Klebsiella pneumoniae
GCA_015537275.1,2,validacao,C2: carbapenemase serina (plasm. 61%),Acinetobacter baumannii
GCA_030551055.1,4,validacao,C4: carbapenemase serina + metilase 16S (plasm. 58%),Acinetobacter baumannii
GCA_009651015.1,3,validacao,C3: carbapenemase serina + ESBL (plasm. 96%),Klebsiella pneumoniae
GCA_021020735.1,1,validacao,C1: ESBL sem carbapenemase,Klebsiella pneumoniae
GCA_024813835.1,3,validacao,C3: carbapenemase serina + ESBL (plasm. 96%),Klebsiella quasipneumoniae
GCA_026223285.1,0,validacao,C0: MBL + ESBL (plasm. 80%),Klebsiella pneumoniae
GCF_001472725.1,2,validacao,C2: carbapenemase serina (plasm. 61%),Klebsiella aerogenes
GCA_052185375.1,1,validacao,C1: ESBL sem carbapenemase,Escherichia coli
GCA_022304975.1,2,validacao,C2: carbapenemase serina (plasm. 61%),Klebsiella pneumoniae
GCA_007644175.1,5,validacao,C5: sem mecanismo principal adquirido,Escherichia coli
GCA_031009745.1,2,validacao,C2: carbapenemase serina (plasm. 61%),Klebsiella pneumoniae
GCA_041501475.1,0,validacao,C0: MBL + ESBL (plasm. 80%),Acinetobacter baumannii
GCA_029079345.1,3,validacao,C3: carbapenemase serina + ESBL (plasm. 96%),Klebsiella pneumoniae
GCA_022210575.1,3,validacao,C3: carbapenemase serina + ESBL (plasm. 96%),Klebsiella pneumoniae
GCA_053309335.1,2,validacao,C2: carbapenemase serina (plasm. 61%),Acinetobacter baumannii
GCA_022758705.1,5,validacao,C5: sem mecanismo principal adquirido,Escherichia coli
GCA_026223055.1,0,validacao,C0: MBL + ESBL (plasm. 80%),Klebsiella pneumoniae
GCA_007648145.1,5,validacao,C5: sem mecanismo principal adquirido,Escherichia coli
GCA_019202675.1,1,validacao,C1: ESBL sem carbapenemase,Escherichia coli
GCA_014931695.1,3,validacao,C3: carbapenemase serina + ESBL (plasm. 96%),Enterobacter hormaechei
GCA_052183975.1,5,validacao,C5: sem mecanismo principal adquirido,Escherichia coli
GCA_014451275.1,3,validacao,C3: carbapenemase serina + ESBL (plasm. 96%),Klebsiella pneumoniae
GCA_030466455.1,1,validacao,C1: ESBL sem carbapenemase,Escherichia coli
GCA_015537705.1,2,validacao,C2: carbapenemase serina (plasm. 61%),Acinetobacter baumannii
GCA_031570195.1,0,validacao,C0: MBL + ESBL (plasm. 80%),Serratia nevei
GCA_016991095.1,1,validacao,C1: ESBL sem carbapenemase,Escherichia coli
GCA_014500815.1,3,validacao,C3: carbapenemase serina + ESBL (plasm. 96%),Klebsiella pneumoniae
GCA_054066555.1,3,validacao,C3: carbapenemase serina + ESBL (plasm. 96%),Klebsiella pneumoniae
GCA_011037615.1,2,validacao,C2: carbapenemase serina (plasm. 61%),Klebsiella pneumoniae
GCA_016055575.1,2,validacao,C2: carbapenemase serina (plasm. 61%),Klebsiella pneumoniae
GCA_031011005.1,3,validacao,C3: carbapenemase serina + ESBL (plasm. 96%),Klebsiella pneumoniae
GCA_015666285.1,5,validacao,C5: sem mecanismo principal adquirido,Acinetobacter baumannii
GCF_001660545.1,5,validacao,C5: sem mecanismo principal adquirido,Escherichia coli
GCA_029079665.1,2,validacao,C2: carbapenemase serina (plasm. 61%),Klebsiella pneumoniae
GCA_002529075.1,2,validacao,C2: carbapenemase serina (plasm. 61%),Klebsiella pneumoniae
GCA_015666475.1,2,validacao,C2: carbapenemase serina (plasm. 61%),Acinetobacter baumannii
GCA_022320745.1,4,validacao,C4: carbapenemase serina + metilase 16S (plasm. 58%),Klebsiella pneumoniae
GCA_051169985.1,4,validacao,C4: carbapenemase serina + metilase 16S (plasm. 58%),Acinetobacter baumannii
GCA_036575245.1,0,validacao,C0: MBL + ESBL (plasm. 80%),Klebsiella quasipneumoniae
GCA_052183765.1,1,validacao,C1: ESBL sem carbapenemase,Escherichia coli
GCA_051169695.1,4,validacao,C4: carbapenemase serina + metilase 16S (plasm. 58%),Acinetobacter baumannii
GCA_014500845.1,2,validacao,C2: carbapenemase serina (plasm. 61%),Klebsiella pneumoniae
GCA_022210145.1,3,teste,C3: carbapenemase serina + ESBL (plasm. 96%),Klebsiella pneumoniae
GCA_003183885.1,5,teste,C5: sem mecanismo principal adquirido,Escherichia coli
GCA_014771915.1,5,teste,C5: sem mecanismo principal adquirido,Escherichia coli
GCA_054478215.1,5,teste,C5: sem mecanismo principal adquirido,Escherichia coli
GCA_015537635.1,2,teste,C2: carbapenemase serina (plasm. 61%),Acinetobacter baumannii
GCA_007648365.1,5,teste,C5: sem mecanismo principal adquirido,Escherichia coli
GCA_016054805.1,0,teste,C0: MBL + ESBL (plasm. 80%),Klebsiella pneumoniae
GCA_028440585.1,2,teste,C2: carbapenemase serina (plasm. 61%),Acinetobacter baumannii
GCA_016485225.1,2,teste,C2: carbapenemase serina (plasm. 61%),Acinetobacter baumannii
GCA_028440065.1,2,teste,C2: carbapenemase serina (plasm. 61%),Acinetobacter baumannii
GCA_029079145.1,3,teste,C3: carbapenemase serina + ESBL (plasm. 96%),Klebsiella pneumoniae
GCA_016990455.1,5,teste,C5: sem mecanismo principal adquirido,Escherichia coli
GCA_011812785.1,5,teste,C5: sem mecanismo principal adquirido,Escherichia coli
GCA_016991915.1,1,teste,C1: ESBL sem carbapenemase,Escherichia coli
GCA_023060375.1,4,teste,C4: carbapenemase serina + metilase 16S (plasm. 58%),Acinetobacter baumannii
GCA_016991295.1,1,teste,C1: ESBL sem carbapenemase,Escherichia coli
GCA_022023455.1,2,teste,C2: carbapenemase serina (plasm. 61%),Klebsiella pneumoniae
GCA_022209805.1,0,teste,C0: MBL + ESBL (plasm. 80%),Klebsiella pneumoniae
GCA_015537725.1,2,teste,C2: carbapenemase serina (plasm. 61%),Acinetobacter baumannii
GCA_024651035.1,5,teste,C5: sem mecanismo principal adquirido,Klebsiella pneumoniae
GCA_023060355.1,0,teste,C0: MBL + ESBL (plasm. 80%),Klebsiella pneumoniae
GCA_016991695.1,5,teste,C5: sem mecanismo principal adquirido,Escherichia coli
GCA_020589935.1,1,teste,C1: ESBL sem carbapenemase,Klebsiella pneumoniae
GCA_011037655.1,3,teste,C3: carbapenemase serina + ESBL (plasm. 96%),Klebsiella pneumoniae
GCA_003326295.1,3,teste,C3: carbapenemase serina + ESBL (plasm. 96%),Klebsiella pneumoniae
GCA_036927625.1,5,teste,C5: sem mecanismo principal adquirido,Escherichia coli
GCA_011038135.1,4,teste,C4: carbapenemase serina + metilase 16S (plasm. 58%),Klebsiella pneumoniae
GCA_028439915.1,2,teste,C2: carbapenemase serina (plasm. 61%),Acinetobacter baumannii
GCA_011037575.1,3,teste,C3: carbapenemase serina + ESBL (plasm. 96%),Klebsiella pneumoniae
GCA_003171695.1,1,teste,C1: ESBL sem carbapenemase,Proteus mirabilis
GCA_031630555.1,0,teste,C0: MBL + ESBL (plasm. 80%),Enterobacter hormaechei
GCA_052184375.1,1,teste,C1: ESBL sem carbapenemase,Escherichia coli
GCA_015681415.1,3,teste,C3: carbapenemase serina + ESBL (plasm. 96%),Enterobacter hormaechei
GCA_004347325.1,5,teste,C5: sem mecanismo principal adquirido,Acinetobacter baumannii
GCA_043848695.1,1,teste,C1: ESBL sem carbapenemase,Escherichia coli
GCA_045176285.1,3,teste,C3: carbapenemase serina + ESBL (plasm. 96%),Klebsiella pneumoniae
GCA_048966275.1,5,teste,C5: sem mecanismo principal adquirido,Enterobacter hormaechei
GCA_024650985.1,5,teste,C5: sem mecanismo principal adquirido,Klebsiella pneumoniae
GCA_003321335.1,3,teste,C3: carbapenemase serina + ESBL (plasm. 96%),Klebsiella pneumoniae
GCA_015537915.1,2,teste,C2: carbapenemase serina (plasm. 61%),Acinetobacter baumannii
GCA_012781995.1,2,teste,C2: carbapenemase serina (plasm. 61%),Acinetobacter baumannii
GCA_026223395.1,0,teste,C0: MBL + ESBL (plasm. 80%),Klebsiella pneumoniae
GCA_004116795.1,5,teste,C5: sem mecanismo principal adquirido,Escherichia coli
GCA_051170225.1,4,teste,C4: carbapenemase serina + metilase 16S (plasm. 58%),Acinetobacter baumannii
GCA_026223335.1,0,teste,C0: MBL + ESBL (plasm. 80%),Klebsiella pneumoniae
GCA_011037435.1,3,teste,C3: carbapenemase serina + ESBL (plasm. 96%),Klebsiella pneumoniae
GCA_026223715.1,0,teste,C0: MBL + ESBL (plasm. 80%),Klebsiella pneumoniae
GCA_031150065.1,5,teste,C5: sem mecanismo principal adquirido,Klebsiella aerogenes
GCA_036927645.1,5,teste,C5: sem mecanismo principal adquirido,Escherichia coli
GCA_009829595.1,2,teste,C2: carbapenemase serina (plasm. 61%),Acinetobacter baumannii
GCA_036925195.1,5,teste,C5: sem mecanismo principal adquirido,Escherichia coli
GCA_052049295.1,4,teste,C4: carbapenemase serina + metilase 16S (plasm. 58%),Klebsiella pneumoniae
GCA_029079765.1,4,teste,C4: carbapenemase serina + metilase 16S (plasm. 58%),Klebsiella pneumoniae
GCA_041901375.1,2,teste,C2: carbapenemase serina (plasm. 61%),Enterobacter hormaechei
GCA_011038055.1,4,teste,C4: carbapenemase serina + metilase 16S (plasm. 58%),Klebsiella pneumoniae
GCA_001758065.1,0,teste,C0: MBL + ESBL (plasm. 80%),Acinetobacter baumannii
GCA_020657695.1,2,teste,C2: carbapenemase serina (plasm. 61%),Acinetobacter baumannii
GCA_031011065.1,3,teste,C3: carbapenemase serina + ESBL (plasm. 96%),Klebsiella pneumoniae
GCA_038397905.1,3,teste,C3: carbapenemase serina + ESBL (plasm. 96%),Leclercia adecarboxylata
GCA_030551235.1,4,teste,C4: carbapenemase serina + metilase 16S (plasm. 58%),Acinetobacter baumannii
GCA_052048975.1,1,teste,C1: ESBL sem carbapenemase,Klebsiella pneumoniae
GCA_016055605.1,2,teste,C2: carbapenemase serina (plasm. 61%),Klebsiella pneumoniae
GCA_039769275.1,0,teste,C0: MBL + ESBL (plasm. 80%),Klebsiella quasipneumoniae
GCA_051170645.1,4,teste,C4: carbapenemase serina + metilase 16S (plasm. 58%),Acinetobacter baumannii
GCA_029079545.1,4,teste,C4: carbapenemase serina + metilase 16S (plasm. 58%),Klebsiella pneumoniae
GCA_021206585.1,3,teste,C3: carbapenemase serina + ESBL (plasm. 96%),Klebsiella pneumoniae
GCA_018224005.1,5,teste,C5: sem mecanismo principal adquirido,Klebsiella sp.
GCA_051170625.1,4,teste,C4: carbapenemase serina + metilase 16S (plasm. 58%),Acinetobacter baumannii
GCA_052216765.1,5,teste,C5: sem mecanismo principal adquirido,Escherichia coli
GCF_001899625.1,1,teste,C1: ESBL sem carbapenemase,Escherichia coli
GCA_007646935.1,5,teste,C5: sem mecanismo principal adquirido,Escherichia coli
GCA_052388815.1,3,teste,C3: carbapenemase serina + ESBL (plasm. 96%),Klebsiella pneumoniae
GCA_051170105.1,4,teste,C4: carbapenemase serina + metilase 16S (plasm. 58%),Acinetobacter baumannii
GCA_054067835.1,3,teste,C3: carbapenemase serina + ESBL (plasm. 96%),Klebsiella pneumoniae
GCA_054067975.1,2,teste,C2: carbapenemase serina (plasm. 61%),Klebsiella pneumoniae
GCA_900322625.1,2,teste,C2: carbapenemase serina (plasm. 61%),Klebsiella pneumoniae
GCA_051169395.1,4,teste,C4: carbapenemase serina + metilase 16S (plasm. 58%),Acinetobacter baumannii
GCA_054068185.1,3,teste,C3: carbapenemase serina + ESBL (plasm. 96%),Klebsiella pneumoniae
GCA_007644235.1,5,teste,C5: sem mecanismo principal adquirido,Escherichia coli
GCA_029079055.1,2,teste,C2: carbapenemase serina (plasm. 61%),Klebsiella pneumoniae
GCA_042160135.1,0,teste,C0: MBL + ESBL (plasm. 80%),Klebsiella pneumoniae
GCA_026223035.1,1,teste,C1: ESBL sem carbapenemase,Klebsiella pneumoniae
GCA_011038255.1,3,teste,C3: carbapenemase serina + ESBL (plasm. 96%),Klebsiella pneumoniae
GCA_040493715.1,0,teste,C0: MBL + ESBL (plasm. 80%),Klebsiella pneumoniae
GCA_054069195.1,2,teste,C2: carbapenemase serina (plasm. 61%),Klebsiella pneumoniae
GCA_002859105.1,5,teste,C5: sem mecanismo principal adquirido,Escherichia coli
GCA_022209945.1,0,teste,C0: MBL + ESBL (plasm. 80%),Klebsiella pneumoniae
GCA_052183235.1,5,teste,C5: sem mecanismo principal adquirido,Escherichia coli
GCA_021021155.1,4,teste,C4: carbapenemase serina + metilase 16S (plasm. 58%),Klebsiella pneumoniae
GCA_000512165.1,4,teste,C4: carbapenemase serina + metilase 16S (plasm. 58%),Klebsiella pneumoniae
GCA_007648685.1,5,teste,C5: sem mecanismo principal adquirido,Escherichia coli
GCA_024651195.1,4,teste,C4: carbapenemase serina + metilase 16S (plasm. 58%),Klebsiella pneumoniae
GCA_054477985.1,1,teste,C1: ESBL sem carbapenemase,Escherichia coli
GCA_024652385.1,1,teste,C1: ESBL sem carbapenemase,Klebsiella pneumoniae
GCF_001982585.1,1,teste,C1: ESBL sem carbapenemase,Escherichia coli
GCF_001649595.1,2,teste,C2: carbapenemase serina (plasm. 61%),Acinetobacter baumannii
GCA_007646755.1,5,teste,C5: sem mecanismo principal adquirido,Escherichia coli
GCA_031630205.1,0,teste,C0: MBL + ESBL (plasm. 80%),Serratia marcescens
GCA_022023475.1,3,teste,C3: carbapenemase serina + ESBL (plasm. 96%),Klebsiella pneumoniae
GCA_001645745.1,1,teste,C1: ESBL sem carbapenemase,Klebsiella pneumoniae
GCA_007648475.1,5,teste,C5: sem mecanismo principal adquirido,Escherichia coli
GCA_016991415.1,1,teste,C1: ESBL sem carbapenemase,Escherichia coli
GCA_016485365.1,2,teste,C2: carbapenemase serina (plasm. 61%),Acinetobacter baumannii
GCA_000355235.1,5,teste,C5: sem mecanismo principal adquirido,Escherichia coli
GCA_023060475.1,0,teste,C0: MBL + ESBL (plasm. 80%),Enterobacter cloacae
GCF_001649615.1,2,teste,C2: carbapenemase serina (plasm. 61%),Acinetobacter baumannii
GCA_018223965.1,5,teste,C5: sem mecanismo principal adquirido,Klebsiella sp.
GCA_016055685.1,2,teste,C2: carbapenemase serina (plasm. 61%),Acinetobacter baumannii
GCA_018271545.1,4,teste,C4: carbapenemase serina + metilase 16S (plasm. 58%),Klebsiella pneumoniae
GCA_017565865.1,5,teste,C5: sem mecanismo principal adquirido,Klebsiella pneumoniae
GCA_002300775.1,2,teste,C2: carbapenemase serina (plasm. 61%),Klebsiella pneumoniae
GCF_001649625.1,2,teste,C2: carbapenemase serina (plasm. 61%),Acinetobacter baumannii
GCA_011038495.1,3,teste,C3: carbapenemase serina + ESBL (plasm. 96%),Klebsiella pneumoniae
GCA_051170365.1,4,teste,C4: carbapenemase serina + metilase 16S (plasm. 58%),Acinetobacter baumannii
GCA_006517685.1,5,teste,C5: sem mecanismo principal adquirido,Proteus mirabilis
GCA_011038175.1,3,teste,C3: carbapenemase serina + ESBL (plasm. 96%),Klebsiella pneumoniae
GCA_022204885.1,2,teste,C2: carbapenemase serina (plasm. 61%),Klebsiella pneumoniae
GCA_016760355.1,5,teste,C5: sem mecanismo principal adquirido,Escherichia coli
GCA_040493875.1,0,teste,C0: MBL + ESBL (plasm. 80%),Klebsiella pneumoniae
GCA_022209745.1,0,teste,C0: MBL + ESBL (plasm. 80%),Klebsiella pneumoniae
GCA_022023255.1,3,teste,C3: carbapenemase serina + ESBL (plasm. 96%),Klebsiella pneumoniae
GCA_024650955.1,1,teste,C1: ESBL sem carbapenemase,Klebsiella pneumoniae
GCA_016991615.1,5,teste,C5: sem mecanismo principal adquirido,Escherichia coli
GCA_024651185.1,3,teste,C3: carbapenemase serina + ESBL (plasm. 96%),Klebsiella pneumoniae
GCA_002029935.1,2,teste,C2: carbapenemase serina (plasm. 61%),Morganella morganii
GCA_011038515.1,3,teste,C3: carbapenemase serina + ESBL (plasm. 96%),Klebsiella pneumoniae
GCA_017052575.1,5,teste,C5: sem mecanismo principal adquirido,Escherichia coli
GCA_054068835.1,2,teste,C2: carbapenemase serina (plasm. 61%),Klebsiella pneumoniae
GCF_002018965.1,2,teste,C2: carbapenemase serina (plasm. 61%),Acinetobacter baumannii
GCA_023572625.1,2,teste,C2: carbapenemase serina (plasm. 61%),Acinetobacter baumannii
GCA_009754985.1,5,teste,C5: sem mecanismo principal adquirido,Acinetobacter baumannii
GCA_054067695.1,3,teste,C3: carbapenemase serina + ESBL (plasm. 96%),Klebsiella pneumoniae
GCA_014451185.1,1,teste,C1: ESBL sem carbapenemase,Klebsiella pneumoniae
GCA_051170485.1,4,teste,C4: carbapenemase serina + metilase 16S (plasm. 58%),Acinetobacter baumannii
GCA_021735985.1,5,teste,C5: sem mecanismo principal adquirido,Escherichia coli
GCA_042607585.1,0,teste,C0: MBL + ESBL (plasm. 80%),Klebsiella pneumoniae
GCA_022182625.1,2,teste,C2: carbapenemase serina (plasm. 61%),Klebsiella pneumoniae
GCA_019202475.1,0,teste,C0: MBL + ESBL (plasm. 80%),Escherichia coli
GCA_052389015.1,3,teste,C3: carbapenemase serina + ESBL (plasm. 96%),Klebsiella pneumoniae
GCA_026222805.1,0,teste,C0: MBL + ESBL (plasm. 80%),Klebsiella quasipneumoniae
GCA_041986685.1,3,teste,C3: carbapenemase serina + ESBL (plasm. 96%),Klebsiella pneumoniae
GCA_052183695.1,1,teste,C1: ESBL sem carbapenemase,Escherichia coli
GCA_029079175.1,3,teste,C3: carbapenemase serina + ESBL (plasm. 96%),Klebsiella pneumoniae
GCA_003326305.1,4,teste,C4: carbapenemase serina + metilase 16S (plasm. 58%),Klebsiella pneumoniae
GCA_052184335.1,5,teste,C5: sem mecanismo principal adquirido,Escherichia coli
GCA_019201995.1,5,teste,C5: sem mecanismo principal adquirido,Escherichia coli
GCA_007644265.1,5,teste,C5: sem mecanismo principal adquirido,Escherichia coli
GCA_022210625.1,3,teste,C3: carbapenemase serina + ESBL (plasm. 96%),Klebsiella pneumoniae
GCA_002300715.1,3,teste,C3: carbapenemase serina + ESBL (plasm. 96%),Klebsiella pneumoniae
GCA_026223355.1,0,teste,C0: MBL + ESBL (plasm. 80%),Klebsiella quasipneumoniae
GCA_000250195.2,5,teste,C5: sem mecanismo principal adquirido,Escherichia coli
GCA_041221905.1,1,teste,C1: ESBL sem carbapenemase,Klebsiella pneumoniae
GCA_031011125.1,3,teste,C3: carbapenemase serina + ESBL (plasm. 96%),Klebsiella pneumoniae
GCF_001701915.1,2,teste,C2: carbapenemase serina (plasm. 61%),Klebsiella pneumoniae
GCA_024651075.1,3,teste,C3: carbapenemase serina + ESBL (plasm. 96%),Klebsiella pneumoniae
GCA_015537605.1,2,teste,C2: carbapenemase serina (plasm. 61%),Acinetobacter baumannii
GCA_022694165.1,5,teste,C5: sem mecanismo principal adquirido,Escherichia coli
GCA_002951555.1,3,teste,C3: carbapenemase serina + ESBL (plasm. 96%),Klebsiella pneumoniae
GCA_024813755.1,1,teste,C1: ESBL sem carbapenemase,Klebsiella pneumoniae
GCA_012102985.1,5,teste,C5: sem mecanismo principal adquirido,Klebsiella variicola
GCA_007648445.1,5,teste,C5: sem mecanismo principal adquirido,Escherichia coli
GCA_024813465.1,5,teste,C5: sem mecanismo principal adquirido,Klebsiella pneumoniae
GCA_016485005.1,2,teste,C2: carbapenemase serina (plasm. 61%),Acinetobacter baumannii
GCA_054068135.1,2,teste,C2: carbapenemase serina (plasm. 61%),Klebsiella pneumoniae
GCA_009829525.1,2,teste,C2: carbapenemase serina (plasm. 61%),Acinetobacter baumannii
GCA_026191785.1,2,teste,C2: carbapenemase serina (plasm. 61%),Klebsiella pneumoniae
GCA_022210445.1,4,teste,C4: carbapenemase serina + metilase 16S (plasm. 58%),Klebsiella pneumoniae
GCA_003326315.1,4,teste,C4: carbapenemase serina + metilase 16S (plasm. 58%),Klebsiella pneumoniae
GCA_038433305.1,3,teste,C3: carbapenemase serina + ESBL (plasm. 96%),Klebsiella pneumoniae
GCA_007644195.1,5,teste,C5: sem mecanismo principal adquirido,Escherichia coli
GCA_022022955.1,4,teste,C4: carbapenemase serina + metilase 16S (plasm. 58%),Klebsiella pneumoniae
GCA_052049195.1,3,teste,C3: carbapenemase serina + ESBL (plasm. 96%),Klebsiella pneumoniae
GCA_015666635.1,4,teste,C4: carbapenemase serina + metilase 16S (plasm. 58%),Klebsiella pneumoniae
GCA_014323715.1,2,teste,C2: carbapenemase serina (plasm. 61%),Klebsiella pneumoniae
GCA_019249965.1,2,teste,C2: carbapenemase serina (plasm. 61%),Escherichia coli
GCA_022694325.1,5,teste,C5: sem mecanismo principal adquirido,Escherichia coli
GCA_012956645.1,4,teste,C4: carbapenemase serina + metilase 16S (plasm. 58%),Klebsiella pneumoniae
GCA_007646545.1,5,teste,C5: sem mecanismo principal adquirido,Escherichia coli
GCA_006152075.1,1,teste,C1: ESBL sem carbapenemase,Klebsiella pneumoniae
GCA_018423645.1,3,teste,C3: carbapenemase serina + ESBL (plasm. 96%),Klebsiella pneumoniae
GCA_003204905.1,2,teste,C2: carbapenemase serina (plasm. 61%),Serratia marcescens
GCA_029079905.1,2,teste,C2: carbapenemase serina (plasm. 61%),Klebsiella pneumoniae
GCA_029079305.1,4,teste,C4: carbapenemase serina + metilase 16S (plasm. 58%),Klebsiella pneumoniae
GCA_003204555.1,2,teste,C2: carbapenemase serina (plasm. 61%),Serratia marcescens
GCA_003325665.1,2,teste,C2: carbapenemase serina (plasm. 61%),Acinetobacter baumannii
GCA_041221915.1,1,teste,C1: ESBL sem carbapenemase,Klebsiella pneumoniae
GCA_014926275.1,1,teste,C1: ESBL sem carbapenemase,Citrobacter freundii
GCA_031100955.1,2,teste,C2: carbapenemase serina (plasm. 61%),Acinetobacter baumannii
GCA_051170145.1,4,teste,C4: carbapenemase serina + metilase 16S (plasm. 58%),Acinetobacter baumannii
GCA_016055475.1,2,teste,C2: carbapenemase serina (plasm. 61%),Acinetobacter baumannii
GCA_052185475.1,1,teste,C1: ESBL sem carbapenemase,Escherichia coli
GCA_016881465.1,3,teste,C3: carbapenemase serina + ESBL (plasm. 96%),Klebsiella pneumoniae
GCA_002289105.1,2,teste,C2: carbapenemase serina (plasm. 61%),Klebsiella pneumoniae
GCA_051170545.1,4,teste,C4: carbapenemase serina + metilase 16S (plasm. 58%),Acinetobacter baumannii
GCA_019202435.1,0,teste,C0: MBL + ESBL (plasm. 80%),Escherichia coli
GCA_024813785.1,4,teste,C4: carbapenemase serina + metilase 16S (plasm. 58%),Klebsiella pneumoniae
GCA_011037455.1,2,teste,C2: carbapenemase serina (plasm. 61%),Klebsiella pneumoniae
GCA_054478375.1,5,teste,C5: sem mecanismo principal adquirido,Escherichia coli
GCA_015537155.1,2,teste,C2: carbapenemase serina (plasm. 61%),Acinetobacter baumannii
GCA_022321785.1,3,teste,C3: carbapenemase serina + ESBL (plasm. 96%),Klebsiella pneumoniae
GCA_015666685.1,0,teste,C0: MBL + ESBL (plasm. 80%),Klebsiella pneumoniae
GCA_011812865.1,5,teste,C5: sem mecanismo principal adquirido,Escherichia coli
GCA_022170485.1,3,teste,C3: carbapenemase serina + ESBL (plasm. 96%),Klebsiella aerogenes
GCA_054068095.1,2,teste,C2: carbapenemase serina (plasm. 61%),Klebsiella pneumoniae
GCA_029079105.1,3,teste,C3: carbapenemase serina + ESBL (plasm. 96%),Klebsiella pneumoniae
GCA_054832315.1,1,teste,C1: ESBL sem carbapenemase,Escherichia coli
GCA_036575275.1,0,teste,C0: MBL + ESBL (plasm. 80%),Klebsiella quasipneumoniae
GCA_011038195.1,2,teste,C2: carbapenemase serina (plasm. 61%),Klebsiella pneumoniae
GCA_029078915.1,4,teste,C4: carbapenemase serina + metilase 16S (plasm. 58%),Klebsiella pneumoniae
GCA_002563295.1,5,teste,C5: sem mecanismo principal adquirido,Escherichia albertii
GCA_022209405.1,2,teste,C2: carbapenemase serina (plasm. 61%),Klebsiella pneumoniae
GCA_024651865.1,1,teste,C1: ESBL sem carbapenemase,Klebsiella pneumoniae
GCA_054068155.1,4,teste,C4: carbapenemase serina + metilase 16S (plasm. 58%),Klebsiella pneumoniae
GCA_054478225.1,5,teste,C5: sem mecanismo principal adquirido,Escherichia coli
GCA_016786245.1,5,teste,C5: sem mecanismo principal adquirido,Escherichia coli
GCA_052184715.1,1,teste,C1: ESBL sem carbapenemase,Escherichia coli
GCA_051170285.1,4,teste,C4: carbapenemase serina + metilase 16S (plasm. 58%),Acinetobacter baumannii
GCA_054066815.1,3,teste,C3: carbapenemase serina + ESBL (plasm. 96%),Klebsiella pneumoniae
GCA_041218425.1,1,teste,C1: ESBL sem carbapenemase,Klebsiella pneumoniae
GCA_051169785.1,4,teste,C4: carbapenemase serina + metilase 16S (plasm. 58%),Acinetobacter baumannii
GCA_026223235.1,0,teste,C0: MBL + ESBL (plasm. 80%),Klebsiella pneumoniae
GCA_009799765.1,0,teste,C0: MBL + ESBL (plasm. 80%),Escherichia coli
GCA_052492775.1,4,teste,C4: carbapenemase serina + metilase 16S (plasm. 58%),Acinetobacter baumannii
