sample,n_class_A_carbapenemase_plasmidial,prop_carbapenemase_BD_plasmidial,n_esbl_plasmidial,n_genes_efflux_plasmidial,pct_contigs_plasmidial,n_plasmids_com_conjugacao,gc_diff_plasmid_cromossomo,Species,WHO_Priority
GCA_000316425.1,0,0,0,2,5.675675675675676,5,-2.9200000000000017,Escherichia coli,Critical
GCA_000355215.1,0,0,0,10,42.85714285714285,11,-2.1000000000000014,Escherichia coli,Critical
GCA_000355195.1,0,0,0,3,44.230769230769226,8,-1.5,Escherichia coli,Critical
GCA_000355235.1,0,0,1,2,9.67741935483871,2,-1.1300000000000026,Escherichia coli,Critical
GCA_000355255.1,0,0,1,2,33.33333333333333,10,-1.1699999999999946,Escherichia coli,Critical
GCA_000512165.1,1,0,3,3,85.71428571428571,4,-9.119999999999996,Klebsiella pneumoniae,Critical
GCA_041901425.1,0,1,0,10,37.735849056603776,8,-3.520000000000003,Klebsiella michiganensis,Critical
GCA_023093655.1,1,0,1,8,42.3728813559322,9,-1.3399999999999963,Klebsiella michiganensis,Critical
GCA_026223635.2,0,0,1,0,50.0,1,-4.770000000000003,Klebsiella michiganensis,Critical
GCA_018224045.1,0,0,1,5,33.33333333333333,5,-1.6799999999999995,Klebsiella sp.,Critical
GCA_023060195.1,0,1,0,3,29.230769230769237,5,-2.049999999999997,Enterobacter hormaechei,Critical
GCA_023060285.1,1,0,0,1,30.35714285714285,9,-5.859999999999999,Enterobacter hormaechei,Critical
GCA_023061085.1,1,0,1,6,33.64485981308411,7,-3.86,Enterobacter hormaechei,Critical
GCA_023572585.1,0,0,0,5,14.736842105263156,3,-2.229999999999997,Enterobacter hormaechei,Critical
GCA_014931695.1,1,0,1,3,75.0,2,-2.509999999999998,Enterobacter hormaechei,Critical
GCA_024813835.1,1,0,2,2,28.865979381443296,5,-3.6599999999999966,Klebsiella quasipneumoniae,Critical
GCA_036575175.1,0,1,2,0,54.54545454545454,1,-7.269999999999996,Klebsiella quasipneumoniae,Critical
GCA_036575205.1,0,1,0,0,25.0,1,-9.04,Klebsiella quasipneumoniae,Critical
GCA_036575245.1,0,1,1,0,50.0,1,-5.809999999999995,Klebsiella quasipneumoniae,Critical
GCA_036575275.1,0,1,2,1,50.0,1,-5.68,Klebsiella quasipneumoniae,Critical
GCA_036575265.1,0,1,1,1,64.28571428571429,3,-5.920000000000002,Klebsiella quasipneumoniae,Critical
GCA_006151945.1,0,1,1,6,13.174946004319654,6,-2.8200000000000003,Klebsiella quasipneumoniae,Critical
GCA_006151965.1,1,0,0,4,26.229508196721312,2,-1.0499999999999972,Klebsiella quasipneumoniae,Critical
GCA_006546635.1,0,0,0,2,16.071428571428573,1,-0.5700000000000003,Klebsiella quasipneumoniae,Critical
GCA_009361775.1,1,0,0,2,41.935483870967744,14,-5.039999999999999,Klebsiella quasipneumoniae,Critical
GCA_016055875.1,1,0,2,2,22.88135593220339,5,-5.779999999999994,Klebsiella quasipneumoniae,Critical
GCF_001715345.1,0,0,2,4,36.48648648648648,3,-3.469999999999999,Klebsiella quasipneumoniae,Critical
GCA_003020825.1,1,0,0,0,66.66666666666666,0,-6.770000000000003,Klebsiella quasipneumoniae,Critical
GCA_003583875.1,0,0,1,5,29.67032967032967,6,-3.1000000000000014,Klebsiella quasipneumoniae,Critical
GCA_026222785.1,0,0,2,3,35.714285714285715,5,-5.469999999999999,Klebsiella quasipneumoniae,Critical
GCA_026222805.1,0,1,2,4,30.625000000000004,12,-1.5300000000000011,Klebsiella quasipneumoniae,Critical
GCA_026222915.1,0,1,0,0,18.181818181818183,2,-7.210000000000001,Klebsiella quasipneumoniae,Critical
GCA_026223195.1,0,0,0,3,23.93162393162393,5,-3.280000000000001,Klebsiella quasipneumoniae,Critical
GCA_026223355.1,0,1,2,10,31.88405797101449,4,-1.1700000000000017,Klebsiella quasipneumoniae,Critical
GCA_026223415.1,0,1,2,4,31.15942028985507,7,-3.240000000000002,Klebsiella quasipneumoniae,Critical
GCA_026223535.1,0,0,1,10,22.41379310344828,4,-0.6600000000000037,Klebsiella quasipneumoniae,Critical
GCA_026223585.1,0,0,3,6,27.94117647058824,4,-2.8799999999999955,Klebsiella quasipneumoniae,Critical
GCA_026223645.1,0,1,2,2,31.818181818181817,6,-2.6700000000000017,Klebsiella quasipneumoniae,Critical
GCA_026223675.1,0,1,2,2,36.440677966101696,6,-1.3699999999999974,Klebsiella quasipneumoniae,Critical
GCA_026223695.1,0,0,2,6,26.506024096385545,12,-3.289999999999999,Klebsiella quasipneumoniae,Critical
GCF_001649555.1,0,0,0,0,0.0,0,-1.693981951394385,Yersinia enterocolitica,Critical
GCA_023093575.1,1,0,0,3,25.961538461538463,5,-1.5200000000000031,Enterobacter hormaechei,Critical
GCA_023806685.1,1,0,1,4,19.8581560283688,5,-3.5799999999999983,Enterobacter hormaechei,Critical
GCA_023893615.1,1,0,2,8,18.26086956521739,6,-2.5,Enterobacter hormaechei,Critical
GCA_023893895.1,1,0,1,7,25.136612021857925,4,-0.6700000000000017,Enterobacter hormaechei,Critical
GCA_023897125.1,1,0,1,4,30.246913580246915,6,-4.109999999999999,Enterobacter hormaechei,Critical
GCA_024006975.1,1,0,1,6,16.822429906542055,6,-2.68,Enterobacter hormaechei,Critical
GCA_024055755.1,0,0,0,3,13.930348258706468,5,-0.8299999999999983,Enterobacter hormaechei,Critical
GCA_024055765.1,0,0,0,6,25.0,9,-0.5200000000000031,Enterobacter hormaechei,Critical
GCA_024055805.1,1,0,1,7,16.82926829268293,5,-2.8999999999999986,Enterobacter hormaechei,Critical
GCA_024055825.1,0,0,0,7,20.65217391304348,1,0.0499999999999971,Enterobacter hormaechei,Critical
GCA_024055855.1,1,0,1,9,17.543859649122805,2,-0.3299999999999983,Enterobacter hormaechei,Critical
GCA_024655285.1,1,0,0,3,16.666666666666664,2,0.2099999999999937,Enterobacter hormaechei,Critical
GCA_024655315.1,1,0,1,6,16.346153846153847,5,-2.710000000000001,Enterobacter hormaechei,Critical
GCA_024655335.1,1,0,1,8,23.62869198312236,6,-2.469999999999999,Enterobacter hormaechei,Critical
GCA_031630535.1,0,1,1,2,30.89430894308943,6,-2.520000000000003,Enterobacter hormaechei,Critical
GCA_031630555.1,0,0,0,6,34.73684210526316,5,-3.4399999999999977,Enterobacter hormaechei,Critical
GCA_031630575.1,0,0,0,6,27.472527472527474,6,-3.4200000000000017,Enterobacter hormaechei,Critical
GCA_031630595.1,0,1,0,9,29.6,5,-3.3399999999999963,Enterobacter hormaechei,Critical
GCA_031630615.1,0,0,0,8,25.333333333333336,7,-4.409999999999997,Enterobacter hormaechei,Critical
GCA_031630635.1,0,0,0,8,21.153846153846157,4,-3.0700000000000003,Enterobacter hormaechei,Critical
GCA_031630655.1,0,1,1,5,29.126213592233007,6,-2.3100000000000023,Enterobacter hormaechei,Critical
GCA_037938235.1,1,1,1,3,27.659574468085108,9,-1.490000000000002,Enterobacter hormaechei,Critical
GCA_041901375.1,1,0,0,3,26.984126984126984,1,-1.2899999999999991,Enterobacter hormaechei,Critical
GCA_043109455.1,0,0,1,6,42.85714285714285,3,-5.400000000000006,Enterobacter hormaechei,Critical
GCA_031630675.1,0,0,2,5,20.149253731343283,7,-1.8000000000000045,Citrobacter portucalensis,Critical
GCA_036575035.1,0,0,1,0,37.5,2,-6.950000000000003,Klebsiella quasipneumoniae,Critical
GCA_036575105.1,0,1,2,0,23.52941176470588,1,-7.0,Klebsiella quasipneumoniae,Critical
GCA_036575155.1,0,1,1,0,31.818181818181817,1,-6.649999999999999,Klebsiella quasipneumoniae,Critical
GCA_036575225.1,0,1,1,0,55.55555555555556,3,-7.059999999999995,Klebsiella quasipneumoniae,Critical
GCA_036575455.1,0,1,2,0,29.166666666666668,2,-7.039999999999999,Klebsiella quasipneumoniae,Critical
GCA_036575445.1,0,1,2,0,33.33333333333333,1,-6.810000000000002,Klebsiella quasipneumoniae,Critical
GCA_036851855.1,0,1,3,0,22.516556291390728,6,-5.009999999999998,Klebsiella quasipneumoniae,Critical
GCA_039769275.1,0,1,3,2,42.85714285714285,3,-2.5799999999999983,Klebsiella quasipneumoniae,Critical
GCA_007004165.1,0,0,0,0,14.893617021276595,0,-0.0700000000000073,Mycobacterium tuberculosis,Critical
GCA_048158445.1,0,0,0,0,12.43523316062176,0,-0.2399999999999948,Mycobacterium tuberculosis,Critical
GCF_001270365.1,0,0,0,0,15.432098765432098,0,-0.2799999999999869,Mycobacterium tuberculosis,Critical
GCF_001270405.1,0,0,0,0,15.714285714285714,0,-0.059999999999988,Mycobacterium tuberculosis,Critical
GCA_002145455.1,0,0,1,10,26.923076923076923,7,-0.2199999999999988,Enterobacter kobei,Critical
GCA_002563295.1,0,0,0,0,9.090909090909092,0,-0.9799999999999968,Escherichia albertii,Critical
GCA_002895205.1,0,0,0,0,0.0,0,-0.5110833978004845,Escherichia albertii,Critical
GCA_026222775.1,0,1,1,6,37.073170731707314,22,-0.7800000000000011,Klebsiella variicola,Critical
GCA_026222995.1,0,1,1,5,32.6797385620915,7,-3.960000000000001,Klebsiella variicola,Critical
GCA_026223485.1,0,0,0,7,25.0,12,-2.769999999999996,Klebsiella variicola,Critical
GCA_029079245.1,1,0,0,10,30.927835051546392,3,-1.5499999999999972,Klebsiella variicola,Critical
GCA_005217765.1,1,0,2,2,30.392156862745097,4,-6.230000000000004,Klebsiella variicola,Critical
GCA_011394875.1,0,0,2,4,23.218997361477573,11,-2.3299999999999983,Klebsiella variicola,Critical
GCA_012102985.1,0,0,0,6,15.384615384615383,1,-0.1799999999999997,Klebsiella variicola,Critical
GCA_012274365.1,0,0,0,3,27.200000000000003,0,-0.3300000000000054,Klebsiella variicola,Critical
GCA_012274355.1,0,0,0,5,16.3265306122449,0,0.9399999999999976,Klebsiella variicola,Critical
GCA_012274345.1,0,0,0,3,22.22222222222222,3,-0.9099999999999966,Klebsiella variicola,Critical
GCA_012274385.1,0,0,0,3,23.61111111111111,3,-0.6299999999999955,Klebsiella variicola,Critical
GCA_012274425.1,0,0,0,0,3.0303030303030303,0,4.399999999999999,Klebsiella variicola,Critical
GCA_016598855.1,1,0,0,1,83.33333333333334,2,-4.310000000000002,Klebsiella variicola,Critical
GCA_023060495.1,0,0,0,9,18.0,2,0.6199999999999974,Enterobacter chengduensis,Critical
GCA_008369545.1,0,1,0,3,18.69918699186992,5,-0.6000000000000014,Pseudocitrobacter sp.,Critical
GCA_031570155.1,0,1,0,1,16.52173913043478,4,-0.1700000000000017,Serratia nevei,Critical
GCA_031570175.1,0,1,0,1,16.129032258064516,6,-0.75,Serratia nevei,Critical
GCA_031570195.1,0,1,1,3,15.384615384615383,2,-0.8100000000000023,Serratia nevei,Critical
GCA_018223985.1,0,0,0,0,28.40909090909091,5,-4.439999999999998,Klebsiella sp.,Critical
GCA_018224005.1,0,0,1,5,32.467532467532465,5,-2.3299999999999983,Klebsiella sp.,Critical
GCA_018223965.1,0,0,0,0,32.0,5,-5.509999999999998,Klebsiella sp.,Critical
GCA_018223865.1,0,0,1,5,27.43362831858407,4,-0.990000000000002,Escherichia sp.,Critical
GCA_018223905.1,0,0,0,5,24.92836676217765,8,-0.8000000000000043,Klebsiella sp.,Critical
GCA_018223915.1,0,0,0,0,25.333333333333336,2,-1.0200000000000031,Klebsiella sp.,Critical
GCA_018223875.1,0,0,0,0,9.090909090909092,0,0.8599999999999994,Klebsiella sp.,Critical
GCA_018223925.1,0,0,1,2,15.0,0,0.2999999999999971,Klebsiella sp.,Critical
GCA_023060975.1,1,0,2,3,30.69306930693069,5,-2.1699999999999946,Enterobacter hormaechei,Critical
GCA_000803045.1,0,0,0,13,50.0,8,-2.509999999999998,Enterobacter hormaechei,Critical
GCA_023060695.1,1,0,0,3,22.35294117647059,5,-1.1300000000000026,Enterobacter hormaechei,Critical
GCA_023060475.1,0,1,2,1,21.333333333333336,4,-3.86,Enterobacter cloacae,Critical
GCA_023060535.1,0,0,0,8,23.07692307692308,4,-0.3900000000000005,Enterobacter cloacae,Critical
GCA_023572505.1,0,0,0,5,14.583333333333334,0,0.1600000000000037,Enterobacter cloacae,Critical
GCA_012276745.1,0,0,1,6,12.658227848101266,4,-0.769999999999996,Acinetobacter baumannii,Critical
GCA_012276735.1,0,0,0,1,5.194805194805195,0,-0.6600000000000037,Acinetobacter baumannii,Critical
GCA_012277115.1,0,0,1,8,12.048192771084338,3,-0.3299999999999983,Acinetobacter baumannii,Critical
GCA_012515875.1,0,0,0,1,3.79746835443038,1,-0.2299999999999968,Acinetobacter baumannii,Critical
GCA_012781995.1,0,0,0,8,16.9811320754717,3,-0.3999999999999986,Acinetobacter baumannii,Critical
GCA_012955845.1,0,1,0,8,16.3265306122449,3,-0.8700000000000045,Acinetobacter baumannii,Critical
GCA_012955825.1,0,0,0,4,14.130434782608695,4,0.1099999999999994,Acinetobacter baumannii,Critical
GCA_012956585.1,0,0,1,4,19.913419913419915,5,-0.1099999999999994,Acinetobacter baumannii,Critical
GCA_013138435.1,0,0,1,4,22.448979591836736,4,-0.7800000000000011,Acinetobacter baumannii,Critical
GCA_013138415.1,0,0,1,7,17.2972972972973,2,-0.6199999999999974,Acinetobacter baumannii,Critical
GCA_013138475.1,0,0,1,3,18.51851851851852,2,0.009999999999998,Acinetobacter baumannii,Critical
GCA_015536845.1,0,0,0,6,12.452830188679243,1,-0.1599999999999966,Acinetobacter baumannii,Critical
GCA_015536855.1,0,0,0,2,11.71875,2,-0.3499999999999943,Acinetobacter baumannii,Critical
GCA_015536865.1,0,0,0,3,15.11627906976744,2,-0.7199999999999989,Acinetobacter baumannii,Critical
GCA_015536875.1,0,0,0,3,11.486486486486488,2,-0.6899999999999977,Acinetobacter baumannii,Critical
GCA_015536925.1,0,1,0,5,8.47457627118644,1,-0.6499999999999986,Acinetobacter baumannii,Critical
GCA_015536935.1,0,1,0,3,11.695906432748536,5,-0.4399999999999977,Acinetobacter baumannii,Critical
GCA_015536955.1,0,1,0,7,5.625,2,0.0899999999999963,Acinetobacter baumannii,Critical
GCA_015536965.1,0,0,1,6,12.06896551724138,4,-0.5700000000000003,Acinetobacter baumannii,Critical
GCA_015536975.1,0,0,0,1,3.5211267605633805,1,-0.5599999999999952,Acinetobacter baumannii,Critical
GCA_015537025.1,0,1,0,2,4.166666666666666,1,-0.4399999999999977,Acinetobacter baumannii,Critical
GCA_015537035.1,0,0,0,7,17.647058823529413,3,-0.1399999999999934,Acinetobacter baumannii,Critical
GCA_015537045.1,0,0,0,2,17.452830188679243,3,0.0799999999999983,Acinetobacter baumannii,Critical
GCA_015537085.1,0,0,0,6,20.3125,5,-0.3799999999999954,Acinetobacter baumannii,Critical
GCA_015537095.1,0,1,1,6,5.5813953488372094,1,-0.2199999999999988,Acinetobacter baumannii,Critical
GCA_015537125.1,0,0,0,5,10.0,1,-0.480000000000004,Acinetobacter baumannii,Critical
GCA_015537145.1,0,0,0,5,19.753086419753085,2,0.0300000000000011,Acinetobacter baumannii,Critical
GCA_015537155.1,0,1,0,3,7.352941176470589,3,-0.4699999999999988,Acinetobacter baumannii,Critical
GCA_015537165.1,0,0,0,2,9.67741935483871,3,-1.0799999999999983,Acinetobacter baumannii,Critical
GCA_015537175.1,0,1,1,7,5.084745762711865,2,-0.9600000000000009,Acinetobacter baumannii,Critical
GCA_015537225.1,0,0,0,2,3.061224489795918,1,0.8399999999999963,Acinetobacter baumannii,Critical
GCA_015537245.1,0,1,0,3,16.455696202531644,3,-0.2899999999999991,Acinetobacter baumannii,Critical
GCA_015537275.1,0,1,1,7,11.585365853658535,2,0.3400000000000034,Acinetobacter baumannii,Critical
GCA_015537285.1,0,0,0,0,3.0303030303030303,0,-0.8800000000000026,Acinetobacter baumannii,Critical
GCA_015537295.1,0,0,0,3,6.470588235294119,3,-0.8400000000000034,Acinetobacter baumannii,Critical
GCA_015537345.1,0,0,0,1,8.823529411764707,1,0.1199999999999974,Acinetobacter baumannii,Critical
GCA_015537365.1,0,0,0,3,14.15929203539823,3,-0.8200000000000003,Acinetobacter baumannii,Critical
GCA_015537385.1,0,1,0,1,9.70873786407767,1,-0.2000000000000028,Acinetobacter baumannii,Critical
GCA_015537405.1,0,1,0,4,12.605042016806722,3,-0.0200000000000031,Acinetobacter baumannii,Critical
GCA_015537415.1,0,1,0,1,10.185185185185183,1,-0.4500000000000028,Acinetobacter baumannii,Critical
GCA_015537445.1,0,0,0,1,4.444444444444445,1,0.509999999999998,Acinetobacter baumannii,Critical
GCA_015537465.1,0,0,1,7,12.5,2,-0.0200000000000031,Acinetobacter baumannii,Critical
GCA_015537485.1,0,0,0,1,4.166666666666666,2,-0.0300000000000011,Acinetobacter baumannii,Critical
GCA_015537505.1,0,0,0,3,7.865168539325842,1,0.2299999999999968,Acinetobacter baumannii,Critical
GCA_015537525.1,0,0,0,7,18.51851851851852,3,-0.4000000000000057,Acinetobacter baumannii,Critical
GCA_015537535.1,0,0,0,1,8.620689655172415,1,0.2000000000000028,Acinetobacter baumannii,Critical
GCA_015537575.1,0,0,0,1,3.5398230088495577,1,-0.3700000000000045,Acinetobacter baumannii,Critical
GCA_015537565.1,0,0,0,3,13.157894736842104,5,-0.259999999999998,Acinetobacter baumannii,Critical
GCA_015537605.1,0,1,1,6,6.557377049180328,3,-0.759999999999998,Acinetobacter baumannii,Critical
GCA_015537615.1,0,1,1,6,10.38961038961039,1,-0.1499999999999985,Acinetobacter baumannii,Critical
GCA_015537635.1,0,0,0,3,11.009174311926609,1,-0.279999999999994,Acinetobacter baumannii,Critical
GCA_015537665.1,0,0,0,6,11.20689655172414,2,-1.1400000000000006,Acinetobacter baumannii,Critical
GCA_015537675.1,0,0,0,1,5.952380952380952,0,-0.3700000000000045,Acinetobacter baumannii,Critical
GCA_015537705.1,0,0,0,3,7.575757575757576,4,-0.3900000000000005,Acinetobacter baumannii,Critical
GCA_015537725.1,0,0,0,1,9.70873786407767,1,0.1000000000000014,Acinetobacter baumannii,Critical
GCA_015537745.1,0,0,0,1,10.714285714285714,1,0.1499999999999985,Acinetobacter baumannii,Critical
GCA_015537755.1,0,0,0,1,4.938271604938271,1,-0.0200000000000031,Acinetobacter baumannii,Critical
GCA_015537765.1,0,0,0,1,13.095238095238097,2,-0.3299999999999983,Acinetobacter baumannii,Critical
GCA_015537775.1,0,0,0,3,9.859154929577464,1,0.0,Acinetobacter baumannii,Critical
GCA_015537825.1,0,0,0,3,12.903225806451612,1,-0.0200000000000031,Acinetobacter baumannii,Critical
GCA_015537845.1,0,0,0,1,2.312138728323699,2,-2.509999999999998,Acinetobacter baumannii,Critical
GCA_015537855.1,0,1,0,1,8.287292817679557,1,-0.3199999999999932,Acinetobacter baumannii,Critical
GCA_015537865.1,0,0,0,1,4.3478260869565215,1,-0.279999999999994,Acinetobacter baumannii,Critical
GCA_015537905.1,0,0,0,2,6.315789473684211,1,-0.3699999999999974,Acinetobacter baumannii,Critical
GCA_015537915.1,0,1,0,2,10.588235294117649,2,-0.3400000000000034,Acinetobacter baumannii,Critical
GCA_015537945.1,0,0,0,3,9.859154929577464,1,0.4600000000000008,Acinetobacter baumannii,Critical
GCA_015537965.1,0,1,0,3,13.333333333333334,4,-0.8299999999999983,Acinetobacter baumannii,Critical
GCA_015537975.1,0,0,0,2,8.75,1,0.0,Acinetobacter baumannii,Critical
GCA_015538025.1,0,1,0,3,16.883116883116884,2,-0.6000000000000014,Acinetobacter baumannii,Critical
GCA_015537995.1,0,0,0,2,13.076923076923078,6,-0.8099999999999952,Acinetobacter baumannii,Critical
GCA_015538055.1,0,0,0,1,3.8095238095238098,1,-0.3900000000000005,Acinetobacter baumannii,Critical
GCA_015538045.1,0,0,0,2,15.454545454545451,2,-0.8799999999999955,Acinetobacter baumannii,Critical
GCA_015538085.1,0,0,0,0,7.894736842105263,1,0.5700000000000003,Acinetobacter baumannii,Critical
GCA_015538105.1,0,1,1,6,5.612244897959184,1,-0.5300000000000011,Acinetobacter baumannii,Critical
GCA_015538125.1,0,0,0,1,2.3529411764705883,0,-0.5499999999999972,Acinetobacter baumannii,Critical
GCA_015538135.1,0,0,0,2,11.11111111111111,1,0.1599999999999966,Acinetobacter baumannii,Critical
GCA_015538155.1,0,0,0,1,15.822784810126585,2,-1.4500000000000028,Acinetobacter baumannii,Critical
GCA_015538165.1,0,1,1,7,10.07751937984496,1,-0.5600000000000023,Acinetobacter baumannii,Critical
GCA_015538205.1,0,0,0,3,9.032258064516128,3,0.1000000000000014,Acinetobacter baumannii,Critical
GCA_015538225.1,0,0,0,2,12.0,1,-0.1099999999999994,Acinetobacter baumannii,Critical
GCA_015538235.1,0,0,0,1,3.3707865168539324,0,-0.4899999999999949,Acinetobacter baumannii,Critical
GCA_015538255.1,0,0,1,2,11.666666666666666,4,-0.490000000000002,Acinetobacter baumannii,Critical
GCA_015538275.1,0,0,0,4,1.276595744680851,0,-0.9200000000000016,Acinetobacter baumannii,Critical
GCA_015538305.1,0,0,0,7,10.06711409395973,4,-0.5399999999999991,Acinetobacter baumannii,Critical
GCA_015538325.1,0,1,1,6,5.583756345177665,1,-0.3200000000000003,Acinetobacter baumannii,Critical
GCA_015538335.1,0,0,0,1,4.705882352941177,1,-0.3900000000000005,Acinetobacter baumannii,Critical
GCA_015538345.1,0,1,0,2,6.976744186046512,1,0.279999999999994,Acinetobacter baumannii,Critical
GCA_015538355.1,0,0,0,2,5.617977528089887,1,-0.1400000000000005,Acinetobacter baumannii,Critical
GCA_015666285.1,0,0,0,2,16.08040201005025,0,0.0800000000000054,Acinetobacter baumannii,Critical
GCA_015666275.1,0,0,0,7,19.91150442477876,4,-0.4500000000000028,Acinetobacter baumannii,Critical
GCA_015666365.1,0,1,1,3,16.161616161616163,1,0.0300000000000011,Acinetobacter baumannii,Critical
GCA_015666475.1,0,1,1,7,17.370892018779344,2,-0.4299999999999997,Acinetobacter baumannii,Critical
GCA_015666535.1,0,0,0,5,25.333333333333336,4,-1.0300000000000011,Acinetobacter baumannii,Critical
GCA_015666515.1,0,1,0,2,23.62204724409449,2,-0.9199999999999946,Acinetobacter baumannii,Critical
GCA_016054925.1,1,0,0,4,23.88059701492537,6,0.3999999999999986,Acinetobacter baumannii,Critical
GCA_016055015.1,0,0,1,3,17.557251908396946,2,0.2800000000000011,Acinetobacter baumannii,Critical
GCA_016054975.1,0,1,0,7,18.27956989247312,4,0.1000000000000014,Acinetobacter baumannii,Critical
GCA_016055335.1,0,0,1,7,14.184397163120568,1,0.0699999999999931,Acinetobacter baumannii,Critical
GCA_016055375.1,0,0,0,8,6.493506493506493,4,-1.8100000000000025,Acinetobacter baumannii,Critical
GCA_016055485.1,0,0,0,3,21.656050955414013,3,-0.75,Acinetobacter baumannii,Critical
GCA_016055475.1,0,0,1,4,19.444444444444446,2,-0.259999999999998,Acinetobacter baumannii,Critical
GCA_016055595.1,0,0,1,7,15.602836879432624,2,-0.1899999999999977,Acinetobacter baumannii,Critical
GCA_016055685.1,0,0,0,7,14.685314685314683,3,-0.3299999999999983,Acinetobacter baumannii,Critical
GCA_016055715.1,0,0,0,3,16.666666666666664,2,-0.0200000000000031,Acinetobacter baumannii,Critical
GCA_016055835.1,0,0,1,2,10.614525139664805,2,0.0499999999999971,Acinetobacter baumannii,Critical
GCA_016055945.1,0,0,0,7,12.589928057553957,4,-0.5200000000000031,Acinetobacter baumannii,Critical
GCA_016056005.1,0,0,0,2,17.51412429378531,2,-0.1700000000000017,Acinetobacter baumannii,Critical
GCA_016056045.1,0,0,0,4,10.784313725490197,3,-0.2100000000000008,Acinetobacter baumannii,Critical
GCA_016056095.1,0,1,0,8,24.0,4,-0.6700000000000017,Acinetobacter baumannii,Critical
GCA_016056125.1,0,0,0,2,22.34042553191489,1,-0.6599999999999966,Acinetobacter baumannii,Critical
GCA_016056145.1,0,0,1,2,18.181818181818183,2,-0.4500000000000028,Acinetobacter baumannii,Critical
GCA_016416045.1,0,0,0,2,16.0,1,-0.6299999999999955,Acinetobacter baumannii,Critical
GCA_017909475.1,0,1,0,2,11.76470588235294,1,-0.1999999999999957,Acinetobacter baumannii,Critical
GCA_017909485.1,0,0,0,6,12.307692307692308,1,-0.3800000000000025,Acinetobacter baumannii,Critical
GCA_017960395.1,0,1,0,2,13.541666666666666,0,-0.75,Acinetobacter baumannii,Critical
GCA_017909495.1,0,0,0,2,12.62135922330097,2,0.0,Acinetobacter baumannii,Critical
GCA_018156665.1,0,0,0,3,19.047619047619047,5,-0.6000000000000014,Acinetobacter baumannii,Critical
GCA_018156725.1,0,0,0,7,20.085470085470085,3,-0.5300000000000011,Acinetobacter baumannii,Critical
GCA_018156705.1,0,0,0,2,15.693430656934307,2,-0.5700000000000003,Acinetobacter baumannii,Critical
GCA_018156745.1,0,1,1,2,13.134328358208954,2,-0.019999999999996,Acinetobacter baumannii,Critical
GCF_000988155.1,0,1,1,1,21.052631578947366,2,-0.0799999999999983,Acinetobacter baumannii,Critical
GCA_020657695.1,0,1,1,7,15.625,2,-0.740000000000002,Acinetobacter baumannii,Critical
GCF_001420385.1,0,0,1,2,17.05426356589147,3,-0.4399999999999977,Acinetobacter baumannii,Critical
GCF_001420335.1,0,0,1,2,10.833333333333334,2,0.1499999999999985,Acinetobacter baumannii,Critical
GCA_021402995.1,0,1,0,3,22.727272727272727,3,-0.3699999999999974,Acinetobacter baumannii,Critical
GCA_022660815.1,0,0,0,0,0.0,0,-0.5386457144983263,Acinetobacter baumannii,Critical
GCF_001500225.1,0,0,0,1,16.853932584269664,1,0.2199999999999988,Acinetobacter baumannii,Critical
GCA_023060185.1,0,0,0,6,19.130434782608692,1,-0.0600000000000022,Acinetobacter baumannii,Critical
GCA_023060375.1,0,1,0,4,18.69158878504673,3,-0.0399999999999991,Acinetobacter baumannii,Critical
GCA_023060655.1,0,1,0,7,17.1875,3,-0.1500000000000056,Acinetobacter baumannii,Critical
GCA_023061035.1,0,1,0,7,21.64179104477612,2,-0.3900000000000005,Acinetobacter baumannii,Critical
GCA_023572255.1,0,1,0,0,19.090909090909093,2,-0.7399999999999949,Acinetobacter baumannii,Critical
GCA_023572275.1,0,1,0,4,25.13089005235602,5,-0.1700000000000017,Acinetobacter baumannii,Critical
GCA_023572305.1,0,0,0,2,21.54696132596685,4,-0.2200000000000059,Acinetobacter baumannii,Critical
GCA_023572445.1,0,1,1,8,21.83908045977012,1,-0.1199999999999974,Acinetobacter baumannii,Critical
GCA_023572625.1,0,1,0,2,22.330097087378643,1,-0.6299999999999955,Acinetobacter baumannii,Critical
GCA_023572725.1,0,0,0,1,9.57792207792208,0,0.1499999999999985,Acinetobacter baumannii,Critical
GCA_024505645.1,0,1,1,3,50.0,1,0.3800000000000025,Acinetobacter baumannii,Critical
GCA_024505625.1,0,1,0,2,50.0,1,0.3900000000000005,Acinetobacter baumannii,Critical
GCA_025950435.1,0,0,1,5,20.833333333333336,4,-0.6899999999999977,Acinetobacter baumannii,Critical
GCA_025950485.1,0,1,1,4,26.666666666666668,4,0.3400000000000034,Acinetobacter baumannii,Critical
GCA_025971765.1,0,0,0,2,28.22085889570552,4,-0.509999999999998,Acinetobacter baumannii,Critical
GCA_025971805.1,0,0,0,4,26.845637583892614,4,-0.0499999999999971,Acinetobacter baumannii,Critical
GCA_025971935.1,0,1,0,4,25.358851674641148,11,-0.279999999999994,Acinetobacter baumannii,Critical
GCA_026239565.1,0,1,0,2,22.69503546099291,2,-0.1999999999999957,Acinetobacter baumannii,Critical
GCA_028402465.1,0,0,0,3,6.790123456790123,2,-0.1099999999999994,Acinetobacter baumannii,Critical
GCA_028402505.1,0,0,0,1,6.122448979591836,1,-0.1099999999999994,Acinetobacter baumannii,Critical
GCA_028435925.1,0,0,0,2,22.641509433962263,2,-0.3399999999999963,Acinetobacter baumannii,Critical
GCA_028435895.1,0,1,0,2,18.125,2,-1.0700000000000005,Acinetobacter baumannii,Critical
GCA_028435965.1,0,0,0,2,20.869565217391305,2,-0.3200000000000003,Acinetobacter baumannii,Critical
GCA_028435975.1,0,0,0,3,16.666666666666664,2,-0.4699999999999988,Acinetobacter baumannii,Critical
GCA_028435995.1,0,0,0,2,19.81981981981982,3,-1.2299999999999969,Acinetobacter baumannii,Critical
GCA_028436005.1,0,1,0,9,16.129032258064516,2,0.1700000000000017,Acinetobacter baumannii,Critical
GCA_028439855.1,0,1,0,2,11.538461538461538,1,-0.6000000000000014,Acinetobacter baumannii,Critical
GCA_028439875.1,0,1,0,8,18.47826086956521,3,-0.5899999999999963,Acinetobacter baumannii,Critical
GCA_028439845.1,0,1,1,7,13.245033112582782,3,0.0399999999999991,Acinetobacter baumannii,Critical
GCA_028439915.1,0,1,0,2,13.829787234042554,1,-0.4600000000000008,Acinetobacter baumannii,Critical
GCA_028439905.1,0,1,0,3,23.18840579710145,2,-1.259999999999998,Acinetobacter baumannii,Critical
GCA_028439955.1,0,1,0,2,15.306122448979592,1,-0.7899999999999991,Acinetobacter baumannii,Critical
GCA_028440005.1,0,1,0,3,26.190476190476197,3,-1.2999999999999972,Acinetobacter baumannii,Critical
GCA_028439975.1,0,1,0,2,22.972972972972972,3,-1.009999999999998,Acinetobacter baumannii,Critical
GCA_028440015.1,0,1,1,2,14.173228346456693,2,-0.5,Acinetobacter baumannii,Critical
GCA_028440045.1,0,0,1,7,15.217391304347828,3,-0.0399999999999991,Acinetobacter baumannii,Critical
GCA_028439945.1,0,1,0,3,15.613382899628252,4,-0.2600000000000051,Acinetobacter baumannii,Critical
GCA_028440145.1,0,1,0,2,19.29824561403509,2,1.8300000000000052,Acinetobacter baumannii,Critical
GCA_028440075.1,0,1,1,7,18.620689655172416,2,-0.5,Acinetobacter baumannii,Critical
GCA_028440105.1,0,1,1,2,15.151515151515152,2,-0.2800000000000011,Acinetobacter baumannii,Critical
GCA_028440125.1,0,1,1,3,22.727272727272727,2,-0.1499999999999985,Acinetobacter baumannii,Critical
GCA_028440165.1,0,0,0,2,21.875,4,-0.8100000000000023,Acinetobacter baumannii,Critical
GCA_028440065.1,0,0,0,2,16.853932584269664,4,-0.9600000000000009,Acinetobacter baumannii,Critical
GCA_028440185.1,0,1,1,2,11.428571428571429,2,0.3000000000000042,Acinetobacter baumannii,Critical
GCA_028440195.1,0,0,0,2,18.9873417721519,2,-1.1000000000000014,Acinetobacter baumannii,Critical
GCA_028440225.1,0,1,1,2,7.954545454545454,2,0.5500000000000043,Acinetobacter baumannii,Critical
GCA_028440245.1,0,0,0,1,8.0,1,-0.5,Acinetobacter baumannii,Critical
GCA_028440255.1,0,1,1,7,15.126050420168069,2,-0.2199999999999988,Acinetobacter baumannii,Critical
GCA_028440285.1,0,0,1,2,10.891089108910892,3,0.6099999999999994,Acinetobacter baumannii,Critical
GCA_028440295.1,0,0,1,6,14.018691588785046,3,0.1300000000000025,Acinetobacter baumannii,Critical
GCA_028440325.1,0,1,0,5,8.333333333333332,1,-0.3800000000000025,Acinetobacter baumannii,Critical
GCA_028440335.1,0,1,1,1,7.766990291262135,1,0.1300000000000025,Acinetobacter baumannii,Critical
GCA_028440365.1,0,0,0,1,11.39240506329114,1,-0.0399999999999991,Acinetobacter baumannii,Critical
GCA_028440385.1,0,0,0,6,9.401709401709402,2,-0.2800000000000011,Acinetobacter baumannii,Critical
GCA_028440395.1,0,0,0,1,7.954545454545454,0,-0.1599999999999966,Acinetobacter baumannii,Critical
GCA_028440415.1,0,1,0,2,13.333333333333334,1,-0.5200000000000031,Acinetobacter baumannii,Critical
GCA_028440435.1,0,1,0,6,13.924050632911392,1,0.1399999999999934,Acinetobacter baumannii,Critical
GCA_028440485.1,0,1,0,7,13.432835820895525,1,-0.3999999999999986,Acinetobacter baumannii,Critical
GCA_028440505.1,0,1,0,3,14.229249011857709,3,-0.4199999999999946,Acinetobacter baumannii,Critical
GCA_028440525.1,0,0,1,3,9.523809523809524,5,-0.2000000000000028,Acinetobacter baumannii,Critical
GCA_028440555.1,0,1,0,2,25.75757575757576,3,-0.769999999999996,Acinetobacter baumannii,Critical
GCA_028440585.1,0,0,0,2,10.091743119266056,2,-0.3900000000000005,Acinetobacter baumannii,Critical
GCA_028440515.1,0,0,0,2,13.750000000000002,3,-1.4099999999999966,Acinetobacter baumannii,Critical
GCA_028440635.1,0,1,0,2,20.54794520547945,3,-0.6700000000000017,Acinetobacter baumannii,Critical
GCA_028440615.1,0,0,0,3,10.828025477707008,3,-0.6099999999999994,Acinetobacter baumannii,Critical
GCA_028440705.1,0,1,0,1,15.636363636363637,4,-0.1099999999999994,Acinetobacter baumannii,Critical
GCA_029477905.1,0,0,0,4,9.734513274336283,2,-0.740000000000002,Acinetobacter baumannii,Critical
GCA_029761775.1,0,0,0,2,7.132018209408194,0,-0.6899999999999977,Acinetobacter baumannii,Critical
GCA_029761785.1,0,0,0,7,15.816326530612246,2,-0.509999999999998,Acinetobacter baumannii,Critical
GCA_030550975.1,0,0,0,8,10.236220472440944,1,-0.1499999999999985,Acinetobacter baumannii,Critical
GCA_030550965.1,0,0,0,2,9.5,0,-0.5399999999999991,Acinetobacter baumannii,Critical
GCA_030551035.1,0,0,0,3,10.852713178294572,1,-0.279999999999994,Acinetobacter baumannii,Critical
GCA_030551065.1,0,0,0,4,13.903743315508022,1,-0.2199999999999988,Acinetobacter baumannii,Critical
GCA_030551165.1,0,0,0,4,10.714285714285714,1,0.259999999999998,Acinetobacter baumannii,Critical
GCA_030550885.1,0,1,0,8,7.874015748031496,1,0.2800000000000011,Acinetobacter baumannii,Critical
GCA_030551015.1,0,1,0,5,11.428571428571429,1,0.509999999999998,Acinetobacter baumannii,Critical
GCA_030551215.1,0,0,0,3,9.166666666666666,1,0.2299999999999968,Acinetobacter baumannii,Critical
GCA_030551075.1,0,1,0,4,9.48905109489051,1,0.0300000000000011,Acinetobacter baumannii,Critical
GCA_030551235.1,0,0,0,4,8.904109589041095,1,0.1299999999999954,Acinetobacter baumannii,Critical
GCA_030550895.1,0,0,0,3,10.084033613445378,1,-0.0300000000000011,Acinetobacter baumannii,Critical
GCA_030551055.1,0,0,0,5,10.9375,1,0.3999999999999986,Acinetobacter baumannii,Critical
GCA_030551135.1,0,1,0,3,10.37735849056604,1,0.1400000000000005,Acinetobacter baumannii,Critical
GCA_030551115.1,0,0,0,2,9.67741935483871,1,0.0399999999999991,Acinetobacter baumannii,Critical
GCA_030550955.1,0,0,0,3,11.486486486486488,3,-0.3699999999999974,Acinetobacter baumannii,Critical
GCA_030551145.1,0,0,0,3,10.416666666666668,1,0.0,Acinetobacter baumannii,Critical
GCF_001649595.1,0,1,0,2,8.662900188323917,4,0.5799999999999983,Acinetobacter baumannii,Critical
GCF_001649615.1,0,0,0,2,8.02139037433155,3,-0.0999999999999943,Acinetobacter baumannii,Critical
GCA_030755775.1,0,1,2,8,18.58974358974359,1,0.259999999999998,Acinetobacter baumannii,Critical
GCF_001649625.1,0,0,0,2,9.022556390977442,2,-0.2100000000000008,Acinetobacter baumannii,Critical
GCF_001649675.1,0,0,1,1,6.258692628650904,0,0.8299999999999983,Acinetobacter baumannii,Critical
GCF_001649705.1,0,0,1,0,5.172413793103448,5,0.5,Acinetobacter baumannii,Critical
GCF_001649765.1,0,0,1,4,7.894736842105263,1,0.5799999999999983,Acinetobacter baumannii,Critical
GCF_001649795.1,0,0,1,3,7.096774193548387,1,0.490000000000002,Acinetobacter baumannii,Critical
GCF_001649815.1,0,0,0,1,7.336956521739131,6,0.7899999999999991,Acinetobacter baumannii,Critical
GCF_001649835.1,0,0,0,1,5.693430656934306,1,0.3999999999999986,Acinetobacter baumannii,Critical
GCF_001649875.1,0,0,1,4,7.952622673434856,2,0.6899999999999977,Acinetobacter baumannii,Critical
GCF_001649895.1,0,0,1,6,6.942590120160213,2,0.6999999999999957,Acinetobacter baumannii,Critical
GCF_001649955.1,0,0,1,5,8.203125,1,0.4200000000000017,Acinetobacter baumannii,Critical
GCF_001649975.1,0,0,0,4,6.349206349206349,2,0.3599999999999994,Acinetobacter baumannii,Critical
GCA_034931785.1,0,0,0,4,18.69158878504673,2,-0.5100000000000051,Acinetobacter baumannii,Critical
GCA_015537255.1,0,0,0,1,1.566265060240964,2,-2.0799999999999983,Acinetobacter baumannii,Critical
GCA_036533995.1,0,0,0,1,4.901960784313726,0,0.5399999999999991,Acinetobacter baumannii,Critical
GCA_039677705.1,0,1,1,5,24.390243902439025,3,0.259999999999998,Acinetobacter baumannii,Critical
GCA_039677725.1,0,1,1,5,25.0,5,0.0500000000000042,Acinetobacter baumannii,Critical
GCA_039677745.1,0,0,0,7,26.356589147286822,4,-0.3599999999999994,Acinetobacter baumannii,Critical
GCA_039677765.1,0,1,1,5,25.64102564102564,3,0.259999999999998,Acinetobacter baumannii,Critical
GCA_040151215.1,0,1,0,4,28.78787878787879,5,-0.1200000000000045,Acinetobacter baumannii,Critical
GCA_040223795.1,0,0,0,1,7.246376811594203,2,-0.519999999999996,Acinetobacter baumannii,Critical
GCF_001758165.1,0,1,0,1,9.35960591133005,6,0.0,Acinetobacter baumannii,Critical
GCA_041501475.1,0,1,0,0,71.42857142857143,1,1.1400000000000006,Acinetobacter baumannii,Critical
GCA_042862905.1,0,0,0,1,3.076923076923077,0,-0.1599999999999966,Acinetobacter baumannii,Critical
GCA_044133445.1,0,0,0,5,14.285714285714285,0,-0.3900000000000005,Acinetobacter baumannii,Critical
GCF_002018935.1,0,0,1,2,12.1301775147929,2,0.0500000000000042,Acinetobacter baumannii,Critical
GCF_002018965.1,0,0,1,2,8.205128205128204,1,0.3400000000000034,Acinetobacter baumannii,Critical
GCF_002018995.1,0,0,1,1,8.7890625,2,0.6000000000000014,Acinetobacter baumannii,Critical
GCF_002019005.1,0,0,1,2,6.349206349206349,6,0.75,Acinetobacter baumannii,Critical
GCF_002019025.1,0,0,1,6,13.736263736263735,4,0.0499999999999971,Acinetobacter baumannii,Critical
GCF_002019035.1,0,0,0,1,8.159722222222223,1,0.0799999999999983,Acinetobacter baumannii,Critical
GCA_002245595.1,0,0,0,2,13.461538461538462,0,0.0799999999999983,Acinetobacter baumannii,Critical
GCA_002250465.1,0,0,0,7,6.70391061452514,2,-0.1499999999999985,Acinetobacter baumannii,Critical
GCA_002922935.1,0,1,0,2,19.76744186046512,2,-0.6400000000000006,Acinetobacter baumannii,Critical
GCA_003325575.1,0,0,0,4,11.949685534591197,2,-0.0800000000000054,Acinetobacter baumannii,Critical
GCA_003325635.1,0,0,0,2,10.0,1,0.3399999999999963,Acinetobacter baumannii,Critical
GCA_003325665.1,0,0,0,2,6.25,1,-0.3099999999999951,Acinetobacter baumannii,Critical
GCA_003697885.1,0,0,0,0,4.477611940298507,1,-1.1900000000000048,Acinetobacter baumannii,Critical
GCA_003812485.1,0,0,0,0,75.0,0,-2.0900000000000034,Acinetobacter baumannii,Critical
GCA_004282835.1,0,1,1,7,14.285714285714285,4,0.8900000000000006,Acinetobacter baumannii,Critical
GCA_004282845.1,0,1,1,7,13.461538461538462,3,0.3799999999999954,Acinetobacter baumannii,Critical
GCA_004347305.1,0,0,0,1,12.280701754385964,1,-0.3200000000000003,Acinetobacter baumannii,Critical
GCA_004347325.1,0,0,0,7,18.0327868852459,2,-0.6500000000000057,Acinetobacter baumannii,Critical
GCA_004359905.1,0,1,0,6,16.822429906542055,2,-0.1499999999999985,Acinetobacter baumannii,Critical
GCA_008180145.1,0,0,0,7,12.264150943396226,1,-0.480000000000004,Acinetobacter baumannii,Critical
GCA_009754985.1,0,1,0,6,10.0,3,-1.0,Acinetobacter baumannii,Critical
GCA_009754965.1,0,1,1,2,5.016008537886873,2,-0.2300000000000039,Acinetobacter baumannii,Critical
GCA_009828675.1,0,0,0,2,24.65753424657534,2,2.3800000000000026,Acinetobacter baumannii,Critical
GCA_009829525.1,0,0,0,2,15.384615384615383,3,-0.4099999999999966,Acinetobacter baumannii,Critical
GCA_009829545.1,0,1,0,1,18.867924528301888,0,-1.1000000000000014,Acinetobacter baumannii,Critical
GCA_009829535.1,0,1,0,7,21.428571428571427,2,-0.8200000000000003,Acinetobacter baumannii,Critical
GCA_009829555.1,0,0,1,3,30.985915492957744,3,-0.5700000000000003,Acinetobacter baumannii,Critical
GCA_009829595.1,0,0,0,7,31.03448275862069,4,-0.3299999999999983,Acinetobacter baumannii,Critical
GCA_009898245.1,0,0,0,2,24.719101123595504,4,-0.8499999999999943,Acinetobacter baumannii,Critical
GCA_003789135.1,1,0,0,6,14.096916299559473,6,-1.1099999999999994,Kluyvera ascorbata,Critical
GCA_031630275.1,0,1,2,7,32.30769230769231,6,-3.0800000000000054,Raoultella ornithinolytica,Critical
GCA_029083905.1,1,0,0,0,20.51282051282051,6,-1.3800000000000026,Citrobacter koseri,Critical
GCA_026526975.2,0,0,0,0,50.0,1,2.890000000000001,Citrobacter freundii,Critical
GCA_031630695.1,0,1,0,7,26.86567164179105,4,0.7000000000000028,Citrobacter freundii,Critical
GCA_031630735.1,0,1,2,1,20.43010752688172,1,0.8699999999999974,Citrobacter freundii,Critical
GCA_041901385.1,0,1,1,2,25.58139534883721,6,-1.5399999999999991,Citrobacter freundii,Critical
GCA_013085885.1,0,0,0,0,33.33333333333333,1,-0.0499999999999971,Citrobacter freundii,Critical
GCA_014926275.1,0,0,1,5,19.924812030075188,6,-2.1599999999999966,Citrobacter freundii,Critical
GCA_026223795.1,0,1,1,2,16.666666666666664,1,-0.7899999999999991,Klebsiella aerogenes,Critical
GCA_031150025.1,0,0,0,1,21.29380053908356,4,-1.4099999999999966,Klebsiella aerogenes,Critical
GCA_031150045.1,0,0,0,4,19.88950276243094,0,-0.6099999999999994,Klebsiella aerogenes,Critical
GCA_031150075.1,0,0,0,3,18.76606683804627,0,-0.7299999999999969,Klebsiella aerogenes,Critical
GCA_031150065.1,0,0,0,5,22.36286919831224,2,-0.4399999999999977,Klebsiella aerogenes,Critical
GCF_001472725.1,1,0,0,0,19.73684210526316,4,-1.4600000000000009,Klebsiella aerogenes,Critical
GCF_001472755.1,1,0,1,5,25.333333333333336,5,-1.1799999999999995,Klebsiella aerogenes,Critical
GCA_036281845.1,0,1,1,0,29.411764705882355,5,-1.0200000000000031,Klebsiella aerogenes,Critical
GCF_001649605.1,0,0,0,0,14.285714285714285,0,-0.509999999999998,Klebsiella aerogenes,Critical
GCF_001662695.1,0,0,2,2,25.925925925925924,5,-4.6399999999999935,Klebsiella aerogenes,Critical
GCF_001662705.1,0,0,1,1,26.31578947368421,7,-3.5799999999999983,Klebsiella aerogenes,Critical
GCF_001662715.1,0,0,0,0,13.559322033898304,5,-3.890000000000001,Klebsiella aerogenes,Critical
GCF_001662765.1,0,0,2,0,20.689655172413797,7,-3.719999999999999,Klebsiella aerogenes,Critical
GCA_043565255.1,0,0,0,1,23.07692307692308,4,-4.149999999999999,Klebsiella aerogenes,Critical
GCA_006517605.1,0,0,0,2,15.97222222222222,5,-0.8800000000000026,Klebsiella aerogenes,Critical
GCA_002154845.1,0,0,2,5,38.68613138686132,9,-2.280000000000001,Enterobacter hormaechei,Critical
GCA_002154865.1,0,0,2,6,40.69767441860465,5,-0.3999999999999986,Enterobacter hormaechei,Critical
GCA_002154935.1,0,0,2,5,43.47826086956522,9,-2.6300000000000026,Enterobacter hormaechei,Critical
GCA_024655305.1,1,0,0,4,22.06896551724138,2,-0.029999999999994,Enterobacter cloacae,Critical
GCA_022694025.1,0,0,1,6,9.826589595375722,2,-1.970000000000006,Escherichia coli,Critical
GCA_022694035.1,0,0,1,9,7.731958762886598,2,-1.8800000000000023,Escherichia coli,Critical
GCA_022694085.1,0,0,0,2,5.3097345132743365,5,-1.25,Escherichia coli,Critical
GCA_022694045.1,0,0,1,8,10.037174721189592,5,-0.9099999999999966,Escherichia coli,Critical
GCA_022694095.1,0,0,0,4,11.76470588235294,2,-0.9200000000000016,Escherichia coli,Critical
GCA_022694125.1,0,0,0,0,13.636363636363637,1,-0.5399999999999991,Escherichia coli,Critical
GCA_022694165.1,0,0,0,0,1.9230769230769231,2,0.2100000000000008,Escherichia coli,Critical
GCA_022694145.1,0,0,0,0,11.258278145695364,4,-0.8799999999999955,Escherichia coli,Critical
GCA_022694245.1,0,0,0,0,14.705882352941178,3,-0.4100000000000037,Escherichia coli,Critical
GCA_022694415.1,0,0,0,0,3.488372093023256,0,-9.54,Escherichia coli,Critical
GCA_022694385.1,0,0,0,9,14.000000000000002,2,-1.0700000000000005,Escherichia coli,Critical
GCA_022694405.1,0,0,0,9,16.666666666666664,3,-1.2899999999999991,Escherichia coli,Critical
GCA_022694225.1,0,0,1,1,11.267605633802818,4,-0.730000000000004,Escherichia coli,Critical
GCA_022694205.1,0,0,0,7,8.831168831168831,4,-1.720000000000006,Escherichia coli,Critical
GCA_022694175.1,0,0,0,0,8.130081300813007,3,-0.4099999999999966,Escherichia coli,Critical
GCA_022694335.1,0,0,1,0,10.81081081081081,4,-1.6199999999999974,Escherichia coli,Critical
GCA_022694365.1,0,0,0,2,3.7735849056603774,7,-1.740000000000002,Escherichia coli,Critical
GCA_022694265.1,0,0,1,3,14.857142857142858,9,-1.7600000000000051,Escherichia coli,Critical
GCA_022694305.1,0,0,0,0,9.090909090909092,5,-1.1799999999999995,Escherichia coli,Critical
GCA_022694325.1,0,0,0,0,6.7669172932330826,4,-1.4399999999999975,Escherichia coli,Critical
GCA_022758365.1,0,0,1,1,7.947019867549669,3,-0.1300000000000025,Escherichia coli,Critical
GCA_022758395.1,0,0,0,0,10.37037037037037,6,-3.18,Escherichia coli,Critical
GCA_022758385.1,0,0,1,1,12.470023980815348,5,0.5200000000000031,Escherichia coli,Critical
GCA_022758445.1,0,0,0,0,11.242603550295858,4,-0.3700000000000045,Escherichia coli,Critical
GCA_022758425.1,0,0,0,6,10.99476439790576,5,-0.8999999999999986,Escherichia coli,Critical
GCA_022758485.1,0,0,0,0,6.382978723404255,1,-0.9200000000000016,Escherichia coli,Critical
GCA_022758465.1,0,0,1,7,16.50943396226415,7,-0.3900000000000005,Escherichia coli,Critical
GCA_022758505.1,0,0,0,4,5.88235294117647,1,-1.4499999999999955,Escherichia coli,Critical
GCA_022758525.1,0,0,0,5,8.977556109725686,7,-0.8500000000000014,Escherichia coli,Critical
GCA_022758545.1,0,0,0,8,7.096774193548387,2,-1.730000000000004,Escherichia coli,Critical
GCA_022758565.1,0,0,0,0,1.5625,0,-10.880000000000004,Escherichia coli,Critical
GCA_022758585.1,0,0,0,0,3.076923076923077,1,-1.910000000000004,Escherichia coli,Critical
GCA_022758595.1,0,0,0,0,7.751937984496124,2,-3.839999999999996,Escherichia coli,Critical
GCA_022758625.1,0,0,0,0,3.296703296703297,2,5.5,Escherichia coli,Critical
GCA_022758645.1,0,0,0,4,5.3097345132743365,1,-0.0500000000000042,Escherichia coli,Critical
GCA_022758665.1,0,0,1,1,11.258278145695364,8,-2.229999999999997,Escherichia coli,Critical
GCA_022758685.1,0,0,0,0,13.924050632911392,5,-0.7199999999999989,Escherichia coli,Critical
GCA_022758725.1,0,0,0,0,4.950495049504951,2,1.2800000000000011,Escherichia coli,Critical
GCA_022758705.1,0,0,0,0,4.615384615384616,2,1.25,Escherichia coli,Critical
GCA_022758745.1,0,0,1,3,11.578947368421051,2,-1.7199999999999989,Escherichia coli,Critical
GCA_022758785.1,0,0,0,9,12.12121212121212,3,-0.9799999999999968,Escherichia coli,Critical
GCA_022758765.1,0,0,0,2,7.086614173228346,0,-1.1499999999999986,Escherichia coli,Critical
GCA_022758805.1,0,0,0,4,3.1055900621118013,1,-1.980000000000004,Escherichia coli,Critical
GCA_022758815.1,0,0,0,4,4.9079754601227,4,-1.1500000000000057,Escherichia coli,Critical
GCA_022758845.1,0,0,0,0,2.18978102189781,0,-18.78,Escherichia coli,Critical
GCA_022758865.1,0,0,0,4,9.090909090909092,0,-0.7199999999999989,Escherichia coli,Critical
GCA_022758895.1,0,0,0,0,12.295081967213116,3,-2.259999999999998,Escherichia coli,Critical
GCA_023060635.1,1,0,1,3,26.956521739130437,4,-2.769999999999996,Escherichia coli,Critical
GCA_023061055.1,0,0,1,9,26.72413793103448,7,-2.190000000000005,Escherichia coli,Critical
GCA_023572705.1,0,0,0,9,23.5934664246824,9,-0.3500000000000014,Escherichia coli,Critical
GCA_023572785.1,1,0,1,15,21.978021978021975,9,-0.1300000000000025,Escherichia coli,Critical
GCA_023614365.2,0,0,0,4,43.47826086956522,2,-1.8200000000000005,Escherichia coli,Critical
GCA_024199065.1,0,0,1,1,11.416490486257928,9,-1.1700000000000017,Escherichia coli,Critical
GCA_024385685.1,1,0,0,1,25.0,3,-1.269999999999996,Escherichia coli,Critical
GCA_024386135.1,1,0,0,2,22.105263157894736,3,-2.5900000000000034,Escherichia coli,Critical
GCA_024386165.1,1,0,0,6,15.0,3,-2.949999999999996,Escherichia coli,Critical
GCA_024388485.1,1,0,0,1,26.436781609195403,4,-0.7800000000000011,Escherichia coli,Critical
GCA_024389435.1,1,0,0,3,26.38888888888889,3,-1.0900000000000034,Escherichia coli,Critical
GCA_024584885.1,0,0,0,0,50.0,1,-1.4500000000000028,Escherichia coli,Critical
GCA_024584945.1,0,0,0,0,66.66666666666666,2,-4.550000000000004,Escherichia coli,Critical
GCA_025698005.1,0,0,2,7,11.666666666666666,4,-2.739999999999995,Escherichia coli,Critical
GCF_001693555.1,0,0,1,10,23.87387387387388,3,-2.280000000000001,Escherichia coli,Critical
GCA_002459605.1,0,0,1,9,25.40322580645161,18,-1.4399999999999975,Escherichia coli,Critical
GCA_002859105.1,0,0,2,4,66.66666666666666,2,2.910000000000004,Escherichia coli,Critical
GCF_001700405.1,0,0,0,0,10.81081081081081,0,2.270000000000003,Escherichia coli,Critical
GCA_028864005.1,0,0,1,7,11.67883211678832,6,-1.8699999999999972,Escherichia coli,Critical
GCA_028864025.1,0,0,1,7,13.302752293577983,4,-2.1599999999999966,Escherichia coli,Critical
GCA_028864085.1,0,0,1,0,13.333333333333334,14,-2.3799999999999955,Escherichia coli,Critical
GCA_029589455.1,0,0,0,5,4.523809523809524,1,-0.1000000000000014,Escherichia coli,Critical
GCA_030466455.1,0,0,2,11,27.55102040816326,6,-0.6199999999999974,Escherichia coli,Critical
GCA_031460355.1,0,0,0,0,25.0,0,-4.469999999999999,Escherichia coli,Critical
GCA_031630435.1,0,1,0,9,24.2152466367713,7,-1.3499999999999943,Escherichia coli,Critical
GCA_031630395.1,0,0,1,10,26.344086021505376,11,-0.3200000000000003,Escherichia coli,Critical
GCA_031630415.1,0,1,0,9,30.4093567251462,8,-0.3399999999999963,Escherichia coli,Critical
GCA_031630455.1,0,1,0,2,23.47826086956522,5,-0.990000000000002,Escherichia coli,Critical
GCA_031630475.1,0,1,1,4,23.62204724409449,5,-0.4299999999999997,Escherichia coli,Critical
GCA_031630495.1,0,1,1,8,25.730994152046783,8,-0.2899999999999991,Escherichia coli,Critical
GCA_031630515.1,0,1,1,3,15.306122448979592,1,-0.3999999999999986,Escherichia coli,Critical
GCF_001899625.1,0,0,1,5,15.708812260536398,9,-1.2800000000000011,Escherichia coli,Critical
GCF_001907935.1,0,0,1,3,42.85714285714285,9,0.9699999999999988,Escherichia coli,Critical
GCA_036927655.1,0,0,0,3,8.520179372197308,3,-2.009999999999998,Escherichia coli,Critical
GCA_036890245.1,1,0,1,6,14.204545454545457,8,-0.2800000000000011,Escherichia coli,Critical
GCA_036890225.1,1,0,1,1,16.50485436893204,8,-0.6200000000000045,Escherichia coli,Critical
GCA_036927615.1,0,0,0,2,8.333333333333332,1,-5.539999999999999,Escherichia coli,Critical
GCA_036927645.1,0,0,1,5,6.329113924050633,9,-2.460000000000001,Escherichia coli,Critical
GCA_036927635.1,0,0,0,6,9.210526315789473,8,-1.3200000000000005,Escherichia coli,Critical
GCA_036927775.1,0,0,0,2,9.929078014184398,3,-2.770000000000003,Escherichia coli,Critical
GCA_036925215.1,0,0,0,5,6.682027649769585,3,-0.9199999999999946,Escherichia coli,Critical
GCA_036925195.1,0,0,0,9,14.537444933920703,4,-2.039999999999999,Escherichia coli,Critical
GCA_036927625.1,0,0,0,8,9.174311926605505,3,-1.0800000000000054,Escherichia coli,Critical
GCA_037450415.1,0,0,1,2,14.213197969543147,6,-1.5600000000000025,Escherichia coli,Critical
GCA_037890765.1,1,0,1,0,28.57142857142857,10,-0.9200000000000016,Escherichia coli,Critical
GCA_037890795.1,1,0,1,7,37.82383419689119,25,-0.8500000000000014,Escherichia coli,Critical
GCF_001660545.1,0,0,0,0,6.666666666666667,1,-8.839999999999996,Escherichia coli,Critical
GCF_001982585.1,0,0,1,10,14.564564564564565,7,-1.2600000000000051,Escherichia coli,Critical
GCF_002006525.1,1,0,0,5,23.07692307692308,5,-0.25,Escherichia coli,Critical
GCF_002012005.1,1,0,1,2,66.66666666666666,2,1.7700000000000031,Escherichia coli,Critical
GCA_040149085.1,0,0,1,1,16.483516483516482,1,-0.1900000000000048,Escherichia coli,Critical
GCA_040148955.1,0,0,0,1,18.134715025906736,7,-1.6699999999999946,Escherichia coli,Critical
GCA_040148975.1,0,0,0,5,22.602739726027394,2,-1.3400000000000034,Escherichia coli,Critical
GCA_040149135.1,0,0,0,5,14.492753623188406,1,-1.1599999999999966,Escherichia coli,Critical
GCA_040149285.1,0,0,0,2,9.30232558139535,2,-2.43,Escherichia coli,Critical
GCA_040149225.1,0,0,0,0,22.0,6,-2.140000000000001,Escherichia coli,Critical
GCA_040149235.1,0,0,1,9,22.96296296296296,8,-0.8400000000000034,Escherichia coli,Critical
GCA_041890375.1,0,0,1,6,9.13978494623656,4,-0.9500000000000028,Escherichia coli,Critical
GCA_041890435.1,0,0,0,1,9.764309764309765,3,-0.8800000000000026,Escherichia coli,Critical
GCA_041890445.1,0,0,0,9,7.9831932773109235,3,-1.8299999999999983,Escherichia coli,Critical
GCA_041890475.1,0,0,1,0,4.081632653061225,1,1.1199999999999974,Escherichia coli,Critical
GCA_043848675.1,0,0,0,18,16.792738275340394,3,-0.8999999999999986,Escherichia coli,Critical
GCA_043848695.1,1,0,0,3,21.7687074829932,3,-1.3500000000000014,Escherichia coli,Critical
GCA_043848715.1,0,0,2,0,25.789473684210527,15,-1.6599999999999966,Escherichia coli,Critical
GCA_002133385.1,0,0,0,0,23.417721518987346,5,-2.6099999999999994,Escherichia coli,Critical
GCA_002461645.1,0,0,0,0,9.454545454545457,6,-2.539999999999999,Escherichia coli,Critical
GCA_002467725.1,0,0,0,8,14.733542319749215,3,-2.240000000000002,Escherichia coli,Critical
GCA_002468985.1,0,0,0,2,17.59259259259259,14,-1.3900000000000006,Escherichia coli,Critical
GCA_002469015.1,0,0,2,2,19.65811965811966,4,-1.5499999999999972,Escherichia coli,Critical
GCA_002469045.1,0,0,0,1,16.479400749063668,3,-2.410000000000004,Escherichia coli,Critical
GCA_002484595.1,0,0,0,3,9.195402298850574,1,-1.509999999999998,Escherichia coli,Critical
GCA_002490265.1,0,0,2,8,22.943722943722943,17,-2.3800000000000026,Escherichia coli,Critical
GCA_002736085.1,0,0,0,4,75.0,1,-2.6599999999999966,Escherichia coli,Critical
GCA_002763515.1,0,0,2,3,66.66666666666666,2,1.6700000000000017,Escherichia coli,Critical
GCA_002887715.1,0,0,0,0,0.0,0,-1.6726798896589483,Escherichia coli,Critical
GCA_002900305.1,0,0,0,0,0.0,0,-1.4544764192943078,Escherichia coli,Critical
GCA_003173295.1,0,0,0,7,12.790697674418606,1,-2.259999999999998,Escherichia coli,Critical
GCA_003173315.1,0,0,2,5,17.91044776119403,6,-2.759999999999998,Escherichia coli,Critical
GCA_003183865.1,0,0,0,4,17.037037037037038,7,-1.1300000000000026,Escherichia coli,Critical
GCA_003183875.1,0,0,0,8,24.752475247524757,9,-2.190000000000005,Escherichia coli,Critical
GCA_003183885.1,0,0,0,1,10.084033613445378,2,-1.6200000000000043,Escherichia coli,Critical
GCA_003651265.1,0,0,0,6,9.67741935483871,2,-2.710000000000001,Escherichia coli,Critical
GCA_003651275.1,0,0,0,7,9.06344410876133,7,-1.980000000000004,Escherichia coli,Critical
GCA_003651325.1,0,0,0,0,12.38095238095238,2,-2.230000000000004,Escherichia coli,Critical
GCA_003651345.1,0,0,0,2,10.367892976588628,6,-0.5799999999999983,Escherichia coli,Critical
GCA_003651285.1,0,0,0,11,14.563106796116504,1,-2.0799999999999983,Escherichia coli,Critical
GCA_003651375.1,0,0,0,4,15.544041450777202,2,-2.949999999999996,Escherichia coli,Critical
GCA_003651355.1,0,0,0,0,3.4782608695652173,0,0.2800000000000011,Escherichia coli,Critical
GCA_003651405.1,0,0,1,1,13.076923076923078,10,-2.140000000000001,Escherichia coli,Critical
GCA_003651415.1,0,0,0,6,6.425702811244979,3,-0.5,Escherichia coli,Critical
GCA_003651425.1,0,0,1,5,11.702127659574469,6,-0.7899999999999991,Escherichia coli,Critical
GCA_004116835.1,0,0,0,0,0.0,0,-1.1496299943541561,Escherichia coli,Critical
GCA_004116595.1,0,0,0,0,0.0,0,-1.1999658771597876,Escherichia coli,Critical
GCA_004116695.1,0,0,0,0,66.66666666666666,1,-8.269999999999996,Escherichia coli,Critical
GCA_004116795.1,0,0,0,0,83.33333333333334,1,3.140000000000001,Escherichia coli,Critical
GCA_004116815.1,0,0,0,1,40.0,0,1.8799999999999957,Escherichia coli,Critical
GCA_004116855.1,0,0,0,0,0.0,0,-1.0762648967524182,Escherichia coli,Critical
GCA_004116875.1,0,0,0,0,25.0,1,-6.980000000000004,Escherichia coli,Critical
GCA_004116895.1,0,0,1,3,71.42857142857143,1,1.1700000000000017,Escherichia coli,Critical
GCA_004116915.1,0,0,0,0,66.66666666666666,1,-5.649999999999999,Escherichia coli,Critical
GCA_004116935.1,0,0,1,3,87.5,1,0.75,Escherichia coli,Critical
GCA_004118895.1,0,0,0,0,66.66666666666666,2,-8.399999999999999,Escherichia coli,Critical
GCA_004211775.1,0,0,0,2,22.033898305084744,3,-1.8999999999999984,Escherichia coli,Critical
GCA_006517505.1,0,0,1,1,17.180616740088105,5,-1.6400000000000006,Escherichia coli,Critical
GCA_007858995.1,0,0,0,1,13.245033112582782,1,-1.9500000000000028,Escherichia coli,Critical
GCA_008180225.1,0,0,1,5,22.988505747126435,10,-1.1999999999999955,Escherichia coli,Critical
GCA_008180245.1,0,0,0,3,18.181818181818183,3,-1.3499999999999943,Escherichia coli,Critical
GCA_009799765.1,0,0,0,3,21.25,5,-1.0499999999999972,Escherichia coli,Critical
GCA_009901805.1,0,0,0,4,23.863636363636363,4,-0.6500000000000057,Escherichia coli,Critical
GCA_009932305.1,0,0,1,2,17.964071856287426,4,-1.6299999999999957,Escherichia coli,Critical
GCA_011290775.4,2,0,0,6,17.857142857142858,9,-1.8699999999999972,Escherichia coli,Critical
GCA_011812785.1,0,0,0,6,28.000000000000004,7,-1.5499999999999972,Escherichia coli,Critical
GCA_011812765.1,1,0,0,16,18.96551724137931,26,-0.5399999999999991,Escherichia coli,Critical
GCA_011812805.1,0,0,0,16,13.409961685823754,3,-1.0300000000000011,Escherichia coli,Critical
GCA_011812795.1,0,0,0,6,26.857142857142858,7,-1.5200000000000031,Escherichia coli,Critical
GCA_011812865.1,0,0,1,8,11.971830985915492,7,-1.7099999999999935,Escherichia coli,Critical
GCA_011812905.1,0,0,1,2,11.788617886178862,4,-2.4200000000000017,Escherichia coli,Critical
GCA_011812915.1,0,0,1,7,12.365591397849462,6,-1.7899999999999991,Escherichia coli,Critical
GCA_012726245.1,0,0,1,5,13.19796954314721,11,-1.8200000000000005,Escherichia coli,Critical
GCA_013293985.1,0,0,1,3,11.029411764705882,4,-2.4099999999999966,Escherichia coli,Critical
GCA_903932265.1,0,0,1,7,21.03825136612022,22,-1.5399999999999991,Escherichia coli,Critical
GCA_014145355.1,0,0,1,9,10.38961038961039,4,-1.4099999999999966,Escherichia coli,Critical
GCA_014145345.1,0,0,1,7,11.403508771929824,3,-0.8200000000000003,Escherichia coli,Critical
GCA_014894765.1,0,0,0,7,20.257234726688104,1,-0.5300000000000011,Escherichia coli,Critical
GCA_014926265.1,0,0,0,7,23.88059701492537,1,-0.4499999999999957,Escherichia coli,Critical
GCA_015374485.1,0,0,0,3,17.5531914893617,4,-2.6000000000000014,Escherichia coli,Critical
GCA_016760355.1,0,0,0,0,33.33333333333333,2,-0.6199999999999974,Escherichia coli,Critical
GCA_016760395.1,0,0,0,1,46.15384615384615,3,-1.0300000000000011,Escherichia coli,Critical
GCA_016760375.1,0,0,0,0,44.44444444444444,2,1.1599999999999966,Escherichia coli,Critical
GCA_016760405.1,0,0,0,2,29.411764705882355,4,-3.1599999999999966,Escherichia coli,Critical
GCA_016760415.1,0,0,0,1,62.5,3,-1.1600000000000037,Escherichia coli,Critical
GCA_016760455.1,0,0,1,1,41.66666666666667,2,-1.1999999999999955,Escherichia coli,Critical
GCA_016760465.1,0,0,1,1,54.54545454545454,3,-1.0600000000000025,Escherichia coli,Critical
GCA_016786245.1,0,0,0,2,8.633093525179856,1,-2.6000000000000014,Escherichia coli,Critical
GCA_017052575.1,0,0,0,9,16.666666666666664,10,-1.6899999999999975,Escherichia coli,Critical
GCA_017353385.1,0,0,0,3,8.23045267489712,5,-1.7600000000000051,Escherichia coli,Critical
GCA_018361365.1,0,1,0,4,71.42857142857143,2,-0.1400000000000005,Escherichia coli,Critical
GCA_018390445.1,0,0,0,2,17.391304347826086,3,-2.1000000000000014,Escherichia coli,Critical
GCA_019201615.1,0,0,1,3,6.666666666666667,2,-2.8400000000000034,Escherichia coli,Critical
GCA_019201665.1,0,0,0,3,17.12707182320442,3,-1.5600000000000025,Escherichia coli,Critical
GCA_019201685.1,1,0,0,1,16.666666666666664,2,0.7700000000000031,Escherichia coli,Critical
GCA_019201765.1,0,0,1,2,22.0,5,-2.75,Escherichia coli,Critical
GCA_019201705.1,0,1,1,5,27.692307692307693,3,0.3500000000000014,Escherichia coli,Critical
GCA_019201785.1,0,0,0,8,24.22907488986784,8,-1.7199999999999989,Escherichia coli,Critical
GCA_019201835.1,0,0,1,3,13.23529411764706,2,0.3900000000000005,Escherichia coli,Critical
GCA_019201715.1,0,0,0,0,23.4375,11,-0.1299999999999954,Escherichia coli,Critical
GCA_019201865.1,0,0,1,5,6.25,0,0.740000000000002,Escherichia coli,Critical
GCA_019201915.1,0,0,0,2,20.27027027027027,1,-2.8700000000000045,Escherichia coli,Critical
GCA_019201975.1,0,0,1,2,18.5792349726776,8,-1.9699999999999989,Escherichia coli,Critical
GCA_019201955.1,0,0,0,3,13.302752293577983,4,-1.3900000000000006,Escherichia coli,Critical
GCA_019201935.1,0,0,0,0,12.857142857142856,4,-1.0100000000000051,Escherichia coli,Critical
GCA_019202185.1,0,0,0,4,16.842105263157894,4,-0.5899999999999963,Escherichia coli,Critical
GCA_019202175.1,0,0,1,5,14.482758620689657,8,-2.539999999999999,Escherichia coli,Critical
GCA_019201995.1,0,0,0,2,21.487603305785125,6,-1.0,Escherichia coli,Critical
GCA_019202045.1,0,0,1,12,18.009478672985782,2,-0.980000000000004,Escherichia coli,Critical
GCA_019202015.1,0,0,0,14,22.71062271062271,19,-1.2800000000000011,Escherichia coli,Critical
GCA_019202035.1,0,0,0,4,12.704918032786884,6,-1.6600000000000037,Escherichia coli,Critical
GCA_019202075.1,0,0,2,2,21.568627450980397,5,0.0999999999999943,Escherichia coli,Critical
GCA_019202135.1,0,0,1,4,17.616580310880828,4,-0.3999999999999986,Escherichia coli,Critical
GCA_019202145.1,0,0,0,4,17.010309278350515,4,-0.3200000000000003,Escherichia coli,Critical
GCA_019202215.1,0,0,0,7,13.684210526315791,3,-1.1400000000000006,Escherichia coli,Critical
GCA_019202225.1,0,0,0,5,13.87900355871886,3,-1.3699999999999974,Escherichia coli,Critical
GCA_019202235.1,0,0,0,7,17.083333333333332,6,-1.3599999999999994,Escherichia coli,Critical
GCA_019202375.1,0,0,1,8,18.235294117647054,4,-0.509999999999998,Escherichia coli,Critical
GCA_019202335.1,0,0,0,3,19.718309859154928,4,-1.2199999999999989,Escherichia coli,Critical
GCA_019202285.1,0,0,0,2,27.819548872180448,3,-1.3399999999999963,Escherichia coli,Critical
GCA_019202415.1,0,0,0,8,14.102564102564102,2,-0.9399999999999976,Escherichia coli,Critical
GCA_019202435.1,0,1,0,11,20.0,3,-1.1499999999999986,Escherichia coli,Critical
GCA_019202475.1,0,0,0,3,22.22222222222222,8,-0.990000000000002,Escherichia coli,Critical
GCA_019202445.1,0,0,0,7,18.91891891891892,7,-0.9299999999999996,Escherichia coli,Critical
GCA_019202395.1,0,0,0,0,13.488372093023257,3,-1.7100000000000009,Escherichia coli,Critical
GCA_019202495.1,0,1,1,12,18.951612903225808,8,-1.9200000000000017,Escherichia coli,Critical
GCA_019202555.1,0,1,1,5,21.428571428571427,2,-1.8800000000000023,Escherichia coli,Critical
GCA_019202585.1,0,0,2,1,19.51219512195122,3,-3.0600000000000023,Escherichia coli,Critical
GCA_019202675.1,0,0,0,4,17.695473251028808,9,-2.5800000000000054,Escherichia coli,Critical
GCA_019202635.1,0,0,1,8,25.882352941176475,1,-0.6199999999999974,Escherichia coli,Critical
GCA_019202655.1,0,0,0,4,16.40625,4,-1.0899999999999963,Escherichia coli,Critical
GCA_019250015.1,0,0,0,2,11.956521739130435,2,-1.3000000000000045,Escherichia coli,Critical
GCA_019249915.1,0,0,1,17,22.07792207792208,9,-0.8100000000000023,Escherichia coli,Critical
GCA_019249955.1,0,0,0,1,14.285714285714285,6,-1.9600000000000009,Escherichia coli,Critical
GCA_019249965.1,1,0,0,6,23.72262773722628,20,-1.3700000000000043,Escherichia coli,Critical
GCA_019492145.1,0,1,1,5,10.824742268041238,2,-2.9099999999999966,Escherichia coli,Critical
GCA_021735985.1,0,0,1,7,20.833333333333336,6,-0.740000000000002,Escherichia coli,Critical
GCA_021736035.1,0,0,1,2,23.14410480349345,12,-1.2900000000000065,Escherichia coli,Critical
GCA_021736065.1,0,0,1,5,18.817204301075268,6,-0.9100000000000036,Escherichia coli,Critical
GCA_021736085.1,0,0,1,5,13.88888888888889,3,-0.019999999999996,Escherichia coli,Critical
GCA_021736125.1,0,0,1,11,15.68627450980392,3,0.5200000000000031,Escherichia coli,Critical
GCA_001611705.1,0,0,1,10,22.76422764227642,2,-0.8599999999999994,Escherichia coli,Critical
GCA_001611715.1,0,0,1,2,27.160493827160494,4,0.9099999999999966,Escherichia coli,Critical
GCA_001611725.1,0,0,0,4,33.57664233576642,6,-0.6500000000000057,Escherichia coli,Critical
GCA_023572405.1,0,1,2,2,23.684210526315788,9,-2.6000000000000014,Klebsiella oxytoca,Critical
GCA_002154825.1,1,0,2,11,40.625,8,-4.140000000000001,Klebsiella pneumoniae,Critical
GCA_002157345.1,0,0,1,1,15.204678362573098,2,-1.3100000000000025,Klebsiella pneumoniae,Critical
GCA_002192975.1,0,0,0,9,21.566110397946083,13,0.6899999999999977,Klebsiella pneumoniae,Critical
GCA_002209465.1,0,0,1,5,24.193548387096776,1,0.0499999999999971,Klebsiella pneumoniae,Critical
GCA_002251715.1,1,0,1,9,26.229508196721312,6,-1.1900000000000048,Klebsiella pneumoniae,Critical
GCA_002289105.1,1,0,1,4,27.058823529411764,2,-1.019999999999996,Klebsiella pneumoniae,Critical
GCA_002289165.1,1,0,4,6,38.83495145631068,5,-0.4099999999999966,Klebsiella pneumoniae,Critical
GCA_002295145.1,0,0,2,5,37.76223776223776,5,-2.559999999999995,Klebsiella pneumoniae,Critical
GCA_002295185.1,1,0,1,9,35.77235772357724,6,-1.3000000000000045,Klebsiella pneumoniae,Critical
GCA_002300715.1,1,0,2,8,21.951219512195124,3,-0.509999999999998,Klebsiella pneumoniae,Critical
GCA_002300725.1,1,0,1,3,30.666666666666664,4,-0.8900000000000006,Klebsiella pneumoniae,Critical
GCA_002300755.1,0,0,2,9,26.82926829268293,3,-0.3999999999999986,Klebsiella pneumoniae,Critical
GCA_002300765.1,1,0,1,6,31.70731707317073,6,-1.8300000000000052,Klebsiella pneumoniae,Critical
GCA_002300775.1,1,0,1,1,37.704918032786885,7,-2.6200000000000045,Klebsiella pneumoniae,Critical
GCA_002300785.1,1,0,3,3,23.655913978494624,0,0.8500000000000014,Klebsiella pneumoniae,Critical
GCA_002304205.1,0,0,2,11,36.95652173913043,6,-1.4200000000000017,Klebsiella pneumoniae,Critical
GCA_002529075.1,1,0,2,3,24.74916387959866,8,-1.2800000000000011,Klebsiella pneumoniae,Critical
GCA_002845885.1,0,0,0,0,0.0,0,-0.42910375530253764,Klebsiella pneumoniae,Critical
GCA_002845925.1,0,0,0,0,0.0,0,-1.565046158063304,Klebsiella pneumoniae,Critical
GCA_002887435.1,0,0,0,0,66.66666666666666,1,-7.100000000000001,Klebsiella pneumoniae,Critical
GCA_003097475.1,0,0,1,8,21.59709618874773,8,-1.3400000000000034,Klebsiella pneumoniae,Critical
GCA_003095495.1,1,0,1,6,19.37869822485207,9,-1.5900000000000034,Klebsiella pneumoniae,Critical
GCA_003095455.1,1,0,1,1,19.33884297520661,11,-1.8699999999999972,Klebsiella pneumoniae,Critical
GCA_003284835.1,1,0,3,6,19.71608832807571,8,-1.5,Klebsiella pneumoniae,Critical
GCA_900322595.1,1,0,2,2,23.404255319148938,3,-0.7899999999999991,Klebsiella pneumoniae,Critical
GCA_900322605.1,1,0,2,7,36.27450980392157,18,0.3200000000000003,Klebsiella pneumoniae,Critical
GCA_900322615.1,0,0,3,3,34.14634146341464,9,-1.1799999999999995,Klebsiella pneumoniae,Critical
GCA_900322625.1,1,0,2,7,36.507936507936506,9,-0.480000000000004,Klebsiella pneumoniae,Critical
GCA_900322635.1,0,0,0,6,27.500000000000004,8,-0.0700000000000002,Klebsiella pneumoniae,Critical
GCA_900322645.1,1,0,2,7,44.4954128440367,28,-1.7199999999999989,Klebsiella pneumoniae,Critical
GCA_900322655.1,0,0,0,1,38.613861386138616,6,-2.260000000000005,Klebsiella pneumoniae,Critical
GCA_900322665.1,0,0,3,4,42.85714285714285,11,-2.969999999999999,Klebsiella pneumoniae,Critical
GCA_003318315.1,0,0,1,4,23.577235772357724,9,-2.1599999999999966,Klebsiella pneumoniae,Critical
GCA_003321095.1,1,0,1,4,13.445378151260504,4,-0.75,Klebsiella pneumoniae,Critical
GCA_003321105.1,1,0,2,3,20.846394984326015,11,-3.3200000000000003,Klebsiella pneumoniae,Critical
GCA_003321135.1,1,0,0,5,15.294117647058824,5,-0.8700000000000045,Klebsiella pneumoniae,Critical
GCA_003321155.1,1,0,1,6,14.04494382022472,7,-0.8599999999999994,Klebsiella pneumoniae,Critical
GCA_003321195.1,1,0,2,5,25.925925925925924,6,-0.7899999999999991,Klebsiella pneumoniae,Critical
GCA_003321215.1,1,0,3,6,17.48633879781421,9,-1.1000000000000014,Klebsiella pneumoniae,Critical
GCA_003321225.1,0,0,3,2,22.593320235756384,13,-0.5700000000000003,Klebsiella pneumoniae,Critical
GCA_003321235.1,0,0,1,6,20.84468664850136,14,-1.6000000000000014,Klebsiella pneumoniae,Critical
GCA_003321255.1,0,0,1,7,21.544715447154477,10,-1.1899999999999975,Klebsiella pneumoniae,Critical
GCA_003321295.1,1,0,2,1,23.705179282868528,11,-0.8999999999999986,Klebsiella pneumoniae,Critical
GCA_003321305.1,1,0,3,8,21.861471861471863,8,-1.1900000000000048,Klebsiella pneumoniae,Critical
GCA_003321315.1,1,0,2,4,23.817292006525285,18,-2.8500000000000014,Klebsiella pneumoniae,Critical
GCA_003321335.1,1,0,3,4,21.484375,9,-1.75,Klebsiella pneumoniae,Critical
GCA_003321375.1,1,0,3,5,23.044397463002117,9,-1.5799999999999983,Klebsiella pneumoniae,Critical
GCA_003321385.1,0,0,2,6,22.62569832402235,5,-0.6400000000000006,Klebsiella pneumoniae,Critical
GCA_003321425.1,1,0,0,6,21.256038647342997,4,0.720000000000006,Klebsiella pneumoniae,Critical
GCA_003325525.1,0,0,4,5,21.49532710280374,5,-2.1000000000000014,Klebsiella pneumoniae,Critical
GCA_003326285.1,1,0,0,5,18.471337579617835,5,-2.219999999999999,Klebsiella pneumoniae,Critical
GCA_003326295.1,1,0,3,7,23.684210526315788,9,-2.979999999999997,Klebsiella pneumoniae,Critical
GCA_003326305.1,1,0,0,7,15.88235294117647,6,-1.5399999999999991,Klebsiella pneumoniae,Critical
GCA_003326315.1,1,0,0,8,16.184971098265898,6,-1.93,Klebsiella pneumoniae,Critical
GCA_003326365.1,1,0,1,5,17.307692307692307,5,-1.7100000000000009,Klebsiella pneumoniae,Critical
GCA_003326375.1,1,0,1,6,13.924050632911392,5,-1.8500000000000012,Klebsiella pneumoniae,Critical
GCA_003326395.1,1,0,2,6,13.24200913242009,4,-1.4100000000000037,Klebsiella pneumoniae,Critical
GCA_003327585.1,1,0,1,8,18.4,5,-0.4699999999999988,Klebsiella pneumoniae,Critical
GCA_003338595.1,1,0,1,5,25.24271844660194,13,-1.2999999999999972,Klebsiella pneumoniae,Critical
GCA_003432105.1,1,0,1,4,42.66666666666667,19,-2.059999999999995,Klebsiella pneumoniae,Critical
GCA_003574235.1,0,1,2,2,66.66666666666666,2,-9.71,Klebsiella pneumoniae,Critical
GCA_003576025.1,1,0,1,9,30.935251798561158,8,-2.640000000000001,Klebsiella pneumoniae,Critical
GCA_003789125.1,1,0,2,5,9.00900900900901,5,-0.6799999999999997,Klebsiella pneumoniae,Critical
GCA_001720345.1,1,0,2,9,42.34234234234234,8,-4.109999999999999,Klebsiella pneumoniae,Critical
GCA_005222595.1,1,0,2,4,22.608695652173918,3,-2.280000000000001,Klebsiella pneumoniae,Critical
GCA_006152045.1,0,0,3,3,22.36842105263158,2,0.0399999999999991,Klebsiella pneumoniae,Critical
GCA_006152055.1,0,1,2,5,3.213610586011342,2,-0.8099999999999952,Klebsiella pneumoniae,Critical
GCA_006152075.1,0,0,2,3,19.718309859154928,1,0.0400000000000062,Klebsiella pneumoniae,Critical
GCA_006517515.1,0,0,2,11,24.742268041237114,8,-1.7000000000000028,Klebsiella pneumoniae,Critical
GCA_009857735.1,0,0,1,2,11.6751269035533,3,0.269999999999996,Klebsiella pneumoniae,Critical
GCA_009857775.1,0,0,2,2,13.084112149532707,5,-0.0700000000000002,Klebsiella pneumoniae,Critical
GCA_009898155.1,1,1,3,7,38.75,21,-0.3999999999999986,Klebsiella pneumoniae,Critical
GCA_009898185.1,1,1,3,13,41.104294478527606,12,-1.5700000000000005,Klebsiella pneumoniae,Critical
GCA_011037215.1,1,0,1,8,14.925373134328357,11,-1.25,Klebsiella pneumoniae,Critical
GCA_011037245.1,1,0,1,8,21.21212121212121,2,-0.0300000000000011,Klebsiella pneumoniae,Critical
GCA_011037225.1,1,0,1,5,22.115384615384613,4,0.0300000000000011,Klebsiella pneumoniae,Critical
GCA_011037345.1,1,0,1,6,22.93577981651376,4,0.1799999999999997,Klebsiella pneumoniae,Critical
GCA_011037375.1,1,0,1,5,22.77227722772277,4,-0.519999999999996,Klebsiella pneumoniae,Critical
GCA_011037315.1,1,0,1,6,21.052631578947366,2,0.4699999999999988,Klebsiella pneumoniae,Critical
GCA_011037335.1,1,0,1,10,25.925925925925924,6,-2.1700000000000017,Klebsiella pneumoniae,Critical
GCA_011037275.1,1,0,1,5,22.68041237113402,4,-2.0,Klebsiella pneumoniae,Critical
GCA_011037295.1,1,0,1,5,22.429906542056077,4,-0.25,Klebsiella pneumoniae,Critical
GCA_011037415.1,1,0,2,10,27.86885245901639,5,-1.0400000000000065,Klebsiella pneumoniae,Critical
GCA_011037435.1,1,0,2,12,22.137404580152676,5,-0.990000000000002,Klebsiella pneumoniae,Critical
GCA_011037395.1,1,0,1,3,31.15264797507788,12,-1.0,Klebsiella pneumoniae,Critical
GCA_011037455.1,1,0,1,6,30.53435114503817,7,-1.7199999999999989,Klebsiella pneumoniae,Critical
GCA_011037475.1,1,0,1,5,28.92561983471074,9,-1.9699999999999989,Klebsiella pneumoniae,Critical
GCA_011037655.1,0,0,3,3,34.87179487179487,23,-2.469999999999999,Klebsiella pneumoniae,Critical
GCA_011037635.1,0,0,2,5,19.913419913419915,35,-1.1600000000000037,Klebsiella pneumoniae,Critical
GCA_011037495.1,1,0,1,6,18.857142857142858,7,-1.6000000000000014,Klebsiella pneumoniae,Critical
GCA_011037515.1,1,0,2,4,28.31858407079646,8,-2.280000000000001,Klebsiella pneumoniae,Critical
GCA_011037555.1,1,0,2,5,30.55555555555556,17,-1.0,Klebsiella pneumoniae,Critical
GCA_011037535.1,1,0,3,4,32.0,22,-2.699999999999996,Klebsiella pneumoniae,Critical
GCA_011037595.1,1,0,2,9,29.19254658385093,10,-1.2399999999999949,Klebsiella pneumoniae,Critical
GCA_011037575.1,1,0,2,8,23.404255319148938,6,-2.1499999999999986,Klebsiella pneumoniae,Critical
GCA_011037615.1,1,0,2,4,31.360946745562128,24,-1.1700000000000017,Klebsiella pneumoniae,Critical
GCA_011037675.1,1,0,3,5,20.089285714285715,13,-1.3699999999999974,Klebsiella pneumoniae,Critical
GCA_011037955.1,1,0,2,8,23.4375,10,-1.6500000000000057,Klebsiella pneumoniae,Critical
GCA_011037925.1,0,0,2,8,32.23684210526316,9,-0.8699999999999974,Klebsiella pneumoniae,Critical
GCA_011037755.1,1,0,3,4,23.655913978494624,6,-0.9299999999999996,Klebsiella pneumoniae,Critical
GCA_011037885.1,1,0,1,7,28.93081761006289,11,-2.519999999999996,Klebsiella pneumoniae,Critical
GCA_011037945.1,0,0,1,7,28.000000000000004,9,-1.4799999999999969,Klebsiella pneumoniae,Critical
GCA_011037775.1,1,0,3,5,23.49397590361446,9,-0.9599999999999936,Klebsiella pneumoniae,Critical
GCA_011037715.1,1,0,1,6,26.36363636363636,7,-1.3100000000000025,Klebsiella pneumoniae,Critical
GCA_011037995.1,1,0,1,5,37.05882352941177,13,-2.480000000000004,Klebsiella pneumoniae,Critical
GCA_011038015.1,1,0,1,4,30.0,10,-2.6299999999999955,Klebsiella pneumoniae,Critical
GCA_011038155.1,1,0,2,2,34.645669291338585,18,-5.25,Klebsiella pneumoniae,Critical
GCA_011038035.1,1,0,2,7,18.14516129032258,13,-0.5999999999999943,Klebsiella pneumoniae,Critical
GCA_011038095.1,1,0,1,4,26.956521739130437,8,-1.5600000000000025,Klebsiella pneumoniae,Critical
GCA_011038065.1,1,0,2,3,33.33333333333333,22,-2.239999999999995,Klebsiella pneumoniae,Critical
GCA_011038115.1,1,0,1,4,27.049180327868854,9,-0.9699999999999988,Klebsiella pneumoniae,Critical
GCA_011038135.1,1,0,1,7,26.51515151515152,8,-1.4399999999999975,Klebsiella pneumoniae,Critical
GCA_011038055.1,1,0,2,6,26.72413793103448,8,-2.6000000000000014,Klebsiella pneumoniae,Critical
GCA_011037865.1,1,0,1,6,30.833333333333336,10,-2.9000000000000057,Klebsiella pneumoniae,Critical
GCA_011038215.1,1,0,1,0,29.28571428571429,12,-3.720000000000006,Klebsiella pneumoniae,Critical
GCA_011038195.1,1,0,2,4,22.58064516129032,3,-0.6900000000000048,Klebsiella pneumoniae,Critical
GCA_011038175.1,1,0,1,0,37.86407766990291,21,-1.949999999999996,Klebsiella pneumoniae,Critical
GCA_011038255.1,1,0,1,3,31.25,22,-2.910000000000004,Klebsiella pneumoniae,Critical
GCA_011038355.1,0,0,1,2,29.32692307692308,18,-5.439999999999998,Klebsiella pneumoniae,Critical
GCA_011038315.1,1,0,1,6,25.654450261780102,14,-1.5300000000000011,Klebsiella pneumoniae,Critical
GCA_011038335.1,0,0,2,9,28.08988764044944,23,-3.969999999999999,Klebsiella pneumoniae,Critical
GCA_011038265.1,0,0,2,3,18.493150684931507,5,0.3000000000000042,Klebsiella pneumoniae,Critical
GCA_011038235.1,1,0,1,7,28.57142857142857,19,-1.009999999999998,Klebsiella pneumoniae,Critical
GCA_011038295.1,0,0,1,2,29.565217391304348,20,-3.4200000000000017,Klebsiella pneumoniae,Critical
GCA_011038365.1,1,0,0,6,17.51824817518248,5,-2.8500000000000014,Klebsiella pneumoniae,Critical
GCA_011038395.1,0,0,1,2,25.165562913907287,15,-3.140000000000001,Klebsiella pneumoniae,Critical
GCA_011038415.1,0,0,3,3,27.918781725888326,15,-1.2899999999999991,Klebsiella pneumoniae,Critical
GCA_011038425.1,1,0,2,2,33.08270676691729,18,-6.399999999999999,Klebsiella pneumoniae,Critical
GCA_011038475.1,1,0,1,5,27.96208530805687,18,-1.3100000000000025,Klebsiella pneumoniae,Critical
GCA_011038455.1,1,0,2,2,35.2,16,-1.6300000000000026,Klebsiella pneumoniae,Critical
GCA_011038515.1,1,0,1,2,32.89473684210527,9,-1.7600000000000051,Klebsiella pneumoniae,Critical
GCA_011038495.1,1,0,1,5,30.69306930693069,22,-3.030000000000001,Klebsiella pneumoniae,Critical
GCA_011601045.1,1,0,1,4,21.818181818181817,7,-0.7199999999999989,Klebsiella pneumoniae,Critical
GCA_011037685.1,0,0,3,8,15.72192513368984,46,-1.509999999999998,Klebsiella pneumoniae,Critical
GCA_012102235.1,1,0,1,4,29.7029702970297,6,-0.779999999999994,Klebsiella pneumoniae,Critical
GCA_012955865.1,1,0,3,5,30.952380952380956,23,-1.1000000000000014,Klebsiella pneumoniae,Critical
GCA_012955905.1,1,0,2,6,15.88235294117647,8,-2.010000000000005,Klebsiella pneumoniae,Critical
GCA_012955875.1,1,0,3,5,33.125,23,-1.2800000000000011,Klebsiella pneumoniae,Critical
GCA_012955925.1,1,0,1,6,18.75,1,0.7000000000000028,Klebsiella pneumoniae,Critical
GCA_012956625.1,0,0,1,6,15.432098765432098,5,-1.4499999999999955,Klebsiella pneumoniae,Critical
GCA_012956605.1,0,0,1,6,20.0,6,-1.0900000000000034,Klebsiella pneumoniae,Critical
GCA_012956645.1,0,0,2,4,16.546762589928058,4,-0.8399999999999963,Klebsiella pneumoniae,Critical
GCA_013138485.1,0,0,3,8,35.526315789473685,8,-1.990000000000002,Klebsiella pneumoniae,Critical
GCA_013372785.1,1,0,1,4,34.45378151260504,15,-2.93,Klebsiella pneumoniae,Critical
GCA_014323585.1,1,0,1,8,23.684210526315788,4,0.259999999999998,Klebsiella pneumoniae,Critical
GCA_014323625.1,1,0,1,4,39.50617283950617,10,-1.3099999999999952,Klebsiella pneumoniae,Critical
GCA_014323715.1,1,0,1,8,20.8955223880597,5,-1.1599999999999966,Klebsiella pneumoniae,Critical
GCA_014451135.1,0,0,2,3,18.79194630872483,4,0.019999999999996,Klebsiella pneumoniae,Critical
GCA_014451175.1,1,0,2,8,26.72413793103448,8,-0.4699999999999988,Klebsiella pneumoniae,Critical
GCA_014451185.1,0,0,2,8,29.87012987012987,7,-0.0600000000000022,Klebsiella pneumoniae,Critical
GCA_014451215.1,1,0,1,3,20.161290322580644,5,-1.7899999999999991,Klebsiella pneumoniae,Critical
GCA_014451235.1,0,0,2,11,20.666666666666668,3,-1.1400000000000006,Klebsiella pneumoniae,Critical
GCA_014451245.1,1,0,2,4,26.36363636363636,5,-1.4399999999999975,Klebsiella pneumoniae,Critical
GCA_014451255.1,1,0,3,9,24.786324786324787,5,-0.2300000000000039,Klebsiella pneumoniae,Critical
GCA_014451275.1,1,0,1,3,19.863013698630137,5,-1.7199999999999989,Klebsiella pneumoniae,Critical
GCA_014451315.1,1,0,2,6,17.753623188405797,13,-0.8300000000000054,Klebsiella pneumoniae,Critical
GCA_014500765.1,1,0,2,2,25.384615384615383,5,-1.9699999999999989,Klebsiella pneumoniae,Critical
GCA_014500785.1,1,0,2,2,29.28571428571429,6,-1.6300000000000026,Klebsiella pneumoniae,Critical
GCA_014500805.1,1,0,1,5,21.71717171717172,7,-1.2800000000000011,Klebsiella pneumoniae,Critical
GCA_014500815.1,1,0,2,2,27.08333333333333,5,-2.1899999999999977,Klebsiella pneumoniae,Critical
GCA_014500845.1,1,0,0,1,62.5,2,-5.079999999999998,Klebsiella pneumoniae,Critical
GCA_014500865.1,0,0,3,4,21.782178217821784,2,-1.3300000000000054,Klebsiella pneumoniae,Critical
GCA_014524525.1,1,0,2,1,85.71428571428571,3,-5.050000000000004,Klebsiella pneumoniae,Critical
GCA_014833135.1,1,0,1,5,41.90476190476191,14,-2.460000000000001,Klebsiella pneumoniae,Critical
GCA_014894805.1,0,0,2,4,24.68354430379747,17,-2.3000000000000043,Klebsiella pneumoniae,Critical
GCA_015666325.1,1,0,3,6,39.32038834951456,26,-1.9699999999999989,Klebsiella pneumoniae,Critical
GCA_015666295.1,0,0,1,4,22.689075630252105,4,-1.4500000000000028,Klebsiella pneumoniae,Critical
GCA_015666405.1,1,0,2,7,32.323232323232325,6,-1.3599999999999994,Klebsiella pneumoniae,Critical
GCA_015666395.1,0,1,3,2,32.98969072164948,6,-1.5600000000000025,Klebsiella pneumoniae,Critical
GCA_015666415.1,1,0,3,4,37.87878787878788,21,-1.8000000000000045,Klebsiella pneumoniae,Critical
GCA_015666445.1,1,0,2,3,38.297872340425535,21,-1.7099999999999935,Klebsiella pneumoniae,Critical
GCA_015666485.1,0,1,1,6,24.624624624624623,4,-0.980000000000004,Klebsiella pneumoniae,Critical
GCA_015666525.1,1,1,1,6,35.13513513513514,8,-2.3000000000000043,Klebsiella pneumoniae,Critical
GCA_015666585.1,1,0,1,5,24.390243902439025,5,-1.2199999999999989,Klebsiella pneumoniae,Critical
GCA_015666595.1,1,0,1,4,25.0,9,-2.3500000000000014,Klebsiella pneumoniae,Critical
GCA_015666615.1,1,0,2,6,33.057851239669425,6,-0.480000000000004,Klebsiella pneumoniae,Critical
GCA_015666635.1,0,0,1,8,19.51219512195122,3,0.25,Klebsiella pneumoniae,Critical
GCA_015666685.1,0,1,2,3,25.42372881355932,9,-1.3699999999999974,Klebsiella pneumoniae,Critical
GCA_016054805.1,0,1,1,5,41.37931034482759,23,-0.759999999999998,Klebsiella pneumoniae,Critical
GCA_016054825.1,1,0,1,3,23.63636363636364,4,-1.009999999999998,Klebsiella pneumoniae,Critical
GCA_016054895.1,0,0,0,0,27.95031055900621,6,-2.4199999999999946,Klebsiella pneumoniae,Critical
GCA_016054935.1,0,0,1,5,24.778761061946906,6,-0.490000000000002,Klebsiella pneumoniae,Critical
GCA_016054995.1,1,0,1,4,31.818181818181817,10,-2.140000000000001,Klebsiella pneumoniae,Critical
GCA_016055235.1,1,0,3,4,37.22627737226277,15,-1.9600000000000009,Klebsiella pneumoniae,Critical
GCA_016055215.1,1,0,1,8,30.08130081300813,2,-0.9199999999999946,Klebsiella pneumoniae,Critical
GCA_016055275.1,1,0,0,7,29.874213836477985,15,-1.25,Klebsiella pneumoniae,Critical
GCA_016055295.1,0,0,0,1,16.72473867595819,2,0.4100000000000037,Klebsiella pneumoniae,Critical
GCA_016055345.1,0,1,0,2,31.535269709543567,19,-2.0799999999999983,Klebsiella pneumoniae,Critical
GCA_016055395.1,0,0,2,10,34.93975903614458,7,-1.7299999999999969,Klebsiella pneumoniae,Critical
GCA_016055435.1,1,0,2,6,27.659574468085108,7,-3.9199999999999946,Klebsiella pneumoniae,Critical
GCA_016055445.1,0,1,1,2,32.58426966292135,13,-3.009999999999998,Klebsiella pneumoniae,Critical
GCA_016055305.1,0,1,1,2,29.629629629629623,18,-0.6899999999999977,Klebsiella pneumoniae,Critical
GCA_016055495.1,1,0,1,4,26.595744680851062,5,-2.0,Klebsiella pneumoniae,Critical
GCA_016055535.1,1,0,1,4,36.17021276595745,8,-1.9799999999999969,Klebsiella pneumoniae,Critical
GCA_016055575.1,1,0,0,1,15.09433962264151,4,-4.730000000000004,Klebsiella pneumoniae,Critical
GCA_016055635.1,1,0,1,5,25.233644859813083,8,-1.6099999999999994,Klebsiella pneumoniae,Critical
GCA_016055605.1,1,0,1,5,33.00970873786408,3,-2.3400000000000034,Klebsiella pneumoniae,Critical
GCA_016055655.1,0,0,0,3,24.324324324324326,7,-3.9399999999999977,Klebsiella pneumoniae,Critical
GCA_016055675.1,1,0,2,4,23.07692307692308,6,-1.8699999999999972,Klebsiella pneumoniae,Critical
GCA_016055695.1,1,0,3,7,33.33333333333333,13,-1.4199999999999946,Klebsiella pneumoniae,Critical
GCA_016055755.1,1,0,3,11,30.319148936170212,16,-2.809999999999995,Klebsiella pneumoniae,Critical
GCA_016055795.1,0,1,1,0,35.294117647058826,15,-3.700000000000003,Klebsiella pneumoniae,Critical
GCA_016055885.1,1,0,3,8,9.2,7,-1.6600000000000037,Klebsiella pneumoniae,Critical
GCA_016055935.1,0,0,2,4,10.289389067524116,7,-1.0400000000000065,Klebsiella pneumoniae,Critical
GCA_016055895.1,1,0,2,5,11.146496815286625,6,-1.3999999999999986,Klebsiella pneumoniae,Critical
GCA_016055995.1,1,0,2,3,34.84848484848485,10,-1.4699999999999989,Klebsiella pneumoniae,Critical
GCA_016055975.1,1,0,1,9,12.582781456953644,8,-0.6000000000000014,Klebsiella pneumoniae,Critical
GCA_016056105.1,1,0,2,8,27.058823529411764,5,-0.4599999999999937,Klebsiella pneumoniae,Critical
GCA_016056175.1,1,0,2,7,21.666666666666668,3,-2.75,Klebsiella pneumoniae,Critical
GCA_016056195.1,0,0,3,3,22.77227722772277,4,-2.009999999999998,Klebsiella pneumoniae,Critical
GCA_016881485.1,1,0,1,3,55.55555555555556,3,-4.93,Klebsiella pneumoniae,Critical
GCA_016881425.1,1,0,0,0,75.0,3,-5.560000000000002,Klebsiella pneumoniae,Critical
GCA_016881445.1,1,0,0,2,50.0,2,-5.280000000000001,Klebsiella pneumoniae,Critical
GCA_016881465.1,1,0,2,2,41.66666666666667,3,-4.810000000000002,Klebsiella pneumoniae,Critical
GCA_016881525.1,1,0,1,1,44.44444444444444,4,-4.600000000000001,Klebsiella pneumoniae,Critical
GCA_016881535.1,1,0,2,3,55.55555555555556,2,-5.160000000000004,Klebsiella pneumoniae,Critical
GCA_016881565.1,1,0,1,2,66.66666666666666,2,-5.0,Klebsiella pneumoniae,Critical
GCA_016881655.1,1,0,1,2,50.0,2,-5.119999999999997,Klebsiella pneumoniae,Critical
GCA_016881585.1,1,0,0,0,27.450980392156865,4,-3.660000000000004,Klebsiella pneumoniae,Critical
GCA_016881605.1,1,0,1,3,23.52941176470588,3,-5.0,Klebsiella pneumoniae,Critical
GCA_016881495.1,1,0,0,0,36.36363636363637,3,-4.490000000000002,Klebsiella pneumoniae,Critical
GCA_017565915.1,1,0,2,3,27.884615384615387,3,-2.369999999999997,Klebsiella pneumoniae,Critical
GCA_017565945.1,1,0,2,3,31.496062992125985,8,-2.8999999999999986,Klebsiella pneumoniae,Critical
GCA_017565885.1,0,0,1,6,27.27272727272727,2,-2.219999999999999,Klebsiella pneumoniae,Critical
GCA_017565865.1,0,0,1,6,24.324324324324326,5,-0.5300000000000011,Klebsiella pneumoniae,Critical
GCA_017566015.1,0,0,1,7,17.674418604651162,11,-1.4499999999999955,Klebsiella pneumoniae,Critical
GCA_018271545.1,0,0,1,10,20.12987012987013,6,-3.480000000000004,Klebsiella pneumoniae,Critical
GCA_018271625.1,0,0,0,1,6.870229007633588,3,-8.530000000000001,Klebsiella pneumoniae,Critical
GCA_018423625.1,1,0,3,7,29.89690721649485,9,-2.6599999999999966,Klebsiella pneumoniae,Critical
GCA_018423645.1,1,0,1,8,35.9375,9,-3.3599999999999994,Klebsiella pneumoniae,Critical
GCA_018423665.1,1,0,1,5,19.35483870967742,5,-2.049999999999997,Klebsiella pneumoniae,Critical
GCA_018423715.1,1,0,1,6,33.91304347826087,8,-4.350000000000001,Klebsiella pneumoniae,Critical
GCA_018423705.1,1,0,1,8,26.923076923076923,5,-0.490000000000002,Klebsiella pneumoniae,Critical
GCA_018423675.1,1,0,3,8,34.81481481481482,9,-2.039999999999999,Klebsiella pneumoniae,Critical
GCA_018423815.1,1,0,1,8,32.87671232876712,5,-0.3699999999999974,Klebsiella pneumoniae,Critical
GCA_018423745.1,1,0,2,2,24.24242424242424,6,-2.440000000000005,Klebsiella pneumoniae,Critical
GCA_018423765.1,1,0,1,7,20.192307692307693,7,-1.3900000000000006,Klebsiella pneumoniae,Critical
GCA_018423775.1,1,0,1,5,25.0,5,-0.3500000000000014,Klebsiella pneumoniae,Critical
GCA_018423805.1,1,0,3,6,23.809523809523807,7,-1.3799999999999957,Klebsiella pneumoniae,Critical
GCA_018423865.1,1,0,2,5,35.80246913580247,8,-2.389999999999993,Klebsiella pneumoniae,Critical
GCA_018423825.1,1,0,2,0,36.98630136986301,10,-2.6299999999999955,Klebsiella pneumoniae,Critical
GCA_018423905.1,1,0,1,9,27.848101265822784,4,-0.2399999999999948,Klebsiella pneumoniae,Critical
GCA_018423915.1,1,0,3,4,23.63636363636364,3,-1.279999999999994,Klebsiella pneumoniae,Critical
GCA_018920475.1,0,0,1,5,8.823529411764707,1,0.509999999999998,Klebsiella pneumoniae,Critical
GCA_019334205.1,0,0,0,5,34.9112426035503,9,-2.200000000000003,Klebsiella pneumoniae,Critical
GCA_019837225.1,0,0,3,4,32.608695652173914,2,-0.269999999999996,Klebsiella pneumoniae,Critical
GCA_020589635.1,0,0,2,9,23.7410071942446,4,-0.9399999999999976,Klebsiella pneumoniae,Critical
GCA_020589645.1,0,0,2,10,26.436781609195403,4,-1.490000000000002,Klebsiella pneumoniae,Critical
GCA_020589615.1,1,0,2,8,30.76923076923077,4,-1.3800000000000026,Klebsiella pneumoniae,Critical
GCA_020589755.1,1,0,2,2,19.047619047619047,4,-2.019999999999996,Klebsiella pneumoniae,Critical
GCA_020589795.1,0,0,2,2,18.103448275862068,5,-3.789999999999999,Klebsiella pneumoniae,Critical
GCA_020589815.1,0,0,3,5,48.54368932038835,19,-1.5900000000000034,Klebsiella pneumoniae,Critical
GCA_020589835.1,0,0,3,4,32.6530612244898,29,-0.8599999999999994,Klebsiella pneumoniae,Critical
GCA_020589895.1,1,0,1,4,22.92993630573249,10,-0.6099999999999994,Klebsiella pneumoniae,Critical
GCA_020589935.1,0,0,3,4,37.5886524822695,17,-1.1400000000000006,Klebsiella pneumoniae,Critical
GCA_020615425.1,1,0,3,9,39.70588235294117,6,-2.0700000000000003,Klebsiella pneumoniae,Critical
GCA_020615575.1,4,0,3,9,44.44444444444444,13,-2.5999999999999943,Klebsiella pneumoniae,Critical
GCA_020615495.1,1,0,2,11,43.44262295081967,11,-2.949999999999996,Klebsiella pneumoniae,Critical
GCA_020615655.1,2,0,1,13,39.39393939393939,9,-1.8999999999999984,Klebsiella pneumoniae,Critical
GCA_020615465.1,1,0,3,9,32.35294117647059,4,-0.7100000000000009,Klebsiella pneumoniae,Critical
GCA_020615675.1,1,0,2,5,44.34782608695652,8,-2.3100000000000023,Klebsiella pneumoniae,Critical
GCA_021020725.1,1,0,1,8,21.138211382113823,5,-1.5900000000000034,Klebsiella pneumoniae,Critical
GCA_021020735.1,0,0,1,4,17.525773195876287,3,0.0700000000000002,Klebsiella pneumoniae,Critical
GCA_021020745.1,1,0,1,6,22.137404580152676,8,-1.5700000000000005,Klebsiella pneumoniae,Critical
GCA_021020815.1,1,0,0,7,22.377622377622377,11,-1.4099999999999966,Klebsiella pneumoniae,Critical
GCA_021020835.1,1,0,1,6,22.65625,8,-1.5700000000000005,Klebsiella pneumoniae,Critical
GCA_021020855.1,1,0,1,6,22.55639097744361,8,-1.5600000000000025,Klebsiella pneumoniae,Critical
GCA_021020865.1,0,0,0,3,18.463611859838277,30,-1.9500000000000028,Klebsiella pneumoniae,Critical
GCA_021020875.1,1,0,1,8,24.06015037593985,9,-2.5600000000000023,Klebsiella pneumoniae,Critical
GCA_021020915.1,1,0,0,7,25.0,10,-1.4699999999999989,Klebsiella pneumoniae,Critical
GCA_021020935.1,1,0,0,7,21.67832167832168,10,-1.4099999999999966,Klebsiella pneumoniae,Critical
GCA_021020955.1,1,0,1,6,21.16788321167883,8,-1.6700000000000017,Klebsiella pneumoniae,Critical
GCA_021020975.1,1,0,1,6,11.88118811881188,4,-1.7999999999999972,Klebsiella pneumoniae,Critical
GCA_021020985.1,1,0,1,6,21.875,8,-1.6000000000000014,Klebsiella pneumoniae,Critical
GCA_021021015.1,1,0,1,6,22.900763358778622,8,-1.490000000000002,Klebsiella pneumoniae,Critical
GCA_021021035.1,1,0,1,6,22.30769230769231,8,-1.470000000000006,Klebsiella pneumoniae,Critical
GCA_021021055.1,1,0,1,6,21.64179104477612,8,-1.5899999999999963,Klebsiella pneumoniae,Critical
GCA_021021075.1,1,0,1,6,23.015873015873016,8,-1.6300000000000026,Klebsiella pneumoniae,Critical
GCA_021021095.1,1,0,1,6,21.25984251968504,7,-1.7800000000000011,Klebsiella pneumoniae,Critical
GCA_021021115.1,1,0,1,6,22.04724409448819,7,-1.6300000000000026,Klebsiella pneumoniae,Critical
GCA_021021135.1,1,0,1,6,22.30769230769231,8,-1.6199999999999974,Klebsiella pneumoniae,Critical
GCA_021021155.1,1,0,0,7,23.64864864864865,12,-1.5300000000000011,Klebsiella pneumoniae,Critical
GCA_021021175.1,1,0,1,6,22.65625,8,-1.509999999999998,Klebsiella pneumoniae,Critical
GCA_021021195.1,0,0,2,10,17.857142857142858,5,-1.1900000000000048,Klebsiella pneumoniae,Critical
GCA_021021215.1,1,0,2,11,23.47826086956522,9,-3.1000000000000014,Klebsiella pneumoniae,Critical
GCA_021021225.1,1,0,1,6,20.51282051282051,6,-2.3299999999999983,Klebsiella pneumoniae,Critical
GCA_021021255.1,1,0,1,6,22.48062015503876,8,-1.6199999999999974,Klebsiella pneumoniae,Critical
GCA_021206585.1,1,0,3,4,20.51282051282051,6,-1.5600000000000025,Klebsiella pneumoniae,Critical
GCA_021206795.1,1,0,2,5,17.692307692307693,4,-0.9299999999999996,Klebsiella pneumoniae,Critical
GCA_021496095.1,1,0,2,3,77.77777777777779,4,-8.5,Klebsiella pneumoniae,Critical
GCA_021245835.1,1,0,1,7,13.541666666666666,3,-0.9299999999999996,Klebsiella pneumoniae,Critical
GCA_021568735.1,0,0,2,6,21.333333333333336,3,-0.9399999999999976,Klebsiella pneumoniae,Critical
GCA_021648785.1,0,0,2,3,16.901408450704224,4,-1.8699999999999972,Klebsiella pneumoniae,Critical
GCA_022359595.1,0,0,1,4,23.52941176470588,3,-0.9500000000000028,Klebsiella pneumoniae,Critical
GCA_022359755.1,0,0,0,4,24.444444444444443,3,-1.4200000000000017,Klebsiella pneumoniae,Critical
GCA_022359515.1,0,0,2,8,17.894736842105264,3,-0.9699999999999988,Klebsiella pneumoniae,Critical
GCA_023059255.1,0,0,1,9,30.303030303030305,7,-1.7100000000000009,Klebsiella pneumoniae,Critical
GCA_023059265.1,1,0,0,2,37.32394366197183,20,-0.7999999999999972,Klebsiella pneumoniae,Critical
GCA_023059275.1,0,0,1,6,28.03738317757009,6,-0.9200000000000016,Klebsiella pneumoniae,Critical
GCA_023059285.1,1,0,1,7,23.404255319148938,5,-1.5600000000000025,Klebsiella pneumoniae,Critical
GCA_023059435.1,1,0,1,10,28.125,6,-0.7299999999999969,Klebsiella pneumoniae,Critical
GCA_023060075.1,1,0,0,2,37.76223776223776,17,-1.230000000000004,Klebsiella pneumoniae,Critical
GCA_023060175.1,0,0,2,9,32.857142857142854,7,-1.1700000000000017,Klebsiella pneumoniae,Critical
GCA_023060155.1,1,0,2,4,26.82926829268293,8,-2.3999999999999986,Klebsiella pneumoniae,Critical
GCA_023060205.1,1,0,0,2,26.31578947368421,6,-0.9500000000000028,Klebsiella pneumoniae,Critical
GCA_023060255.1,0,0,1,8,38.144329896907216,6,-3.549999999999997,Klebsiella pneumoniae,Critical
GCA_023060305.1,0,0,0,4,23.728813559322035,4,-1.9400000000000048,Klebsiella pneumoniae,Critical
GCA_023060355.1,0,0,0,5,21.0,3,-1.5899999999999963,Klebsiella pneumoniae,Critical
GCA_023060505.1,1,0,3,6,35.294117647058826,4,-1.3499999999999943,Klebsiella pneumoniae,Critical
GCA_023061015.1,1,0,2,5,28.31858407079646,7,-1.740000000000002,Klebsiella pneumoniae,Critical
GCA_023060995.1,1,0,0,7,34.9112426035503,16,-1.4500000000000028,Klebsiella pneumoniae,Critical
GCA_023061095.1,1,0,0,4,25.6,11,-1.1400000000000006,Klebsiella pneumoniae,Critical
GCA_023572235.1,0,1,1,7,27.40740740740741,11,-1.8100000000000025,Klebsiella pneumoniae,Critical
GCA_023572325.1,0,1,3,7,34.375,9,-2.6699999999999946,Klebsiella pneumoniae,Critical
GCA_023572345.1,0,1,1,2,22.22222222222222,4,-0.779999999999994,Klebsiella pneumoniae,Critical
GCA_023572385.1,1,0,3,6,38.1294964028777,17,-1.25,Klebsiella pneumoniae,Critical
GCA_023572615.1,1,0,2,3,32.25806451612903,6,-1.6499999999999986,Klebsiella pneumoniae,Critical
GCA_023572675.1,1,0,0,9,29.906542056074763,7,0.3900000000000005,Klebsiella pneumoniae,Critical
GCA_024813455.1,1,0,2,5,32.55813953488372,8,-3.9099999999999966,Klebsiella pneumoniae,Critical
GCA_024813465.1,0,0,1,3,11.11111111111111,1,-0.9099999999999966,Klebsiella pneumoniae,Critical
GCA_024813535.1,1,0,1,11,14.285714285714285,2,-0.009999999999998,Klebsiella pneumoniae,Critical
GCA_024813555.1,1,0,0,2,22.35294117647059,8,-2.780000000000001,Klebsiella pneumoniae,Critical
GCA_024813565.1,0,0,3,6,16.666666666666664,2,-0.5399999999999991,Klebsiella pneumoniae,Critical
GCA_024813675.1,0,0,3,7,17.431192660550458,6,-1.2999999999999972,Klebsiella pneumoniae,Critical
GCA_024813735.1,0,0,2,6,21.5,7,-0.8599999999999994,Klebsiella pneumoniae,Critical
GCA_024813755.1,0,0,3,5,26.881720430107524,3,-1.3900000000000006,Klebsiella pneumoniae,Critical
GCA_024813765.1,0,0,2,7,17.391304347826086,5,-0.1899999999999977,Klebsiella pneumoniae,Critical
GCA_024813785.1,1,0,1,4,22.727272727272727,6,-2.0999999999999943,Klebsiella pneumoniae,Critical
GCA_024813815.1,1,0,2,8,24.705882352941178,10,-1.3200000000000005,Klebsiella pneumoniae,Critical
GCA_024813855.1,1,0,2,10,16.037735849056602,4,-0.6199999999999974,Klebsiella pneumoniae,Critical
GCA_024813875.1,1,0,0,4,24.35897435897436,7,-1.1700000000000017,Klebsiella pneumoniae,Critical
GCA_024814275.1,1,0,3,5,21.64179104477612,5,-3.979999999999997,Klebsiella pneumoniae,Critical
GCA_026191785.1,1,0,0,2,30.508474576271187,11,-6.009999999999998,Klebsiella pneumoniae,Critical
GCA_026191935.1,0,0,2,6,23.809523809523807,4,-0.6500000000000057,Klebsiella pneumoniae,Critical
GCA_026191975.1,0,0,2,8,32.94117647058823,4,-1.4299999999999995,Klebsiella pneumoniae,Critical
GCA_026222735.1,0,1,2,12,43.75,22,-3.710000000000001,Klebsiella pneumoniae,Critical
GCA_026222745.1,0,1,2,12,38.70967741935484,18,-2.390000000000001,Klebsiella pneumoniae,Critical
GCA_026222835.1,0,1,2,11,35.981308411214954,30,-3.75,Klebsiella pneumoniae,Critical
GCA_026222845.1,0,1,2,2,27.27272727272727,8,-4.490000000000002,Klebsiella pneumoniae,Critical
GCA_026222865.1,0,0,1,3,21.6,2,-2.020000000000003,Klebsiella pneumoniae,Critical
GCA_026222875.1,0,1,2,8,33.33333333333333,5,-1.0300000000000011,Klebsiella pneumoniae,Critical
GCA_026222935.1,0,1,2,3,30.8411214953271,5,-2.719999999999999,Klebsiella pneumoniae,Critical
GCA_026222945.1,0,1,2,3,36.80555555555556,7,-2.990000000000002,Klebsiella pneumoniae,Critical
GCA_026222955.1,0,1,1,4,24.285714285714285,7,-1.2000000000000028,Klebsiella pneumoniae,Critical
GCA_026223005.1,0,0,2,8,26.126126126126124,4,-1.6899999999999975,Klebsiella pneumoniae,Critical
GCA_026223035.1,0,0,1,4,26.168224299065415,2,-0.3800000000000025,Klebsiella pneumoniae,Critical
GCA_026223065.1,0,1,2,4,27.27272727272727,4,-0.6600000000000037,Klebsiella pneumoniae,Critical
GCA_026223055.1,0,1,2,11,41.66666666666667,23,-3.899999999999999,Klebsiella pneumoniae,Critical
GCA_026223095.1,0,1,2,2,31.76470588235294,4,-2.410000000000004,Klebsiella pneumoniae,Critical
GCA_026223115.1,0,1,3,8,37.79527559055118,18,-1.4299999999999995,Klebsiella pneumoniae,Critical
GCA_026223135.1,0,1,2,2,41.91176470588236,21,-2.710000000000001,Klebsiella pneumoniae,Critical
GCA_026223155.1,0,0,1,4,21.818181818181817,5,-1.9500000000000028,Klebsiella pneumoniae,Critical
GCA_026223175.1,0,1,1,2,22.47191011235955,5,-0.730000000000004,Klebsiella pneumoniae,Critical
GCA_026223205.1,0,1,3,2,23.58490566037736,10,-3.3800000000000026,Klebsiella pneumoniae,Critical
GCA_026223235.1,1,1,2,8,27.56756756756757,18,-2.0700000000000003,Klebsiella pneumoniae,Critical
GCA_026223255.1,1,1,1,2,75.0,6,-5.829999999999998,Klebsiella pneumoniae,Critical
GCA_026223265.1,0,1,1,3,55.55555555555556,3,-7.269999999999996,Klebsiella pneumoniae,Critical
GCA_026223315.1,0,1,3,6,33.33333333333333,7,-2.1300000000000026,Klebsiella pneumoniae,Critical
GCA_026223285.1,1,1,3,10,35.1063829787234,16,-1.6799999999999995,Klebsiella pneumoniae,Critical
GCA_026223335.1,0,1,3,4,25.42372881355932,3,-2.8000000000000043,Klebsiella pneumoniae,Critical
GCA_026223375.1,0,1,1,5,29.565217391304348,6,-3.1000000000000014,Klebsiella pneumoniae,Critical
GCA_026223395.1,0,1,2,7,42.42424242424242,15,-2.640000000000001,Klebsiella pneumoniae,Critical
GCA_026223455.1,0,1,1,3,33.11258278145696,18,-1.3399999999999963,Klebsiella pneumoniae,Critical
GCA_026223435.1,0,1,1,3,34.72222222222222,17,-1.269999999999996,Klebsiella pneumoniae,Critical
GCA_026223475.1,0,1,1,3,33.33333333333333,19,-0.6600000000000037,Klebsiella pneumoniae,Critical
GCA_026223515.1,0,0,2,1,24.09638554216868,5,-9.550000000000004,Klebsiella pneumoniae,Critical
GCA_026223575.1,1,0,1,5,37.10691823899371,16,-1.2100000000000009,Klebsiella pneumoniae,Critical
GCA_026223555.1,0,1,3,7,37.12574850299401,18,-0.7999999999999972,Klebsiella pneumoniae,Critical
GCA_026223615.1,0,0,2,11,14.957264957264956,4,-0.1900000000000048,Klebsiella pneumoniae,Critical
GCA_026223715.1,0,1,3,8,37.96791443850268,10,-1.8500000000000012,Klebsiella pneumoniae,Critical
GCA_026223755.1,0,0,2,8,27.184466019417474,4,-2.1000000000000014,Klebsiella pneumoniae,Critical
GCA_026223735.1,1,1,1,3,27.08333333333333,8,-1.5399999999999991,Klebsiella pneumoniae,Critical
GCA_026223775.1,0,1,2,8,37.94871794871795,11,-2.0799999999999983,Klebsiella pneumoniae,Critical
GCA_027945645.1,1,0,1,6,24.747474747474747,18,-1.3199999999999932,Klebsiella pneumoniae,Critical
GCA_028210855.1,1,0,2,10,25.20833333333333,14,-2.4099999999999966,Klebsiella pneumoniae,Critical
GCA_029075925.1,1,0,1,6,25.925925925925924,13,-0.8500000000000014,Klebsiella pneumoniae,Critical
GCA_029075945.1,1,0,2,12,38.13559322033898,9,-1.6700000000000017,Klebsiella pneumoniae,Critical
GCA_029075965.1,1,0,2,3,29.166666666666668,6,-2.270000000000003,Klebsiella pneumoniae,Critical
GCA_029075985.1,1,0,1,4,30.53435114503817,7,-2.7900000000000063,Klebsiella pneumoniae,Critical
GCA_029075995.1,1,0,1,2,13.333333333333334,3,-1.6600000000000037,Klebsiella pneumoniae,Critical
GCA_029076045.1,1,0,1,3,34.61538461538461,8,-3.4399999999999977,Klebsiella pneumoniae,Critical
GCA_029076075.1,1,0,1,4,37.142857142857146,25,-1.740000000000002,Klebsiella pneumoniae,Critical
GCA_029076065.1,1,0,2,3,30.666666666666664,10,-1.9399999999999975,Klebsiella pneumoniae,Critical
GCA_029076085.1,1,0,1,4,31.25,3,-1.6799999999999995,Klebsiella pneumoniae,Critical
GCA_029076125.1,1,0,1,6,32.0,6,-1.1099999999999994,Klebsiella pneumoniae,Critical
GCA_029076145.1,1,0,2,10,31.57894736842105,6,-1.4299999999999995,Klebsiella pneumoniae,Critical
GCA_029076185.1,1,0,1,5,37.17948717948718,18,-1.6199999999999974,Klebsiella pneumoniae,Critical
GCA_029076175.1,1,0,1,7,38.095238095238095,14,-2.700000000000003,Klebsiella pneumoniae,Critical
GCA_029076165.1,1,0,1,4,39.16666666666666,11,-1.2800000000000011,Klebsiella pneumoniae,Critical
GCA_029076225.1,1,0,1,1,38.67924528301887,14,-3.219999999999999,Klebsiella pneumoniae,Critical
GCA_029076245.1,1,0,1,5,27.049180327868854,13,-0.7199999999999989,Klebsiella pneumoniae,Critical
GCA_029076265.1,1,0,1,2,36.60714285714285,3,-0.8200000000000003,Klebsiella pneumoniae,Critical
GCA_029076275.1,1,0,1,6,19.090909090909093,4,-1.0700000000000005,Klebsiella pneumoniae,Critical
GCA_029076285.1,1,0,1,5,26.168224299065415,7,-2.450000000000003,Klebsiella pneumoniae,Critical
GCA_029076325.1,1,0,1,3,30.17241379310345,6,-2.029999999999994,Klebsiella pneumoniae,Critical
GCA_029076365.1,1,0,1,5,19.607843137254903,4,-1.1200000000000043,Klebsiella pneumoniae,Critical
GCA_029076345.1,1,0,1,7,27.40740740740741,6,-0.7299999999999969,Klebsiella pneumoniae,Critical
GCA_029076375.1,1,0,1,4,28.205128205128204,7,-2.6700000000000017,Klebsiella pneumoniae,Critical
GCA_029076395.1,1,0,1,11,23.809523809523807,6,-0.8800000000000026,Klebsiella pneumoniae,Critical
GCA_029078715.1,1,0,1,6,33.33333333333333,10,-0.9699999999999988,Klebsiella pneumoniae,Critical
GCA_029078745.1,1,0,3,7,35.338345864661655,12,-2.230000000000004,Klebsiella pneumoniae,Critical
GCA_029078755.1,1,0,1,2,17.647058823529413,2,-1.2899999999999991,Klebsiella pneumoniae,Critical
GCA_029078785.1,1,0,0,7,21.01063829787234,29,0.4500000000000028,Klebsiella pneumoniae,Critical
GCA_029078805.1,1,0,2,4,41.13475177304964,19,-0.9400000000000048,Klebsiella pneumoniae,Critical
GCA_029078815.1,1,0,1,3,27.2108843537415,7,-0.8999999999999986,Klebsiella pneumoniae,Critical
GCA_029078845.1,1,0,2,12,33.92857142857143,10,-1.490000000000002,Klebsiella pneumoniae,Critical
GCA_029078855.1,1,0,2,4,29.20353982300885,7,-1.3500000000000014,Klebsiella pneumoniae,Critical
GCA_029078885.1,1,0,2,10,41.52542372881356,9,-2.019999999999996,Klebsiella pneumoniae,Critical
GCA_029078905.1,1,0,3,4,32.35294117647059,7,-0.8399999999999963,Klebsiella pneumoniae,Critical
GCA_029078915.1,1,0,2,5,31.29770992366413,7,-1.529999999999994,Klebsiella pneumoniae,Critical
GCA_029078945.1,1,0,1,9,36.42384105960264,16,-1.9399999999999975,Klebsiella pneumoniae,Critical
GCA_029078955.1,1,0,2,4,34.78260869565217,15,-1.0999999999999943,Klebsiella pneumoniae,Critical
GCA_029078975.1,1,0,1,7,25.53191489361702,7,-1.2999999999999972,Klebsiella pneumoniae,Critical
GCA_029079005.1,1,0,1,3,32.03125,20,-1.8399999999999963,Klebsiella pneumoniae,Critical
GCA_029079015.1,1,0,3,10,36.22047244094488,11,-1.0499999999999972,Klebsiella pneumoniae,Critical
GCA_029079045.1,1,0,2,8,27.659574468085108,9,-3.240000000000002,Klebsiella pneumoniae,Critical
GCA_029079055.1,1,0,1,2,38.655462184873954,10,-1.7999999999999972,Klebsiella pneumoniae,Critical
GCA_029079065.1,1,0,1,6,33.78378378378378,19,-2.0,Klebsiella pneumoniae,Critical
GCA_029079105.1,1,0,2,3,39.6039603960396,17,-2.770000000000003,Klebsiella pneumoniae,Critical
GCA_029079125.1,1,0,1,5,31.85185185185185,7,-1.0600000000000025,Klebsiella pneumoniae,Critical
GCA_029079145.1,1,0,1,4,31.09243697478992,7,-1.3300000000000054,Klebsiella pneumoniae,Critical
GCA_029079165.1,1,0,2,4,34.04255319148936,6,-0.0399999999999991,Klebsiella pneumoniae,Critical
GCA_029079175.1,1,0,2,11,28.30188679245283,11,-2.0600000000000023,Klebsiella pneumoniae,Critical
GCA_029079205.1,1,0,2,0,30.0,8,-2.740000000000002,Klebsiella pneumoniae,Critical
GCA_029079225.1,1,0,2,9,32.97872340425532,7,-2.1300000000000026,Klebsiella pneumoniae,Critical
GCA_029079265.1,1,0,3,1,83.33333333333334,5,-4.740000000000002,Klebsiella pneumoniae,Critical
GCA_029079285.1,1,0,0,1,26.666666666666668,6,-2.369999999999997,Klebsiella pneumoniae,Critical
GCA_029079305.1,1,0,1,7,26.53061224489796,7,-1.8700000000000043,Klebsiella pneumoniae,Critical
GCA_029079325.1,1,0,2,3,35.0,16,-2.699999999999996,Klebsiella pneumoniae,Critical
GCA_029079345.1,1,0,1,4,23.33333333333333,5,-1.5500000000000045,Klebsiella pneumoniae,Critical
GCA_029079365.1,1,0,1,2,22.4,7,-1.9600000000000009,Klebsiella pneumoniae,Critical
GCA_029079375.1,1,0,1,5,27.11864406779661,7,-1.4200000000000017,Klebsiella pneumoniae,Critical
GCA_029079395.1,1,0,1,6,18.29268292682927,4,-2.5,Klebsiella pneumoniae,Critical
GCA_029079445.1,1,0,2,0,36.08247422680412,12,-2.3299999999999983,Klebsiella pneumoniae,Critical
GCA_029079425.1,1,0,1,4,30.47619047619048,8,-0.9199999999999946,Klebsiella pneumoniae,Critical
GCA_029079465.1,1,0,2,3,26.31578947368421,5,-0.1499999999999985,Klebsiella pneumoniae,Critical
GCA_029079475.1,1,0,1,7,23.46938775510204,3,-1.2999999999999972,Klebsiella pneumoniae,Critical
GCA_029079495.1,1,0,3,8,39.05325443786983,22,-1.0399999999999991,Klebsiella pneumoniae,Critical
GCA_029079525.1,1,0,1,7,20.8955223880597,4,-1.0499999999999972,Klebsiella pneumoniae,Critical
GCA_029079545.1,1,0,1,14,32.78145695364238,21,-0.490000000000002,Klebsiella pneumoniae,Critical
GCA_029079565.1,1,0,2,4,37.01298701298701,16,-1.3200000000000005,Klebsiella pneumoniae,Critical
GCA_029079575.1,1,0,1,6,31.543624161073826,17,-0.9799999999999968,Klebsiella pneumoniae,Critical
GCA_029079605.1,1,0,1,5,23.684210526315788,5,-0.5499999999999972,Klebsiella pneumoniae,Critical
GCA_029079625.1,1,0,0,3,27.044025157232703,10,-0.9200000000000016,Klebsiella pneumoniae,Critical
GCA_029079635.1,1,0,2,4,30.07518796992481,9,-1.490000000000002,Klebsiella pneumoniae,Critical
GCA_029079685.1,1,0,1,3,31.683168316831683,6,-1.5,Klebsiella pneumoniae,Critical
GCA_029079665.1,2,0,2,6,28.235294117647054,7,-1.8099999999999952,Klebsiella pneumoniae,Critical
GCA_029079695.1,1,0,0,3,13.157894736842104,4,-2.890000000000001,Klebsiella pneumoniae,Critical
GCA_029079725.1,1,0,1,3,31.313131313131315,12,-1.2800000000000011,Klebsiella pneumoniae,Critical
GCA_029079745.1,1,0,3,3,33.89830508474576,11,-1.3299999999999983,Klebsiella pneumoniae,Critical
GCA_029079765.1,1,0,3,2,80.0,4,-5.479999999999997,Klebsiella pneumoniae,Critical
GCA_029079775.1,1,0,0,9,19.23688394276629,14,0.6999999999999957,Klebsiella pneumoniae,Critical
GCA_029079825.1,1,0,3,5,23.00884955752212,6,-0.6899999999999977,Klebsiella pneumoniae,Critical
GCA_029079805.1,1,0,1,1,26.69491525423729,10,-1.0100000000000051,Klebsiella pneumoniae,Critical
GCA_029079845.1,1,0,2,2,26.7175572519084,4,-0.9399999999999976,Klebsiella pneumoniae,Critical
GCA_029079865.1,1,0,3,8,32.22222222222222,17,-0.1799999999999997,Klebsiella pneumoniae,Critical
GCA_029079885.1,1,0,2,11,35.92814371257485,16,-0.8299999999999983,Klebsiella pneumoniae,Critical
GCA_029079895.1,1,0,3,6,29.381443298969074,9,-1.240000000000002,Klebsiella pneumoniae,Critical
GCA_029079905.1,2,0,1,8,33.035714285714285,6,-1.6400000000000006,Klebsiella pneumoniae,Critical
GCA_029079945.1,1,0,2,3,35.65891472868217,16,-1.6600000000000037,Klebsiella pneumoniae,Critical
GCA_029079965.1,1,0,2,11,30.681818181818183,5,-2.5899999999999963,Klebsiella pneumoniae,Critical
GCA_029079985.1,1,0,2,2,33.84615384615385,23,-2.25,Klebsiella pneumoniae,Critical
GCA_029080005.1,1,0,1,11,47.093023255813954,23,-1.2899999999999991,Klebsiella pneumoniae,Critical
GCA_029079995.1,1,0,1,6,32.25806451612903,15,-1.5,Klebsiella pneumoniae,Critical
GCA_029080065.1,1,0,2,12,48.68421052631579,28,-1.9399999999999975,Klebsiella pneumoniae,Critical
GCA_029080045.1,2,0,0,7,24.661654135338345,17,-0.1400000000000005,Klebsiella pneumoniae,Critical
GCA_029080085.1,1,0,0,9,28.98550724637681,10,-1.1499999999999986,Klebsiella pneumoniae,Critical
GCA_029080095.1,1,0,1,4,28.000000000000004,9,-1.8399999999999963,Klebsiella pneumoniae,Critical
GCA_029080125.1,1,0,0,3,36.97916666666667,14,-1.0399999999999991,Klebsiella pneumoniae,Critical
GCA_029080145.1,1,0,1,7,35.04273504273504,15,-2.460000000000001,Klebsiella pneumoniae,Critical
GCA_029458035.1,0,1,2,1,61.53846153846154,2,-4.989999999999995,Klebsiella pneumoniae,Critical
GCA_029889725.1,0,0,0,0,50.0,1,-5.609999999999999,Klebsiella pneumoniae,Critical
GCA_030026945.2,0,0,2,2,29.464285714285715,6,-1.5,Klebsiella pneumoniae,Critical
GCF_001701895.1,1,0,3,7,26.53061224489796,8,-1.5999999999999943,Klebsiella pneumoniae,Critical
GCA_030462605.1,1,0,1,3,40.0,2,-4.460000000000001,Klebsiella pneumoniae,Critical
GCF_001701915.1,1,0,1,7,25.0,5,-0.3400000000000034,Klebsiella pneumoniae,Critical
GCF_001702405.1,0,0,3,7,34.72222222222222,7,-5.219999999999999,Klebsiella pneumoniae,Critical
GCF_001715215.1,1,0,1,4,30.58823529411765,3,-2.0600000000000023,Klebsiella pneumoniae,Critical
GCF_001718115.1,1,0,1,3,33.33333333333333,5,-2.780000000000001,Klebsiella pneumoniae,Critical
GCA_033955015.2,0,1,2,9,15.763546798029555,10,-2.549999999999997,Klebsiella pneumoniae,Critical
GCA_035615435.1,1,0,1,2,33.33333333333333,3,-6.759999999999998,Klebsiella pneumoniae,Critical
GCA_035968235.1,1,1,2,10,21.232876712328768,5,-1.009999999999998,Klebsiella pneumoniae,Critical
GCA_036574225.1,1,0,1,2,43.75,4,-5.300000000000004,Klebsiella pneumoniae,Critical
GCA_036575125.1,0,1,2,0,76.92307692307693,3,-5.810000000000002,Klebsiella pneumoniae,Critical
GCA_036575145.1,0,1,0,1,38.46153846153847,4,-4.82,Klebsiella pneumoniae,Critical
GCA_036575065.1,0,1,2,2,75.0,2,-4.950000000000003,Klebsiella pneumoniae,Critical
GCA_036575305.1,0,1,2,0,28.57142857142857,1,-5.210000000000001,Klebsiella pneumoniae,Critical
GCA_036662835.1,0,0,2,1,66.66666666666666,1,-5.039999999999999,Klebsiella pneumoniae,Critical
GCA_036662875.1,0,0,3,5,19.81132075471698,2,-1.4599999999999935,Klebsiella pneumoniae,Critical
GCA_036662855.1,0,0,2,1,50.0,1,-5.939999999999998,Klebsiella pneumoniae,Critical
GCA_036662895.1,0,0,3,5,26.36363636363636,2,-1.7800000000000011,Klebsiella pneumoniae,Critical
GCA_036759715.2,0,1,2,4,22.317596566523605,16,-2.960000000000001,Klebsiella pneumoniae,Critical
GCA_037052625.1,0,1,3,7,21.96969696969697,5,-1.9799999999999969,Klebsiella pneumoniae,Critical
GCF_001750805.1,0,0,1,1,50.0,2,-3.969999999999999,Klebsiella pneumoniae,Critical
GCF_001866785.1,1,0,2,16,22.48062015503876,6,-0.2199999999999988,Klebsiella pneumoniae,Critical
GCA_038433235.1,1,0,2,12,25.58139534883721,7,-1.3900000000000006,Klebsiella pneumoniae,Critical
GCA_038433245.1,1,0,1,9,39.44954128440367,10,-1.3100000000000025,Klebsiella pneumoniae,Critical
GCA_038433285.1,0,0,2,12,27.64227642276423,6,-1.279999999999994,Klebsiella pneumoniae,Critical
GCA_038433305.1,1,0,2,11,26.15384615384616,7,-1.5900000000000034,Klebsiella pneumoniae,Critical
GCA_040017175.1,0,0,2,6,25.28957528957529,11,-1.25,Klebsiella pneumoniae,Critical
GCA_040151195.1,0,0,2,1,25.42372881355932,7,-4.859999999999999,Klebsiella pneumoniae,Critical
GCA_040493875.1,0,1,3,5,28.28282828282828,6,-2.0,Klebsiella pneumoniae,Critical
GCA_040493745.1,1,0,3,5,21.568627450980397,6,-0.4200000000000017,Klebsiella pneumoniae,Critical
GCA_040493775.1,1,0,3,6,25.961538461538463,6,-0.3100000000000023,Klebsiella pneumoniae,Critical
GCA_040493715.1,0,1,3,5,27.08333333333333,5,-2.1000000000000014,Klebsiella pneumoniae,Critical
GCA_040493795.1,1,1,1,2,26.02739726027397,6,-3.5600000000000023,Klebsiella pneumoniae,Critical
GCA_040493735.1,0,1,3,5,23.14814814814815,5,-1.910000000000004,Klebsiella pneumoniae,Critical
GCA_040493815.1,0,1,1,2,24.786324786324787,7,-4.560000000000002,Klebsiella pneumoniae,Critical
GCA_041358095.1,1,0,0,2,29.069767441860467,9,-1.8899999999999932,Klebsiella pneumoniae,Critical
GCA_041387235.1,1,0,1,5,26.041666666666668,8,-3.390000000000001,Klebsiella pneumoniae,Critical
GCA_041949855.1,1,0,2,10,34.11764705882353,12,-4.399999999999999,Klebsiella pneumoniae,Critical
GCA_041986685.1,1,0,1,7,26.31578947368421,9,-0.9600000000000009,Klebsiella pneumoniae,Critical
GCA_042160135.1,1,1,2,4,19.565217391304348,5,-3.270000000000003,Klebsiella pneumoniae,Critical
GCA_042160215.1,1,1,2,7,18.29268292682927,7,-0.9600000000000009,Klebsiella pneumoniae,Critical
GCA_042607425.1,1,1,2,0,75.0,3,-4.840000000000003,Klebsiella pneumoniae,Critical
GCA_042607435.1,1,1,1,5,75.0,3,-4.449999999999996,Klebsiella pneumoniae,Critical
GCA_042607485.1,1,1,2,3,17.82178217821782,4,-3.979999999999997,Klebsiella pneumoniae,Critical
GCA_042607505.1,1,1,2,4,22.61904761904762,4,-3.739999999999995,Klebsiella pneumoniae,Critical
GCA_042607525.1,1,1,2,6,22.093023255813957,4,-3.3399999999999963,Klebsiella pneumoniae,Critical
GCA_042607545.1,1,1,2,6,22.36842105263158,5,-3.3299999999999983,Klebsiella pneumoniae,Critical
GCA_042607555.1,1,1,2,4,75.0,3,-5.039999999999999,Klebsiella pneumoniae,Critical
GCA_042607585.1,1,1,2,7,26.666666666666668,5,-2.75,Klebsiella pneumoniae,Critical
GCA_042607605.1,1,1,2,4,80.0,4,-5.100000000000001,Klebsiella pneumoniae,Critical
GCA_042607615.1,1,1,1,4,80.0,4,-5.100000000000001,Klebsiella pneumoniae,Critical
GCA_042607645.1,1,1,2,7,19.383259911894275,6,-1.5,Klebsiella pneumoniae,Critical
GCA_042607655.1,1,1,1,4,50.0,2,-4.880000000000003,Klebsiella pneumoniae,Critical
GCA_042607665.1,1,1,2,6,24.52830188679245,6,-2.3399999999999963,Klebsiella pneumoniae,Critical
GCA_042607705.1,1,1,3,2,80.0,4,-5.910000000000004,Klebsiella pneumoniae,Critical
GCA_042607715.1,1,1,6,3,54.54545454545454,5,-6.960000000000001,Klebsiella pneumoniae,Critical
GCA_042607725.1,1,1,2,3,80.0,4,-6.130000000000003,Klebsiella pneumoniae,Critical
GCA_042607735.1,1,1,1,6,27.966101694915253,8,-3.18,Klebsiella pneumoniae,Critical
GCA_042607745.1,1,1,2,7,26.13636363636364,4,-1.6400000000000006,Klebsiella pneumoniae,Critical
GCA_042607805.1,1,1,3,3,80.0,4,-7.170000000000002,Klebsiella pneumoniae,Critical
GCA_042607815.1,0,1,2,4,75.0,3,-5.109999999999999,Klebsiella pneumoniae,Critical
GCA_043848735.1,1,0,3,5,32.26837060702875,12,-0.9200000000000016,Klebsiella pneumoniae,Critical
GCA_043848745.1,0,0,3,2,16.853932584269664,0,0.0300000000000011,Klebsiella pneumoniae,Critical
GCA_043848795.1,0,0,1,7,21.164021164021165,11,-0.6000000000000014,Klebsiella pneumoniae,Critical
GCA_043848815.1,1,0,3,12,37.096774193548384,22,-0.75,Klebsiella pneumoniae,Critical
GCA_043848855.1,1,0,1,7,25.128205128205128,7,-0.0100000000000051,Klebsiella pneumoniae,Critical
GCA_047394525.1,0,1,3,10,40.30612244897959,35,-3.8400000000000034,Klebsiella pneumoniae,Critical
GCA_002099165.1,1,0,3,4,40.0,5,-2.0,Klebsiella pneumoniae,Critical
GCA_002104175.1,1,0,3,7,23.70689655172414,8,-1.0600000000000025,Klebsiella pneumoniae,Critical
GCA_002104185.1,1,0,1,8,25.09505703422053,7,-0.8000000000000043,Klebsiella pneumoniae,Critical
GCA_002104215.1,1,0,2,4,24.561403508771928,8,-1.1499999999999986,Klebsiella pneumoniae,Critical
GCA_002104255.1,1,0,2,7,25.517241379310345,7,-0.9899999999999948,Klebsiella pneumoniae,Critical
GCA_002104265.1,1,0,1,2,24.72222222222222,8,-0.5500000000000043,Klebsiella pneumoniae,Critical
GCA_002104295.1,1,0,0,4,23.12312312312312,8,-0.9400000000000048,Klebsiella pneumoniae,Critical
GCA_002104315.1,1,0,2,1,23.564954682779454,10,-1.0799999999999983,Klebsiella pneumoniae,Critical
GCA_002104355.1,1,0,2,9,28.11501597444089,11,-1.259999999999998,Klebsiella pneumoniae,Critical
GCA_002104365.1,0,0,0,0,24.512534818941504,7,-1.2099999999999935,Klebsiella pneumoniae,Critical
GCA_002105205.2,1,0,1,5,24.598930481283425,5,-0.279999999999994,Klebsiella pneumoniae,Critical
GCA_002119085.1,0,0,2,4,26.548672566371685,2,-0.4100000000000037,Klebsiella pneumoniae,Critical
GCA_030674085.1,1,1,1,4,9.466019417475728,5,-3.460000000000001,Raoultella planticola,Critical
GCA_002029935.1,0,0,0,2,4.504504504504505,2,-2.8000000000000043,Morganella morganii,Critical
GCA_006517665.1,0,0,0,0,4.878048780487805,0,1.0599999999999952,Morganella morganii,Critical
GCA_031630375.1,0,0,0,3,23.63636363636364,10,-4.169999999999995,Morganella morganii,Critical
GCA_031630335.1,0,0,1,2,16.304347826086957,2,-2.5600000000000023,Morganella morganii,Critical
GCA_006517685.1,0,0,0,0,4.166666666666666,1,1.029999999999994,Proteus mirabilis,Critical
GCA_009183685.1,0,0,0,1,13.684210526315791,1,-0.1200000000000045,Proteus mirabilis,Critical
GCA_009183705.1,0,0,1,2,10.9375,2,-0.1000000000000014,Proteus mirabilis,Critical
GCA_009183735.1,0,0,0,1,11.34020618556701,2,0.8999999999999986,Proteus mirabilis,Critical
GCA_009184605.1,0,0,0,0,6.521739130434782,0,-1.0300000000000011,Proteus mirabilis,Critical
GCA_011149675.1,0,0,0,0,33.33333333333333,1,1.2099999999999935,Proteus mirabilis,Critical
GCA_020866825.1,0,0,2,2,66.66666666666666,1,12.949999999999996,Proteus mirabilis,Critical
GCA_030262215.1,0,0,1,2,6.363636363636363,0,-1.7999999999999972,Proteus mirabilis,Critical
GCA_031630295.1,0,1,0,1,13.432835820895525,3,4.539999999999999,Proteus mirabilis,Critical
GCA_031630315.1,1,0,1,1,16.27906976744186,4,3.3599999999999994,Proteus mirabilis,Critical
GCA_042875775.1,0,0,1,3,12.71186440677966,6,3.039999999999999,Proteus mirabilis,Critical
GCA_042875785.1,1,0,0,0,11.320754716981131,6,1.519999999999996,Proteus mirabilis,Critical
GCA_042875835.1,0,0,0,0,3.896103896103896,0,-1.5399999999999991,Proteus mirabilis,Critical
GCA_042875895.1,0,0,2,0,5.9405940594059405,2,2.1499999999999986,Proteus mirabilis,Critical
GCA_042875955.1,0,0,0,0,10.416666666666668,7,0.4100000000000037,Proteus mirabilis,Critical
GCA_042875995.1,0,0,0,0,1.4492753623188406,0,-5.950000000000003,Proteus mirabilis,Critical
GCA_042875975.1,0,0,0,0,3.0927835051546397,0,-1.259999999999998,Proteus mirabilis,Critical
GCA_042876055.1,0,0,0,0,4.761904761904762,0,-1.3200000000000005,Proteus mirabilis,Critical
GCA_045115755.1,0,0,2,2,7.731958762886598,5,0.3999999999999986,Proteus mirabilis,Critical
GCA_003171695.1,0,0,1,2,6.214689265536723,3,5.550000000000004,Proteus mirabilis,Critical
GCA_031630355.1,0,0,0,0,6.521739130434782,1,5.700000000000003,Proteus vulgaris,Critical
GCA_000805715.1,0,0,0,3,8.75,3,4.1200000000000045,Providencia rettgeri,Critical
GCA_031921665.1,0,0,1,0,23.728813559322035,4,2.390000000000001,Providencia rettgeri,Critical
GCA_006517525.1,0,0,0,2,11.11111111111111,4,0.5700000000000003,Providencia stuartii,Critical
GCA_023060545.1,0,1,1,2,20.113314447592067,6,0.0300000000000011,Providencia stuartii,Critical
GCA_031921625.1,0,1,0,1,6.0344827586206895,1,5.0,Providencia stuartii,Critical
GCA_031921605.1,0,1,0,1,5.555555555555555,1,5.0,Providencia stuartii,Critical
GCA_031921645.1,0,1,2,1,26.38888888888889,3,2.030000000000001,Providencia stuartii,Critical
GCA_013425845.1,0,0,0,0,0.0,0,-1.089198308314169,Serratia marcescens,Critical
GCA_013425865.1,0,0,0,0,0.0,0,-0.979041153766828,Serratia marcescens,Critical
GCA_013425885.1,0,0,0,0,0.0,0,-0.9546070875209165,Serratia marcescens,Critical
GCA_023060035.1,1,0,0,0,7.6923076923076925,1,-1.3900000000000006,Serratia marcescens,Critical
GCA_023060455.1,0,0,1,2,17.857142857142858,2,0.2000000000000028,Serratia marcescens,Critical
GCA_023060595.1,0,0,0,0,3.225806451612903,0,2.279999999999994,Serratia marcescens,Critical
GCA_025234845.1,0,0,0,3,28.78787878787879,2,-1.0599999999999952,Serratia marcescens,Critical
GCA_031630205.1,0,1,2,0,14.457831325301203,3,-4.32,Serratia marcescens,Critical
GCA_031630255.1,0,1,1,4,20.3125,1,-2.6699999999999946,Serratia marcescens,Critical
GCA_003204525.1,1,0,1,3,8.13953488372093,3,-1.0600000000000025,Serratia marcescens,Critical
GCA_003204555.1,1,0,0,1,20.809248554913296,6,-1.740000000000002,Serratia marcescens,Critical
GCA_003204565.1,1,0,0,2,21.83908045977012,6,-1.9200000000000017,Serratia marcescens,Critical
GCA_003204595.1,1,0,0,2,27.06766917293233,5,-2.0899999999999963,Serratia marcescens,Critical
GCA_003204615.1,0,0,2,2,9.6,4,-2.9099999999999966,Serratia marcescens,Critical
GCA_003204635.1,1,0,0,2,21.7687074829932,6,-2.4099999999999966,Serratia marcescens,Critical
GCA_003204645.1,0,0,0,1,9.90990990990991,2,-0.8300000000000054,Serratia marcescens,Critical
GCA_003204675.1,1,0,0,1,16.470588235294116,7,-1.7600000000000051,Serratia marcescens,Critical
GCA_003204685.1,1,0,0,1,19.031141868512112,8,-1.6599999999999966,Serratia marcescens,Critical
GCA_003204715.1,1,0,0,0,15.365239294710328,9,-2.3599999999999994,Serratia marcescens,Critical
GCA_003204725.1,0,0,0,1,18.48013816925734,6,-1.8200000000000005,Serratia marcescens,Critical
GCA_003204755.1,1,0,0,1,16.551724137931036,10,-2.539999999999999,Serratia marcescens,Critical
GCA_003204765.1,0,0,2,1,20.0,3,-0.9699999999999988,Serratia marcescens,Critical
GCA_003204795.1,1,0,1,0,12.949640287769784,5,-1.3799999999999957,Serratia marcescens,Critical
GCA_003204805.1,0,0,2,1,8.461538461538462,4,-0.0499999999999971,Serratia marcescens,Critical
GCA_003204835.1,1,0,0,2,12.955465587044534,5,-2.3399999999999963,Serratia marcescens,Critical
GCA_003204855.1,1,0,0,2,18.235294117647054,8,-1.5499999999999972,Serratia marcescens,Critical
GCA_003204865.1,1,0,0,2,18.525179856115106,10,-1.9600000000000009,Serratia marcescens,Critical
GCA_003204885.1,1,0,0,1,21.50537634408602,9,-1.2899999999999991,Serratia marcescens,Critical
GCA_003204905.1,1,0,1,0,5.627705627705628,2,-1.480000000000004,Serratia marcescens,Critical
GCA_003204935.1,1,0,0,1,16.756756756756758,4,-2.549999999999997,Serratia marcescens,Critical
GCA_003204985.1,1,0,0,1,15.78125,11,-1.9799999999999969,Serratia marcescens,Critical
GCA_003204995.1,1,0,0,1,16.79506933744222,7,-2.479999999999997,Serratia marcescens,Critical
GCA_003284885.1,1,0,1,4,20.8955223880597,4,-0.8999999999999986,Serratia marcescens,Critical
GCA_023061075.1,1,0,2,9,35.0,8,-2.740000000000002,Enterobacter asburiae,Critical
GCA_023060115.1,0,0,1,4,16.470588235294116,2,-0.5399999999999991,Pluralibacter gergoviae,Critical
GCA_022401425.1,0,0,0,1,8.411214953271028,0,-0.4699999999999988,Yersinia enterocolitica,Critical
GCA_022401365.1,0,0,0,0,9.174311926605505,0,-0.759999999999998,Yersinia enterocolitica,Critical
GCA_022401485.1,0,0,0,0,7.6190476190476195,0,-0.519999999999996,Yersinia enterocolitica,Critical
GCA_000188815.2,0,0,0,0,7.936507936507936,2,-0.4000000000000057,Escherichia coli,Critical
GCA_000188755.2,0,0,0,5,18.09045226130653,6,-1.5900000000000034,Escherichia coli,Critical
GCA_000268125.1,0,0,0,3,28.18181818181818,8,-0.7999999999999972,Escherichia coli,Critical
GCA_009651015.1,1,0,2,7,32.3943661971831,7,-2.780000000000001,Klebsiella pneumoniae,Critical
GCA_009651075.1,1,0,2,8,29.545454545454547,8,-1.6900000000000048,Klebsiella pneumoniae,Critical
GCA_013180385.1,0,0,2,2,32.58426966292135,6,-6.939999999999998,Klebsiella pneumoniae,Critical
GCA_013180435.1,0,0,2,1,22.22222222222222,2,-5.480000000000004,Klebsiella pneumoniae,Critical
GCA_013180465.1,1,0,0,2,20.61855670103093,6,-4.909999999999997,Klebsiella pneumoniae,Critical
GCA_013180445.1,1,0,0,2,23.809523809523807,5,-5.0,Klebsiella pneumoniae,Critical
GCA_013180525.1,1,0,0,3,21.21212121212121,3,-4.799999999999997,Klebsiella pneumoniae,Critical
GCA_013180515.1,1,0,0,3,23.728813559322035,3,-4.729999999999997,Klebsiella pneumoniae,Critical
GCA_013626195.1,0,0,2,5,35.483870967741936,3,-0.1300000000000025,Klebsiella pneumoniae,Critical
GCA_021464705.1,0,0,4,7,22.53521126760564,11,-1.8800000000000023,Klebsiella pneumoniae,Critical
GCA_022544755.1,1,0,1,1,32.142857142857146,6,-2.529999999999994,Klebsiella pneumoniae,Critical
GCA_041212775.1,1,0,2,1,80.0,4,-5.729999999999997,Klebsiella pneumoniae,Critical
GCA_041213405.1,1,0,0,4,75.0,3,-5.25,Klebsiella pneumoniae,Critical
GCA_041213435.1,1,0,1,2,85.71428571428571,5,-7.660000000000004,Klebsiella pneumoniae,Critical
GCA_041214325.1,1,0,0,4,83.33333333333334,4,-4.200000000000003,Klebsiella pneumoniae,Critical
GCA_041215515.1,1,0,3,2,80.0,3,-5.469999999999999,Klebsiella pneumoniae,Critical
GCA_041216295.1,1,0,3,2,80.0,4,-5.469999999999999,Klebsiella pneumoniae,Critical
GCA_041217655.1,2,0,1,1,75.0,3,-4.410000000000004,Klebsiella pneumoniae,Critical
GCA_041218425.1,1,0,2,0,75.0,3,-4.890000000000001,Klebsiella pneumoniae,Critical
GCA_041218735.1,1,0,2,2,75.0,3,-4.43,Klebsiella pneumoniae,Critical
GCA_041218905.1,1,0,1,1,88.88888888888889,5,-5.240000000000002,Klebsiella pneumoniae,Critical
GCA_041220685.1,1,0,0,0,80.0,3,-5.230000000000004,Klebsiella pneumoniae,Critical
GCA_041219915.1,1,0,2,1,80.0,4,-4.960000000000001,Klebsiella pneumoniae,Critical
GCA_041221275.1,1,0,0,0,80.0,3,-4.759999999999998,Klebsiella pneumoniae,Critical
GCA_041221345.1,1,0,3,3,80.0,4,-5.549999999999997,Klebsiella pneumoniae,Critical
GCA_041221375.1,1,0,2,4,75.0,3,-4.529999999999994,Klebsiella pneumoniae,Critical
GCA_041221385.1,1,0,0,1,83.33333333333334,4,-5.150000000000006,Klebsiella pneumoniae,Critical
GCA_041221395.1,1,0,1,0,75.0,3,-5.280000000000001,Klebsiella pneumoniae,Critical
GCA_041221405.1,1,0,2,3,75.0,3,-4.759999999999998,Klebsiella pneumoniae,Critical
GCA_041221755.1,1,0,0,4,83.33333333333334,4,-4.219999999999999,Klebsiella pneumoniae,Critical
GCA_041221885.1,1,0,2,1,85.71428571428571,4,-4.050000000000004,Klebsiella pneumoniae,Critical
GCA_041221895.1,2,0,1,3,75.0,3,-4.219999999999999,Klebsiella pneumoniae,Critical
GCA_041221905.1,1,0,1,1,60.0,3,-5.789999999999999,Klebsiella pneumoniae,Critical
GCA_041221915.1,1,0,1,0,75.0,3,-5.229999999999997,Klebsiella pneumoniae,Critical
GCA_041221935.1,1,0,3,3,80.0,4,-5.420000000000002,Klebsiella pneumoniae,Critical
GCA_041222145.1,1,0,3,2,75.0,3,-5.450000000000003,Klebsiella pneumoniae,Critical
GCA_041222155.1,1,0,1,1,75.0,2,-4.329999999999998,Klebsiella pneumoniae,Critical
GCA_041222165.1,1,0,1,1,80.0,3,-4.350000000000001,Klebsiella pneumoniae,Critical
GCA_041222185.1,1,0,2,1,66.66666666666666,4,-3.710000000000001,Klebsiella pneumoniae,Critical
GCA_041222195.1,1,0,0,0,75.0,3,-5.280000000000001,Klebsiella pneumoniae,Critical
GCA_041222585.1,1,0,2,1,66.66666666666666,4,-3.700000000000003,Klebsiella pneumoniae,Critical
GCA_041222685.1,1,0,1,1,75.0,3,-4.57,Klebsiella pneumoniae,Critical
GCA_002631045.1,0,1,2,5,21.568627450980397,4,-0.8999999999999986,Klebsiella pneumoniae,Critical
GCA_002951555.1,1,0,2,1,50.0,1,-6.130000000000003,Klebsiella pneumoniae,Critical
GCA_002951595.1,1,0,0,3,66.66666666666666,2,-4.8899999999999935,Klebsiella pneumoniae,Critical
GCA_006514375.1,0,0,0,0,50.0,1,-3.619999999999997,Escherichia coli,Critical
GCA_038397905.1,1,0,0,3,35.025380710659896,11,-3.3200000000000003,Leclercia adecarboxylata,Critical
GCA_000249675.2,0,0,0,1,30.18867924528302,6,-4.549999999999997,Escherichia coli,Critical
GCA_000250195.2,0,0,0,2,15.217391304347828,3,-3.3299999999999983,Escherichia coli,Critical
GCA_023060615.1,0,0,0,0,13.79310344827586,2,0.4600000000000008,Enterobacter bugandensis,Critical
GCA_023572545.1,1,0,0,5,28.35820895522388,4,1.2700000000000031,Providencia stuartii,Critical
GCA_000188875.2,0,0,1,6,21.91780821917808,2,-1.9400000000000048,Escherichia coli,Critical
GCA_007644155.1,0,0,0,7,14.84375,10,-1.6099999999999994,Escherichia coli,Critical
GCA_007644175.1,0,0,0,2,16.842105263157894,0,-2.259999999999998,Escherichia coli,Critical
GCA_007644195.1,0,0,0,0,13.366336633663368,5,-2.0600000000000023,Escherichia coli,Critical
GCA_007644225.1,0,0,1,6,22.15189873417721,4,-2.199999999999996,Escherichia coli,Critical
GCA_007644245.1,0,0,0,0,18.35443037974684,6,-3.0,Escherichia coli,Critical
GCA_007644235.1,0,0,0,2,13.409961685823754,5,-0.8200000000000003,Escherichia coli,Critical
GCA_007644265.1,0,0,1,7,22.89156626506024,6,-2.049999999999997,Escherichia coli,Critical
GCA_007644285.1,0,0,1,3,20.75471698113208,4,-1.8200000000000005,Escherichia coli,Critical
GCA_007644335.1,0,0,1,3,19.879518072289155,4,-2.0,Escherichia coli,Critical
GCA_007644325.1,0,0,1,3,20.77922077922078,5,-2.280000000000001,Escherichia coli,Critical
GCA_007644345.1,0,0,1,7,21.29032258064516,7,-2.710000000000001,Escherichia coli,Critical
GCA_007646555.1,0,0,1,0,11.578947368421051,2,-0.5799999999999983,Escherichia coli,Critical
GCA_007646545.1,0,0,1,4,17.131474103585656,6,-0.8000000000000043,Escherichia coli,Critical
GCA_007646535.1,0,0,0,3,17.56756756756757,6,-0.1300000000000025,Escherichia coli,Critical
GCA_007646615.1,0,0,0,2,10.32258064516129,1,-1.7700000000000031,Escherichia coli,Critical
GCA_007646625.1,0,0,0,0,13.013698630136986,1,-0.3600000000000065,Escherichia coli,Critical
GCA_007646645.1,0,0,0,4,15.0,4,-3.229999999999997,Escherichia coli,Critical
GCA_007646635.1,0,0,0,2,12.716763005780344,2,-1.1799999999999995,Escherichia coli,Critical
GCA_007646735.1,0,0,0,4,18.69918699186992,3,-1.4299999999999995,Escherichia coli,Critical
GCA_007646745.1,0,0,0,0,8.955223880597014,1,-1.2100000000000009,Escherichia coli,Critical
GCA_007646715.1,0,0,1,4,22.81167108753316,7,-2.6099999999999994,Escherichia coli,Critical
GCA_007646755.1,0,0,0,7,19.93006993006993,18,-2.259999999999998,Escherichia coli,Critical
GCA_007646785.1,0,0,0,8,16.216216216216218,7,-1.529999999999994,Escherichia coli,Critical
GCA_007646835.1,0,0,0,2,13.223140495867767,1,-2.1000000000000014,Escherichia coli,Critical
GCA_007646855.1,0,0,0,2,9.523809523809524,2,-0.740000000000002,Escherichia coli,Critical
GCA_007646845.1,0,0,0,2,8.73362445414847,2,-0.9600000000000009,Escherichia coli,Critical
GCA_007646825.1,0,0,0,2,15.048543689320388,4,-1.740000000000002,Escherichia coli,Critical
GCA_007646875.1,0,0,0,4,14.705882352941178,4,-1.8800000000000023,Escherichia coli,Critical
GCA_007646935.1,0,0,0,0,17.525773195876287,3,-2.240000000000002,Escherichia coli,Critical
GCA_007646945.1,0,0,0,7,11.475409836065571,1,-1.3900000000000006,Escherichia coli,Critical
GCA_007646925.1,0,0,0,4,12.949640287769784,1,-2.3800000000000026,Escherichia coli,Critical
GCA_007646955.1,0,0,0,1,17.391304347826086,4,-1.9600000000000009,Escherichia coli,Critical
GCA_007646995.1,0,0,0,3,12.418300653594772,2,-2.039999999999999,Escherichia coli,Critical
GCA_007647025.1,0,0,0,8,5.555555555555555,0,-0.7100000000000009,Escherichia coli,Critical
GCA_007647035.1,0,0,0,4,5.405405405405405,0,-1.3700000000000043,Escherichia coli,Critical
GCA_007647045.1,0,0,0,4,16.736401673640167,6,-2.450000000000003,Escherichia coli,Critical
GCA_007647075.1,0,0,0,0,14.0625,1,-0.5900000000000034,Escherichia coli,Critical
GCA_007647125.1,0,0,0,2,11.458333333333332,4,-1.2700000000000031,Escherichia coli,Critical
GCA_007647205.1,0,0,0,0,2.0408163265306123,0,0.279999999999994,Escherichia coli,Critical
GCA_007647225.1,0,0,0,5,11.363636363636363,1,-3.460000000000001,Escherichia coli,Critical
GCA_007647325.1,0,0,1,2,17.647058823529413,4,-1.1699999999999946,Escherichia coli,Critical
GCA_007647335.1,0,0,0,2,14.685314685314683,2,-0.2000000000000028,Escherichia coli,Critical
GCA_007647345.1,0,0,1,0,13.90728476821192,5,0.7800000000000011,Escherichia coli,Critical
GCA_007647455.1,0,0,0,3,5.555555555555555,0,0.1900000000000048,Escherichia coli,Critical
GCA_007647475.1,0,0,1,1,15.0,4,-0.1000000000000014,Escherichia coli,Critical
GCA_007647585.1,0,0,0,2,10.06711409395973,2,-0.6799999999999997,Escherichia coli,Critical
GCA_007647575.1,0,0,0,2,10.44776119402985,3,-0.009999999999998,Escherichia coli,Critical
GCA_007647565.1,0,0,0,2,12.953367875647666,7,-0.9500000000000028,Escherichia coli,Critical
GCA_007647625.1,0,0,0,0,8.411214953271028,1,-0.8200000000000003,Escherichia coli,Critical
GCA_007647635.1,0,0,0,0,10.69182389937107,3,-1.6500000000000057,Escherichia coli,Critical
GCA_007647805.1,0,0,0,3,10.795454545454543,1,-1.2600000000000051,Escherichia coli,Critical
GCA_007647855.1,0,0,0,2,14.07035175879397,6,-1.93,Escherichia coli,Critical
GCA_007647865.1,0,0,1,4,25.174825174825177,7,-1.5399999999999991,Escherichia coli,Critical
GCA_007647945.1,0,0,0,3,15.151515151515152,0,-2.389999999999993,Escherichia coli,Critical
GCA_007647955.1,0,0,0,8,12.556053811659194,4,-1.6400000000000006,Escherichia coli,Critical
GCA_007647975.1,0,0,0,3,13.23529411764706,1,-1.5800000000000054,Escherichia coli,Critical
GCA_007648015.1,0,0,0,3,9.183673469387756,1,-3.740000000000002,Escherichia coli,Critical
GCA_007648005.1,0,0,0,4,13.6094674556213,5,-1.509999999999998,Escherichia coli,Critical
GCA_007648075.1,0,0,1,4,17.93103448275862,1,-1.75,Escherichia coli,Critical
GCA_007648085.1,0,0,0,6,17.874396135265698,5,-0.2000000000000028,Escherichia coli,Critical
GCA_007648065.1,0,0,0,2,13.688212927756654,7,-1.8799999999999957,Escherichia coli,Critical
GCA_007648125.1,0,0,0,3,15.165876777251183,7,-2.240000000000002,Escherichia coli,Critical
GCA_007648145.1,0,0,0,4,13.068181818181818,1,-0.9899999999999948,Escherichia coli,Critical
GCA_007648165.1,0,0,0,1,11.538461538461538,1,0.3900000000000005,Escherichia coli,Critical
GCA_007648135.1,0,0,0,6,16.161616161616163,3,-1.9399999999999975,Escherichia coli,Critical
GCA_007648215.1,0,0,0,2,8.849557522123893,2,-1.5600000000000025,Escherichia coli,Critical
GCA_007648205.1,0,0,0,1,15.0,5,-0.7700000000000031,Escherichia coli,Critical
GCA_007648245.1,0,0,0,4,10.897435897435898,2,-1.8999999999999984,Escherichia coli,Critical
GCA_007648225.1,0,0,0,2,10.126582278481012,2,-1.029999999999994,Escherichia coli,Critical
GCA_007648285.1,0,0,0,3,18.181818181818183,6,-1.3800000000000026,Escherichia coli,Critical
GCA_007648315.1,0,0,0,0,10.126582278481012,4,0.019999999999996,Escherichia coli,Critical
GCA_007648305.1,0,0,0,0,5.357142857142857,1,-0.6300000000000026,Escherichia coli,Critical
GCA_007648325.1,0,0,0,3,19.06474820143885,6,-1.8599999999999997,Escherichia coli,Critical
GCA_007648365.1,0,0,0,4,11.728395061728394,4,-2.3100000000000023,Escherichia coli,Critical
GCA_007648385.1,0,0,0,4,5.952380952380952,0,0.0,Escherichia coli,Critical
GCA_007648375.1,0,0,0,6,15.5,3,-2.979999999999997,Escherichia coli,Critical
GCA_007648415.1,0,0,0,5,9.722222222222223,0,-0.269999999999996,Escherichia coli,Critical
GCA_007648455.1,0,0,0,4,6.0,0,-1.3999999999999986,Escherichia coli,Critical
GCA_007648445.1,0,0,0,4,10.42654028436019,4,-1.0499999999999972,Escherichia coli,Critical
GCA_007648475.1,0,0,0,4,12.57861635220126,3,-1.0,Escherichia coli,Critical
GCA_007648485.1,0,0,0,3,15.517241379310343,6,-1.990000000000002,Escherichia coli,Critical
GCA_007648525.1,0,0,0,0,8.98876404494382,0,-2.229999999999997,Escherichia coli,Critical
GCA_007648515.1,0,0,0,3,15.517241379310343,5,-1.9500000000000028,Escherichia coli,Critical
GCA_007648535.1,0,0,1,5,16.352201257861633,3,-1.4500000000000028,Escherichia coli,Critical
GCA_007648585.1,0,0,1,5,14.942528735632186,2,-1.4399999999999975,Escherichia coli,Critical
GCA_007648605.1,0,0,0,0,6.428571428571428,3,-1.2800000000000011,Escherichia coli,Critical
GCA_007648615.1,0,0,0,0,8.666666666666668,4,-1.769999999999996,Escherichia coli,Critical
GCA_007648625.1,0,0,0,0,7.092198581560284,2,-1.25,Escherichia coli,Critical
GCA_007648635.1,0,0,0,2,15.340909090909092,1,-2.4200000000000017,Escherichia coli,Critical
GCA_007648685.1,0,0,0,3,15.476190476190476,1,-2.1300000000000026,Escherichia coli,Critical
GCA_007648715.1,0,0,0,3,17.154811715481173,7,-0.9299999999999996,Escherichia coli,Critical
GCA_007648705.1,0,0,0,3,13.425925925925927,2,-1.6499999999999986,Escherichia coli,Critical
GCA_007648725.1,0,0,0,3,11.594202898550725,1,-2.270000000000003,Escherichia coli,Critical
GCA_007648765.1,0,0,0,2,8.333333333333332,0,-1.4400000000000048,Escherichia coli,Critical
GCA_007648745.1,0,0,0,2,6.796116504854369,2,-0.5700000000000003,Escherichia coli,Critical
GCA_007648805.1,0,0,0,2,6.60377358490566,0,-1.4099999999999966,Escherichia coli,Critical
GCA_007648815.1,0,0,0,2,6.896551724137931,0,-1.4299999999999995,Escherichia coli,Critical
GCA_007648825.1,0,0,0,2,10.112359550561797,2,-1.5399999999999991,Escherichia coli,Critical
GCA_007648855.1,0,0,0,2,8.60215053763441,0,-1.4399999999999975,Escherichia coli,Critical
GCA_007648865.1,0,0,0,2,7.954545454545454,0,-1.4399999999999975,Escherichia coli,Critical
GCA_007648905.1,0,0,0,2,14.473684210526317,1,-1.0300000000000011,Escherichia coli,Critical
GCA_007648915.1,0,0,0,2,7.526881720430108,0,-1.4499999999999955,Escherichia coli,Critical
GCA_007648925.1,0,0,0,2,12.5,6,-2.6300000000000026,Escherichia coli,Critical
GCA_007648955.1,0,0,0,2,11.11111111111111,8,-2.710000000000001,Escherichia coli,Critical
GCA_007648965.1,0,0,0,8,11.929824561403509,9,-1.9000000000000057,Escherichia coli,Critical
GCA_007648995.1,0,0,0,7,11.913357400722022,9,-2.030000000000001,Escherichia coli,Critical
GCA_007649015.1,0,0,0,2,9.824561403508772,3,-2.710000000000001,Escherichia coli,Critical
GCA_007663355.1,0,0,0,4,13.259668508287293,5,-1.2899999999999991,Escherichia coli,Critical
GCA_014771895.1,0,0,0,6,20.43010752688172,9,-0.740000000000002,Escherichia coli,Critical
GCA_014771915.1,0,0,2,9,30.76923076923077,19,-1.269999999999996,Escherichia coli,Critical
GCA_016992015.1,0,0,0,12,17.2972972972973,5,-0.3400000000000034,Escherichia coli,Critical
GCA_016992025.1,0,0,1,2,26.47058823529412,2,-0.2100000000000008,Escherichia coli,Critical
GCA_016991995.1,0,0,0,3,22.90502793296089,8,-1.4299999999999995,Escherichia coli,Critical
GCA_016991975.1,0,0,0,2,27.1523178807947,7,-0.2800000000000011,Escherichia coli,Critical
GCA_016991835.1,0,0,1,6,25.945945945945947,6,-1.3500000000000014,Escherichia coli,Critical
GCA_016991955.1,0,0,1,6,31.20567375886525,6,-0.7600000000000051,Escherichia coli,Critical
GCA_016991915.1,0,0,2,14,26.15384615384616,5,-1.259999999999998,Escherichia coli,Critical
GCA_016991935.1,0,0,2,2,21.82741116751269,2,-0.6199999999999974,Escherichia coli,Critical
GCA_016991875.1,0,0,0,7,23.809523809523807,4,-1.1000000000000014,Escherichia coli,Critical
GCA_016991885.1,0,0,2,16,23.270440251572328,2,-1.5799999999999983,Escherichia coli,Critical
GCA_016991855.1,0,0,1,11,16.463414634146343,3,-0.4500000000000028,Escherichia coli,Critical
GCA_016991735.1,1,0,1,6,10.687022900763358,4,-2.1700000000000017,Escherichia coli,Critical
GCA_016991715.1,0,0,0,9,16.299559471365637,4,-0.8099999999999952,Escherichia coli,Critical
GCA_016991675.1,0,0,3,3,25.0,4,-2.1499999999999986,Escherichia coli,Critical
GCA_016991695.1,0,0,0,2,25.806451612903224,6,0.0100000000000051,Escherichia coli,Critical
GCA_016991655.1,0,0,0,0,19.047619047619047,5,-2.0600000000000023,Escherichia coli,Critical
GCA_016991595.1,0,0,1,10,23.56687898089172,2,-0.8200000000000003,Escherichia coli,Critical
GCA_016991415.1,0,0,2,4,23.756906077348063,5,-0.4799999999999969,Escherichia coli,Critical
GCA_016991615.1,0,0,1,2,18.84057971014493,4,-0.8900000000000006,Escherichia coli,Critical
GCA_016991575.1,0,0,0,2,21.12676056338028,1,-0.8200000000000003,Escherichia coli,Critical
GCA_016991535.1,0,0,0,5,28.676470588235293,3,-1.009999999999998,Escherichia coli,Critical
GCA_016991555.1,0,0,0,13,15.121951219512194,3,-1.4499999999999955,Escherichia coli,Critical
GCA_016991335.1,0,0,2,3,30.28169014084507,4,-0.7000000000000028,Escherichia coli,Critical
GCA_016991395.1,0,0,0,3,17.372881355932204,2,-1.6299999999999957,Escherichia coli,Critical
GCA_016991375.1,0,0,1,2,16.793893129770993,6,-0.8200000000000003,Escherichia coli,Critical
GCA_016991435.1,0,0,0,2,22.22222222222222,6,-0.5900000000000034,Escherichia coli,Critical
GCA_016991475.1,0,0,4,1,22.727272727272727,4,-1.990000000000002,Escherichia coli,Critical
GCA_016991455.1,0,0,3,0,17.391304347826086,1,-1.6600000000000037,Escherichia coli,Critical
GCA_016991495.1,0,0,1,15,15.57377049180328,2,-2.230000000000004,Escherichia coli,Critical
GCA_016991515.1,0,0,5,3,24.55089820359281,2,-0.2900000000000062,Escherichia coli,Critical
GCA_016991315.1,0,0,0,11,27.884615384615387,5,-0.9299999999999996,Escherichia coli,Critical
GCA_016990955.1,0,0,0,16,30.508474576271187,3,-1.5200000000000031,Escherichia coli,Critical
GCA_016990915.1,0,0,0,7,23.776223776223777,3,-2.049999999999997,Escherichia coli,Critical
GCA_019830985.1,0,0,0,4,18.543046357615893,3,-1.4500000000000028,Escherichia coli,Critical
GCA_016991295.1,0,0,1,5,16.352201257861633,3,-0.9200000000000016,Escherichia coli,Critical
GCA_016991275.1,0,0,0,5,19.2,3,-1.259999999999998,Escherichia coli,Critical
GCA_016991255.1,0,0,0,2,30.57851239669421,6,-0.1499999999999985,Escherichia coli,Critical
GCA_016991215.1,0,0,1,7,11.009174311926609,2,-1.6900000000000048,Escherichia coli,Critical
GCA_016991235.1,0,0,1,1,18.0,1,-1.6000000000000014,Escherichia coli,Critical
GCA_018021315.1,0,0,1,7,27.75330396475771,15,-1.8999999999999984,Escherichia coli,Critical
GCA_016991195.1,0,0,0,7,23.134328358208958,3,-1.0700000000000005,Escherichia coli,Critical
GCA_016990975.1,0,0,0,7,21.62162162162162,11,-0.9399999999999976,Escherichia coli,Critical
GCA_016990995.1,0,0,0,8,24.13793103448276,5,-0.9099999999999966,Escherichia coli,Critical
GCA_016991175.1,0,0,0,7,22.75862068965517,2,-0.7199999999999989,Escherichia coli,Critical
GCA_016991155.1,0,0,0,1,15.730337078651685,4,-2.18,Escherichia coli,Critical
GCA_016991115.1,0,0,0,2,19.431279620853083,7,-0.0800000000000054,Escherichia coli,Critical
GCA_016991135.1,0,0,2,4,31.03448275862069,8,-0.2199999999999988,Escherichia coli,Critical
GCA_019833705.1,0,0,1,2,26.71232876712329,9,-0.4600000000000008,Escherichia coli,Critical
GCA_016991095.1,0,0,0,9,24.69879518072289,3,-1.519999999999996,Escherichia coli,Critical
GCA_016991055.1,0,0,0,2,25.66844919786097,10,-0.9899999999999948,Escherichia coli,Critical
GCA_016991075.1,0,0,0,6,20.18348623853211,7,-1.1199999999999974,Escherichia coli,Critical
GCA_016991035.1,0,0,0,0,21.83908045977012,7,0.2300000000000039,Escherichia coli,Critical
GCA_016991015.1,0,0,2,11,23.463687150837988,3,-1.2899999999999991,Escherichia coli,Critical
GCA_016990835.1,0,0,3,16,29.924242424242426,14,-0.5999999999999943,Escherichia coli,Critical
GCA_016990855.1,0,0,0,1,18.91891891891892,6,-0.259999999999998,Escherichia coli,Critical
GCA_016990895.1,0,0,2,8,30.303030303030305,7,-1.2000000000000028,Escherichia coli,Critical
GCA_016990875.1,0,0,1,7,24.293785310734464,5,-1.5700000000000005,Escherichia coli,Critical
GCA_018021275.1,0,0,0,1,22.30769230769231,1,-1.2899999999999991,Escherichia coli,Critical
GCA_016990435.1,0,0,0,3,20.437956204379564,3,-1.6099999999999994,Escherichia coli,Critical
GCA_016990475.1,0,0,0,2,19.892473118279568,3,-1.1400000000000006,Escherichia coli,Critical
GCA_016990455.1,0,0,0,3,22.485207100591715,3,-0.3900000000000005,Escherichia coli,Critical
GCA_016990795.1,0,0,0,7,20.114942528735632,3,-0.9200000000000016,Escherichia coli,Critical
GCA_051106255.1,0,0,1,2,66.66666666666666,4,-1.1299999999999957,Escherichia coli,Critical
GCA_052183145.1,0,0,1,3,30.16759776536313,19,-1.0799999999999983,Escherichia coli,Critical
GCA_052183195.1,0,0,0,1,15.84158415841584,4,-1.0799999999999983,Escherichia coli,Critical
GCA_052183235.1,0,0,1,0,12.676056338028168,3,-0.9099999999999966,Escherichia coli,Critical
GCA_052183255.1,0,0,2,1,11.11111111111111,1,0.8099999999999952,Escherichia coli,Critical
GCA_052183325.1,0,0,1,3,11.612903225806452,2,-2.240000000000002,Escherichia coli,Critical
GCA_052183375.1,0,0,1,2,13.253012048192772,2,0.6799999999999997,Escherichia coli,Critical
GCA_052183315.1,0,0,0,0,19.823788546255507,15,-1.0399999999999991,Escherichia coli,Critical
GCA_052183445.1,0,0,1,5,6.930693069306932,1,-0.8099999999999952,Escherichia coli,Critical
GCA_052183435.1,0,0,2,3,20.0,6,-1.2399999999999949,Escherichia coli,Critical
GCA_052183495.1,0,0,0,6,13.970588235294118,2,-1.5900000000000034,Escherichia coli,Critical
GCA_052183535.1,0,0,0,2,16.463414634146343,7,-2.18,Escherichia coli,Critical
GCA_052183595.1,0,0,1,5,23.63636363636364,14,-0.8800000000000026,Escherichia coli,Critical
GCA_052183615.1,0,0,0,0,5.88235294117647,0,0.0399999999999991,Escherichia coli,Critical
GCA_052183645.1,0,0,0,0,14.285714285714285,8,-2.5,Escherichia coli,Critical
GCA_052183635.1,0,0,1,5,11.940298507462686,1,-0.8800000000000026,Escherichia coli,Critical
GCA_052183675.1,0,0,1,2,17.307692307692307,2,-2.460000000000001,Escherichia coli,Critical
GCA_052183695.1,0,0,1,2,15.84158415841584,2,-3.1699999999999946,Escherichia coli,Critical
GCA_052183715.1,0,0,2,1,17.105263157894736,2,-1.3299999999999983,Escherichia coli,Critical
GCA_052183735.1,1,0,0,9,17.857142857142858,2,-1.8900000000000008,Escherichia coli,Critical
GCA_052183755.1,0,0,1,6,12.244897959183673,1,-2.140000000000001,Escherichia coli,Critical
GCA_052183765.1,0,0,2,5,15.84158415841584,4,-1.93,Escherichia coli,Critical
GCA_052183795.1,0,0,0,5,12.0,2,-0.4099999999999966,Escherichia coli,Critical
GCA_052183815.1,0,0,0,4,23.46938775510204,5,-0.7000000000000028,Escherichia coli,Critical
GCA_052183835.1,0,0,1,5,16.666666666666664,2,-1.3200000000000005,Escherichia coli,Critical
GCA_052183855.1,0,0,0,0,12.871287128712872,1,-0.4500000000000028,Escherichia coli,Critical
GCA_052183875.1,0,0,2,2,10.79136690647482,4,-1.1600000000000037,Escherichia coli,Critical
GCA_052183895.1,0,0,0,3,9.411764705882351,1,-1.5700000000000005,Escherichia coli,Critical
GCA_052183935.1,0,0,0,4,15.13157894736842,4,-0.3999999999999986,Escherichia coli,Critical
GCA_052183975.1,0,0,0,0,4.411764705882353,0,2.4099999999999966,Escherichia coli,Critical
GCA_052184015.1,0,0,2,6,22.3463687150838,4,-1.3299999999999983,Escherichia coli,Critical
GCA_052184055.1,0,0,0,2,19.88636363636364,7,-2.729999999999997,Escherichia coli,Critical
GCA_052184095.1,0,0,1,4,17.59259259259259,0,-2.009999999999998,Escherichia coli,Critical
GCA_052184135.1,0,0,2,8,15.27777777777778,2,-1.029999999999994,Escherichia coli,Critical
GCA_052184195.1,0,0,1,3,10.852713178294572,4,-1.4200000000000017,Escherichia coli,Critical
GCA_052184225.1,0,0,2,4,14.772727272727272,3,-3.020000000000003,Escherichia coli,Critical
GCA_052184275.1,0,0,0,3,24.69135802469136,4,-3.210000000000001,Escherichia coli,Critical
GCA_052184335.1,0,0,0,3,20.689655172413797,4,-2.4599999999999937,Escherichia coli,Critical
GCA_052184385.1,0,0,1,2,21.11111111111111,4,-3.3300000000000054,Escherichia coli,Critical
GCA_052184375.1,0,0,1,0,21.052631578947366,6,-0.1699999999999946,Escherichia coli,Critical
GCA_052184455.1,0,0,1,2,14.864864864864863,1,-0.9099999999999966,Escherichia coli,Critical
GCA_052184465.1,0,0,2,5,26.190476190476197,17,-1.2100000000000009,Escherichia coli,Critical
GCA_052184515.1,0,0,1,3,9.523809523809524,1,-3.799999999999997,Escherichia coli,Critical
GCA_052184575.1,0,0,1,6,20.253164556962027,2,-2.0,Escherichia coli,Critical
GCA_052184635.1,0,0,0,7,22.429906542056077,5,-0.1299999999999954,Escherichia coli,Critical
GCA_052184655.1,0,0,2,3,16.025641025641026,6,-2.1599999999999966,Escherichia coli,Critical
GCA_052184695.1,0,0,0,1,17.525773195876287,5,-1.0899999999999963,Escherichia coli,Critical
GCA_052184715.1,0,0,0,2,19.083969465648856,3,-0.2199999999999988,Escherichia coli,Critical
GCA_052184755.1,0,0,1,6,18.235294117647054,7,-1.7600000000000051,Escherichia coli,Critical
GCA_052184795.1,0,0,0,2,22.115384615384613,4,0.1899999999999977,Escherichia coli,Critical
GCA_052184835.1,0,0,1,6,13.559322033898304,1,-1.1499999999999986,Escherichia coli,Critical
GCA_052184875.1,0,0,2,6,17.02127659574468,4,-3.1099999999999994,Escherichia coli,Critical
GCA_052184915.1,0,0,0,0,18.181818181818183,4,-2.039999999999999,Escherichia coli,Critical
GCA_052184935.1,0,0,1,8,17.424242424242426,2,-1.0499999999999972,Escherichia coli,Critical
GCA_052184995.1,0,0,0,2,20.792079207920796,3,-1.1400000000000006,Escherichia coli,Critical
GCA_052185035.1,0,0,0,9,26.262626262626267,13,-1.4500000000000028,Escherichia coli,Critical
GCA_052185055.1,0,0,1,3,27.472527472527474,4,-0.3999999999999986,Escherichia coli,Critical
GCA_052185115.1,1,0,0,3,14.685314685314683,3,-0.5799999999999983,Escherichia coli,Critical
GCA_052185135.1,0,0,2,7,20.94240837696335,13,-0.6300000000000026,Escherichia coli,Critical
GCA_052185155.1,0,0,0,4,13.675213675213676,1,-1.4600000000000009,Escherichia coli,Critical
GCA_052185235.1,0,0,0,5,14.492753623188406,5,-0.6400000000000006,Escherichia coli,Critical
GCA_052185255.1,0,0,1,5,20.0,5,-1.9600000000000009,Escherichia coli,Critical
GCA_052185295.1,0,0,1,12,16.528925619834713,4,-2.869999999999997,Escherichia coli,Critical
GCA_052185355.1,0,0,1,4,13.513513513513514,2,-2.8299999999999983,Escherichia coli,Critical
GCA_052185375.1,0,0,0,7,18.803418803418804,4,-0.6999999999999957,Escherichia coli,Critical
GCA_052185455.1,0,0,1,2,8.823529411764707,2,-0.8999999999999986,Escherichia coli,Critical
GCA_052185475.1,0,0,0,10,20.967741935483872,5,-0.1600000000000037,Escherichia coli,Critical
GCA_052216765.1,0,0,1,3,11.160714285714286,2,-2.460000000000001,Escherichia coli,Critical
GCA_052943275.1,0,0,1,1,11.462450592885377,7,-3.830000000000005,Escherichia coli,Critical
GCA_052943295.1,0,0,1,1,9.477124183006536,8,-3.629999999999996,Escherichia coli,Critical
GCA_052943315.2,0,0,1,2,66.66666666666666,1,-3.460000000000001,Escherichia coli,Critical
GCA_052943335.1,0,0,1,3,11.971830985915492,2,-2.18,Escherichia coli,Critical
GCA_052943355.2,0,0,1,2,75.0,1,-4.340000000000003,Escherichia coli,Critical
GCA_052943375.1,0,0,1,3,16.0,1,-4.460000000000001,Escherichia coli,Critical
GCA_052943395.2,0,0,1,2,75.0,1,-3.4199999999999946,Escherichia coli,Critical
GCA_052943415.1,0,0,0,1,9.580838323353294,5,-3.230000000000004,Escherichia coli,Critical
GCA_052997385.1,0,0,1,4,9.16030534351145,2,-1.2000000000000028,Escherichia coli,Critical
GCA_052997405.1,1,0,0,5,16.574585635359114,6,-1.4300000000000068,Escherichia coli,Critical
GCA_053059375.1,0,0,1,7,21.951219512195124,8,-1.9200000000000017,Escherichia coli,Critical
GCA_053347475.1,0,0,0,8,7.661290322580645,4,-0.2999999999999971,Escherichia coli,Critical
GCA_054177555.1,0,0,1,7,8.450704225352112,5,-1.25,Escherichia coli,Critical
GCA_054477975.1,0,0,1,2,50.0,1,-2.410000000000004,Escherichia coli,Critical
GCA_054478005.1,0,0,1,0,80.0,0,-2.960000000000001,Escherichia coli,Critical
GCA_054477985.1,0,0,3,2,80.0,4,-3.789999999999999,Escherichia coli,Critical
GCA_054478115.1,0,0,0,1,10.72961373390558,3,-3.61,Escherichia coli,Critical
GCA_054478155.1,0,0,1,2,50.0,1,-0.6900000000000048,Escherichia coli,Critical
GCA_054478295.1,0,0,0,0,33.33333333333333,1,-1.8200000000000005,Escherichia coli,Critical
GCA_054478225.1,0,0,0,0,85.71428571428571,2,-3.839999999999996,Escherichia coli,Critical
GCA_054478215.1,0,0,1,2,66.66666666666666,1,-2.259999999999998,Escherichia coli,Critical
GCA_054478315.1,0,0,0,0,6.787330316742081,2,-3.830000000000005,Escherichia coli,Critical
GCA_054478335.1,0,0,0,6,5.0,1,-1.949999999999996,Escherichia coli,Critical
GCA_054478355.1,0,0,1,4,7.017543859649122,0,-3.899999999999999,Escherichia coli,Critical
GCA_054478375.1,0,0,0,5,12.280701754385964,3,-2.8500000000000014,Escherichia coli,Critical
GCA_054565055.1,0,0,0,0,25.0,1,-1.6400000000000006,Escherichia coli,Critical
GCA_054832125.1,0,0,0,7,27.184466019417474,6,-0.9100000000000036,Escherichia coli,Critical
GCA_054832145.1,0,0,0,0,25.252525252525253,4,-0.5600000000000023,Escherichia coli,Critical
GCA_054832165.1,0,0,0,7,22.727272727272727,6,-1.0599999999999952,Escherichia coli,Critical
GCA_054832185.1,0,0,0,3,20.76923076923077,4,-0.8299999999999983,Escherichia coli,Critical
GCA_054832205.1,0,0,0,2,28.57142857142857,5,-0.0900000000000034,Escherichia coli,Critical
GCA_054832225.1,0,0,0,7,23.893805309734518,6,-0.5700000000000003,Escherichia coli,Critical
GCA_054832245.1,0,0,1,6,27.611940298507463,7,-3.3000000000000043,Escherichia coli,Critical
GCA_054832255.1,0,0,1,0,16.842105263157894,4,-0.4399999999999977,Escherichia coli,Critical
GCA_054832285.1,0,0,0,0,20.73170731707317,3,-0.4499999999999957,Escherichia coli,Critical
GCA_054832315.1,0,0,0,7,25.438596491228072,6,-0.5300000000000011,Escherichia coli,Critical
GCA_054832305.1,0,0,1,0,25.874125874125877,6,-1.6700000000000017,Escherichia coli,Critical
GCA_054832345.1,0,0,0,7,25.34246575342466,6,-0.4699999999999988,Escherichia coli,Critical
GCA_001649805.1,0,0,1,4,4.448563484708063,1,1.0100000000000051,Acinetobacter baumannii,Critical
GCA_001758065.1,0,1,0,2,6.679960119641076,5,0.490000000000002,Acinetobacter baumannii,Critical
GCA_001758135.1,0,0,1,1,5.456255879586077,6,0.6400000000000006,Acinetobacter baumannii,Critical
GCA_016485345.1,0,1,2,7,13.714285714285715,2,0.4399999999999977,Acinetobacter baumannii,Critical
GCA_016485365.1,0,0,1,3,11.74785100286533,2,0.3999999999999986,Acinetobacter baumannii,Critical
GCA_016485325.1,0,0,0,5,14.87603305785124,1,0.1099999999999994,Acinetobacter baumannii,Critical
GCA_016485245.1,0,0,0,5,13.754646840148698,1,0.0399999999999991,Acinetobacter baumannii,Critical
GCA_016485225.1,0,0,1,4,15.6,2,0.0100000000000051,Acinetobacter baumannii,Critical
GCA_016485265.1,0,1,0,2,11.11111111111111,1,0.4399999999999977,Acinetobacter baumannii,Critical
GCA_016485285.1,0,0,1,3,11.68091168091168,2,0.4600000000000008,Acinetobacter baumannii,Critical
GCA_016485305.1,0,1,1,2,14.328358208955224,4,-0.0399999999999991,Acinetobacter baumannii,Critical
GCA_016485205.1,0,1,0,8,12.802768166089963,3,-0.3500000000000014,Acinetobacter baumannii,Critical
GCA_016485145.1,0,1,2,7,13.975155279503104,2,0.25,Acinetobacter baumannii,Critical
GCA_016485185.1,0,1,2,3,9.929078014184398,1,0.8399999999999963,Acinetobacter baumannii,Critical
GCA_016485165.1,0,1,0,4,15.789473684210526,1,0.1700000000000017,Acinetobacter baumannii,Critical
GCA_016485085.1,0,1,0,3,11.693548387096774,4,0.2800000000000011,Acinetobacter baumannii,Critical
GCA_016485125.1,0,1,1,3,10.328638497652582,1,0.4799999999999969,Acinetobacter baumannii,Critical
GCA_016485105.1,0,0,0,2,10.136986301369864,1,0.3999999999999986,Acinetobacter baumannii,Critical
GCA_016484955.1,0,1,1,2,10.046728971962615,2,0.5,Acinetobacter baumannii,Critical
GCA_016485005.1,0,1,0,3,13.921113689095128,4,0.5300000000000011,Acinetobacter baumannii,Critical
GCA_016484985.1,0,0,1,3,11.314984709480122,2,0.5200000000000031,Acinetobacter baumannii,Critical
GCA_016484945.1,0,1,2,8,17.435897435897434,3,0.25,Acinetobacter baumannii,Critical
GCA_016485025.1,0,1,2,7,17.159763313609467,2,-0.0300000000000011,Acinetobacter baumannii,Critical
GCA_016485045.1,0,1,1,7,11.506849315068491,3,0.3900000000000005,Acinetobacter baumannii,Critical
GCA_031100975.1,0,0,0,3,10.0,0,1.3900000000000006,Acinetobacter baumannii,Critical
GCA_031101015.1,0,0,0,2,8.695652173913043,0,0.5399999999999991,Acinetobacter baumannii,Critical
GCA_031100955.1,0,1,0,5,17.105263157894736,1,-0.1600000000000037,Acinetobacter baumannii,Critical
GCA_031100935.1,0,0,0,6,10.76923076923077,0,1.2700000000000031,Acinetobacter baumannii,Critical
GCA_042938265.1,0,0,1,5,18.487394957983195,4,2.8999999999999986,Acinetobacter baumannii,Critical
GCA_042939275.1,0,1,1,3,11.805555555555555,5,-0.9200000000000016,Acinetobacter baumannii,Critical
GCA_051169065.1,0,0,0,2,13.414634146341465,1,-0.2600000000000051,Acinetobacter baumannii,Critical
GCA_051169085.1,0,0,0,5,15.853658536585366,1,0.259999999999998,Acinetobacter baumannii,Critical
GCA_051169105.1,0,0,0,3,17.80821917808219,1,0.3399999999999963,Acinetobacter baumannii,Critical
GCA_051169125.1,0,0,0,5,14.634146341463412,1,0.4099999999999966,Acinetobacter baumannii,Critical
GCA_051169155.1,0,0,0,5,16.25,1,0.4500000000000028,Acinetobacter baumannii,Critical
GCA_051169175.1,0,0,0,3,15.853658536585366,1,0.2100000000000008,Acinetobacter baumannii,Critical
GCA_051169195.1,0,0,0,3,14.942528735632186,1,0.1799999999999997,Acinetobacter baumannii,Critical
GCA_051169215.1,0,0,0,2,14.473684210526317,1,-0.0300000000000011,Acinetobacter baumannii,Critical
GCA_051169235.1,0,0,0,7,14.634146341463412,1,-0.240000000000002,Acinetobacter baumannii,Critical
GCA_051169255.1,0,0,0,3,13.636363636363637,1,0.2000000000000028,Acinetobacter baumannii,Critical
GCA_051169275.1,0,0,0,5,17.073170731707318,1,0.1799999999999997,Acinetobacter baumannii,Critical
GCA_051169295.1,0,1,0,5,15.66265060240964,1,0.4100000000000037,Acinetobacter baumannii,Critical
GCA_051169315.1,0,0,0,5,16.091954022988507,1,0.4200000000000017,Acinetobacter baumannii,Critical
GCA_051169335.1,0,0,0,5,15.853658536585366,1,0.2899999999999991,Acinetobacter baumannii,Critical
GCA_051169355.1,0,0,0,4,15.584415584415584,1,0.2800000000000011,Acinetobacter baumannii,Critical
GCA_051169375.1,0,0,0,3,16.883116883116884,1,0.2800000000000011,Acinetobacter baumannii,Critical
GCA_051169395.1,0,0,0,5,14.457831325301203,1,0.4099999999999966,Acinetobacter baumannii,Critical
GCA_051169415.1,0,0,0,2,15.18987341772152,1,0.0599999999999951,Acinetobacter baumannii,Critical
GCA_051169445.1,0,0,0,4,16.455696202531644,1,0.240000000000002,Acinetobacter baumannii,Critical
GCA_051169435.1,0,0,0,5,15.476190476190476,1,0.4199999999999946,Acinetobacter baumannii,Critical
GCA_051169475.1,0,0,0,5,16.049382716049383,1,0.4099999999999966,Acinetobacter baumannii,Critical
GCA_051169495.1,0,0,0,2,12.307692307692308,1,0.1000000000000014,Acinetobacter baumannii,Critical
GCA_051169515.1,0,0,0,5,17.56756756756757,1,0.3399999999999963,Acinetobacter baumannii,Critical
GCA_051169535.1,0,0,0,4,15.476190476190476,1,-0.1199999999999974,Acinetobacter baumannii,Critical
GCA_051169555.1,0,0,0,5,16.470588235294116,1,0.1400000000000005,Acinetobacter baumannii,Critical
GCA_051169575.1,0,0,0,5,20.0,3,-0.3700000000000045,Acinetobacter baumannii,Critical
GCA_051169595.1,0,0,0,3,15.18987341772152,1,0.3399999999999963,Acinetobacter baumannii,Critical
GCA_051169615.1,0,0,0,5,13.829787234042554,1,0.4199999999999946,Acinetobacter baumannii,Critical
GCA_051169635.1,0,0,0,2,12.987012987012983,1,-0.1400000000000005,Acinetobacter baumannii,Critical
GCA_051169655.1,0,0,0,3,14.864864864864863,1,0.1899999999999977,Acinetobacter baumannii,Critical
GCA_051169675.1,0,0,0,5,14.444444444444445,1,0.5399999999999991,Acinetobacter baumannii,Critical
GCA_051169695.1,0,0,0,5,13.186813186813188,1,0.3999999999999986,Acinetobacter baumannii,Critical
GCA_051169715.1,0,0,0,5,16.470588235294116,1,0.3599999999999994,Acinetobacter baumannii,Critical
GCA_051169745.1,0,0,0,3,14.444444444444445,1,0.1200000000000045,Acinetobacter baumannii,Critical
GCA_051169765.1,0,0,0,3,13.48314606741573,1,0.2300000000000039,Acinetobacter baumannii,Critical
GCA_051169785.1,0,0,0,5,16.853932584269664,1,0.2000000000000028,Acinetobacter baumannii,Critical
GCA_051169805.1,0,0,0,3,12.82051282051282,1,0.2900000000000062,Acinetobacter baumannii,Critical
GCA_051169825.1,0,0,0,5,19.8019801980198,3,-0.2000000000000028,Acinetobacter baumannii,Critical
GCA_051169845.1,0,0,0,5,13.684210526315791,1,0.3900000000000005,Acinetobacter baumannii,Critical
GCA_051169865.1,0,0,0,5,16.049382716049383,1,0.3399999999999963,Acinetobacter baumannii,Critical
GCA_051169885.1,0,0,0,3,12.790697674418606,1,0.2899999999999991,Acinetobacter baumannii,Critical
GCA_051169905.1,0,0,0,5,16.867469879518072,1,0.3399999999999963,Acinetobacter baumannii,Critical
GCA_051169925.1,0,0,0,4,16.304347826086957,1,0.0300000000000011,Acinetobacter baumannii,Critical
GCA_051169945.1,0,0,0,5,16.25,1,0.4400000000000048,Acinetobacter baumannii,Critical
GCA_051169965.1,0,0,0,5,14.457831325301203,1,0.4199999999999946,Acinetobacter baumannii,Critical
GCA_051169985.1,0,0,0,5,13.684210526315791,1,0.3800000000000025,Acinetobacter baumannii,Critical
GCA_051170005.1,0,0,0,5,21.11111111111111,3,-0.3500000000000014,Acinetobacter baumannii,Critical
GCA_051170025.1,0,0,0,3,14.444444444444445,1,0.2000000000000028,Acinetobacter baumannii,Critical
GCA_051170045.1,0,0,0,5,23.157894736842103,3,-0.4499999999999957,Acinetobacter baumannii,Critical
GCA_051170065.1,0,0,0,5,17.28395061728395,1,0.3299999999999983,Acinetobacter baumannii,Critical
GCA_051170085.1,0,0,0,3,14.285714285714285,1,0.240000000000002,Acinetobacter baumannii,Critical
GCA_051170105.1,0,0,0,5,16.25,1,0.25,Acinetobacter baumannii,Critical
GCA_051170125.1,0,0,0,5,13.978494623655912,1,0.25,Acinetobacter baumannii,Critical
GCA_051170145.1,0,0,0,5,16.049382716049383,1,0.4199999999999946,Acinetobacter baumannii,Critical
GCA_051170165.1,0,0,0,5,14.285714285714285,1,0.4600000000000008,Acinetobacter baumannii,Critical
GCA_051170185.1,0,0,0,3,13.750000000000002,1,0.2800000000000011,Acinetobacter baumannii,Critical
GCA_051170205.1,0,0,0,5,14.772727272727272,1,0.3900000000000005,Acinetobacter baumannii,Critical
GCA_051170225.1,0,0,0,5,12.76595744680851,1,0.3900000000000005,Acinetobacter baumannii,Critical
GCA_051170245.1,0,0,0,3,15.0,1,0.1400000000000005,Acinetobacter baumannii,Critical
GCA_051170265.1,0,0,0,4,19.047619047619047,4,-0.9899999999999948,Acinetobacter baumannii,Critical
GCA_051170285.1,0,0,0,3,13.513513513513514,1,0.3799999999999954,Acinetobacter baumannii,Critical
GCA_051170305.1,0,0,0,5,14.285714285714285,1,0.4099999999999966,Acinetobacter baumannii,Critical
GCA_051170325.1,0,1,0,2,15.730337078651685,1,-0.1499999999999985,Acinetobacter baumannii,Critical
GCA_051170365.1,0,0,0,5,16.27906976744186,1,0.3900000000000005,Acinetobacter baumannii,Critical
GCA_051170385.1,0,0,0,3,12.34567901234568,1,0.3399999999999963,Acinetobacter baumannii,Critical
GCA_051170405.1,0,0,0,4,13.043478260869565,1,-0.0399999999999991,Acinetobacter baumannii,Critical
GCA_051170425.1,0,0,0,3,12.82051282051282,1,0.3000000000000042,Acinetobacter baumannii,Critical
GCA_051170445.1,0,0,0,3,12.195121951219512,1,0.3299999999999983,Acinetobacter baumannii,Critical
GCA_051170465.1,0,0,0,4,14.772727272727272,1,0.0900000000000034,Acinetobacter baumannii,Critical
GCA_051170485.1,0,0,0,2,12.22222222222222,1,0.0300000000000011,Acinetobacter baumannii,Critical
GCA_051170505.1,0,0,0,3,11.76470588235294,1,0.3200000000000003,Acinetobacter baumannii,Critical
GCA_051170525.1,0,0,0,2,14.285714285714285,1,0.1099999999999994,Acinetobacter baumannii,Critical
GCA_051170545.1,0,0,0,3,15.476190476190476,1,0.1000000000000014,Acinetobacter baumannii,Critical
GCA_051170565.1,0,0,0,3,16.049382716049383,1,0.3499999999999943,Acinetobacter baumannii,Critical
GCA_051170585.1,0,0,0,4,16.43835616438356,1,0.1499999999999985,Acinetobacter baumannii,Critical
GCA_051170605.1,0,0,0,4,14.634146341463412,1,0.1499999999999985,Acinetobacter baumannii,Critical
GCA_051170625.1,0,0,0,5,16.25,1,0.2899999999999991,Acinetobacter baumannii,Critical
GCA_051170645.1,0,0,0,4,14.772727272727272,1,0.4099999999999966,Acinetobacter baumannii,Critical
GCA_051170665.1,0,0,0,5,16.455696202531644,1,0.4199999999999946,Acinetobacter baumannii,Critical
GCA_051170685.1,0,0,0,5,15.18987341772152,1,0.4099999999999966,Acinetobacter baumannii,Critical
GCA_051170705.1,0,0,0,3,12.941176470588236,1,0.3900000000000005,Acinetobacter baumannii,Critical
GCA_051170725.1,0,0,0,3,14.864864864864863,1,0.2800000000000011,Acinetobacter baumannii,Critical
GCA_051170745.1,0,0,0,5,14.606741573033707,1,0.25,Acinetobacter baumannii,Critical
GCA_051170765.1,0,0,0,5,14.130434782608695,1,0.4200000000000017,Acinetobacter baumannii,Critical
GCA_051170785.1,0,0,0,6,18.75,4,-0.3599999999999994,Acinetobacter baumannii,Critical
GCA_051170805.1,0,0,0,5,13.333333333333334,1,0.3399999999999963,Acinetobacter baumannii,Critical
GCA_051170825.1,0,0,0,5,14.942528735632186,1,0.2300000000000039,Acinetobacter baumannii,Critical
GCA_051170845.1,0,0,0,5,15.11627906976744,1,0.3500000000000014,Acinetobacter baumannii,Critical
GCA_051842185.1,0,1,0,7,8.571428571428571,2,0.0700000000000002,Acinetobacter baumannii,Critical
GCA_051842205.1,0,0,0,4,20.8,3,-0.4099999999999966,Acinetobacter baumannii,Critical
GCA_051842225.1,0,0,0,3,20.0,2,-0.3500000000000014,Acinetobacter baumannii,Critical
GCA_051842245.1,0,0,0,3,12.63157894736842,1,0.480000000000004,Acinetobacter baumannii,Critical
GCA_051842265.1,0,1,0,3,15.84158415841584,2,-0.1299999999999954,Acinetobacter baumannii,Critical
GCA_051842285.1,0,0,0,2,15.217391304347828,2,-0.2899999999999991,Acinetobacter baumannii,Critical
GCA_051842305.1,0,1,0,2,15.306122448979592,2,-0.1499999999999985,Acinetobacter baumannii,Critical
GCA_052115825.1,0,0,1,2,9.75609756097561,1,0.3700000000000045,Acinetobacter baumannii,Critical
GCA_052492475.1,0,1,0,1,17.46031746031746,1,0.1600000000000037,Acinetobacter baumannii,Critical
GCA_052492535.1,0,1,0,1,14.285714285714285,1,0.25,Acinetobacter baumannii,Critical
GCA_052492555.1,0,1,0,1,21.428571428571427,1,0.1600000000000037,Acinetobacter baumannii,Critical
GCA_052492595.1,0,1,0,1,20.689655172413797,1,0.1400000000000005,Acinetobacter baumannii,Critical
GCA_052492615.1,0,1,0,1,21.818181818181817,1,-0.0100000000000051,Acinetobacter baumannii,Critical
GCA_052492635.1,0,1,0,1,11.224489795918368,1,0.0500000000000042,Acinetobacter baumannii,Critical
GCA_052492675.1,0,1,0,1,11.34020618556701,1,0.1200000000000045,Acinetobacter baumannii,Critical
GCA_052492695.1,0,1,0,2,10.75268817204301,1,0.0499999999999971,Acinetobacter baumannii,Critical
GCA_052492735.1,0,1,0,1,11.88118811881188,1,0.019999999999996,Acinetobacter baumannii,Critical
GCA_052492755.1,0,1,0,1,17.543859649122805,1,0.2000000000000028,Acinetobacter baumannii,Critical
GCA_052492795.1,0,1,0,1,18.571428571428573,1,0.1000000000000014,Acinetobacter baumannii,Critical
GCA_052492815.1,0,1,0,1,18.75,1,0.1300000000000025,Acinetobacter baumannii,Critical
GCA_052492835.1,0,1,0,1,20.0,1,0.2199999999999988,Acinetobacter baumannii,Critical
GCA_052492855.1,0,1,0,2,11.11111111111111,1,0.240000000000002,Acinetobacter baumannii,Critical
GCA_052545275.1,0,1,0,2,11.956521739130435,1,0.2299999999999968,Acinetobacter baumannii,Critical
GCA_053309335.1,0,0,1,0,33.33333333333333,0,-0.8599999999999994,Acinetobacter baumannii,Critical
GCA_001645745.1,0,0,0,4,8.51063829787234,1,-1.4600000000000009,Klebsiella pneumoniae,Critical
GCA_001756835.2,1,0,3,7,16.989066442388562,28,-0.6999999999999957,Klebsiella pneumoniae,Critical
GCA_022305095.1,0,0,6,15,28.40909090909091,21,-1.4400000000000048,Klebsiella pneumoniae,Critical
GCA_022305015.1,2,0,1,6,33.72093023255814,18,-0.2299999999999968,Klebsiella pneumoniae,Critical
GCA_022304995.1,2,0,0,5,34.33734939759036,19,-0.2099999999999937,Klebsiella pneumoniae,Critical
GCA_022304975.1,2,0,1,18,32.82442748091603,7,-0.0599999999999951,Klebsiella pneumoniae,Critical
GCA_022304515.1,2,0,3,17,37.5,9,-0.6799999999999997,Klebsiella pneumoniae,Critical
GCA_022304535.1,2,0,1,10,38.70967741935484,17,-0.509999999999998,Klebsiella pneumoniae,Critical
GCA_022304495.1,2,0,1,9,32.05128205128205,9,-1.220000000000006,Klebsiella pneumoniae,Critical
GCA_022304475.1,1,0,0,13,33.33333333333333,21,-2.140000000000001,Klebsiella pneumoniae,Critical
GCA_022304455.1,2,0,4,15,37.83783783783784,10,-1.0799999999999983,Klebsiella pneumoniae,Critical
GCA_022304435.1,0,0,1,15,29.92957746478873,11,-1.7199999999999989,Klebsiella pneumoniae,Critical
GCA_022304395.1,2,0,0,8,31.92307692307692,23,-2.039999999999999,Klebsiella pneumoniae,Critical
GCA_002104705.1,1,0,1,1,12.360387192851825,9,-2.1200000000000045,Klebsiella pneumoniae,Critical
GCA_003326385.1,1,0,2,5,14.672686230248308,10,-1.970000000000006,Klebsiella pneumoniae,Critical
GCA_003326435.1,1,0,2,6,17.542120911793855,16,-3.0500000000000043,Klebsiella pneumoniae,Critical
GCA_003095475.1,0,0,1,2,16.666666666666664,5,-1.5,Klebsiella pneumoniae,Critical
GCA_003095515.1,1,0,0,6,15.451577801958653,8,-1.8999999999999984,Klebsiella pneumoniae,Critical
GCA_003095575.1,1,0,2,3,16.47373107747106,11,-2.950000000000003,Klebsiella pneumoniae,Critical
GCA_003095615.1,1,0,0,1,16.878980891719745,13,-3.1599999999999966,Klebsiella pneumoniae,Critical
GCA_022321785.1,0,0,2,9,31.61764705882353,4,0.1700000000000017,Klebsiella pneumoniae,Critical
GCA_022321835.1,0,0,1,7,28.57142857142857,4,-0.1099999999999994,Klebsiella pneumoniae,Critical
GCA_022321815.1,2,0,1,7,25.503355704697988,3,-0.8599999999999994,Klebsiella pneumoniae,Critical
GCA_022321725.1,2,0,1,10,31.858407079646017,2,-0.4899999999999949,Klebsiella pneumoniae,Critical
GCA_022321645.1,2,0,7,12,37.109375,15,-2.549999999999997,Klebsiella pneumoniae,Critical
GCA_022321535.1,2,0,1,6,27.27272727272727,7,-2.460000000000001,Klebsiella pneumoniae,Critical
GCA_022321495.1,2,0,4,12,27.027027027027028,3,0.25,Klebsiella pneumoniae,Critical
GCA_022321405.1,2,0,2,9,32.20338983050847,3,-0.3200000000000003,Klebsiella pneumoniae,Critical
GCA_022321445.1,2,0,3,7,22.22222222222222,2,0.3200000000000003,Klebsiella pneumoniae,Critical
GCA_022321305.1,2,0,4,16,30.57851239669421,4,-0.509999999999998,Klebsiella pneumoniae,Critical
GCA_022321375.1,2,0,5,8,23.732718894009217,7,0.4099999999999966,Klebsiella pneumoniae,Critical
GCA_022321225.1,0,0,2,9,30.08849557522124,4,-0.3800000000000025,Klebsiella pneumoniae,Critical
GCA_022321245.1,2,0,3,9,23.52941176470588,2,0.4499999999999957,Klebsiella pneumoniae,Critical
GCA_022321135.1,2,0,1,6,25.70093457943925,5,-0.8000000000000043,Klebsiella pneumoniae,Critical
GCA_022321075.1,2,0,5,10,31.70731707317073,3,-0.1700000000000017,Klebsiella pneumoniae,Critical
GCA_022321045.1,2,0,5,10,30.88235294117647,3,-0.1799999999999997,Klebsiella pneumoniae,Critical
GCA_022320885.1,2,0,1,9,27.142857142857142,8,-0.5899999999999963,Klebsiella pneumoniae,Critical
GCA_022320905.1,2,0,4,9,25.065963060686013,9,-0.2600000000000051,Klebsiella pneumoniae,Critical
GCA_022320865.1,2,0,3,11,30.303030303030305,2,0.0800000000000054,Klebsiella pneumoniae,Critical
GCA_022320745.1,1,0,1,4,25.0,7,-1.480000000000004,Klebsiella pneumoniae,Critical
GCA_022320705.1,2,0,1,5,28.440366972477065,6,-2.260000000000005,Klebsiella pneumoniae,Critical
GCA_022210945.1,2,0,5,13,31.57894736842105,7,-0.9600000000000009,Klebsiella pneumoniae,Critical
GCA_022210965.1,1,0,4,13,37.755102040816325,7,-1.1600000000000037,Klebsiella pneumoniae,Critical
GCA_022210885.1,2,0,0,4,28.04878048780488,4,-3.140000000000001,Klebsiella pneumoniae,Critical
GCA_022210865.1,2,0,4,8,29.6,9,-1.730000000000004,Klebsiella pneumoniae,Critical
GCA_022210845.1,2,0,5,7,30.57851239669421,8,-1.279999999999994,Klebsiella pneumoniae,Critical
GCA_022210985.1,2,0,2,15,33.035714285714285,5,-0.029999999999994,Klebsiella pneumoniae,Critical
GCA_022210825.1,2,0,4,8,34.61538461538461,7,-0.7099999999999937,Klebsiella pneumoniae,Critical
GCA_022210785.1,2,0,4,8,33.91304347826087,8,-1.2399999999999949,Klebsiella pneumoniae,Critical
GCA_022210805.1,2,0,2,8,26.31578947368421,6,-0.3200000000000003,Klebsiella pneumoniae,Critical
GCA_022210765.1,2,0,5,7,28.688524590163933,9,-1.1400000000000006,Klebsiella pneumoniae,Critical
GCA_022210725.1,2,0,4,13,32.432432432432435,9,-1.1600000000000037,Klebsiella pneumoniae,Critical
GCA_022210745.1,2,0,5,7,27.77777777777778,8,-1.25,Klebsiella pneumoniae,Critical
GCA_022210665.1,2,0,5,7,28.90625,9,-1.0600000000000025,Klebsiella pneumoniae,Critical
GCA_022210695.1,2,0,4,8,38.51851851851852,7,-0.6700000000000017,Klebsiella pneumoniae,Critical
GCA_022210685.1,2,0,5,10,30.275229357798167,8,-1.1300000000000026,Klebsiella pneumoniae,Critical
GCA_022210645.1,2,0,6,6,31.57894736842105,9,-1.4500000000000028,Klebsiella pneumoniae,Critical
GCA_022210625.1,2,0,5,7,31.451612903225808,9,-1.0799999999999983,Klebsiella pneumoniae,Critical
GCA_022210605.1,2,0,4,8,31.25,8,-1.1099999999999994,Klebsiella pneumoniae,Critical
GCA_022210565.1,2,0,6,7,31.25,9,-1.0799999999999983,Klebsiella pneumoniae,Critical
GCA_022210575.1,2,0,6,9,31.666666666666664,9,-1.1300000000000026,Klebsiella pneumoniae,Critical
GCA_022210525.1,2,0,6,7,33.6,9,-1.3799999999999957,Klebsiella pneumoniae,Critical
GCA_022210545.1,2,0,3,8,31.03448275862069,8,-1.279999999999994,Klebsiella pneumoniae,Critical
GCA_022210465.1,2,0,5,10,33.94495412844037,8,-0.9499999999999956,Klebsiella pneumoniae,Critical
GCA_022210485.1,2,0,6,7,29.365079365079367,9,-1.1099999999999994,Klebsiella pneumoniae,Critical
GCA_022210505.1,2,0,4,8,31.35593220338983,6,-1.1199999999999974,Klebsiella pneumoniae,Critical
GCA_022210445.1,2,0,1,12,34.45378151260504,8,-0.4199999999999946,Klebsiella pneumoniae,Critical
GCA_022210425.1,2,0,5,7,31.57894736842105,9,-1.4799999999999969,Klebsiella pneumoniae,Critical
GCA_022210405.1,2,0,4,11,31.782945736434108,7,-0.4400000000000048,Klebsiella pneumoniae,Critical
GCA_022210385.1,2,0,6,5,29.268292682926827,7,-1.3299999999999983,Klebsiella pneumoniae,Critical
GCA_022210365.1,2,0,4,10,29.059829059829063,8,-1.3400000000000034,Klebsiella pneumoniae,Critical
GCA_022210345.1,2,0,4,8,32.77310924369748,8,-1.1099999999999994,Klebsiella pneumoniae,Critical
GCA_022210325.1,2,0,5,5,29.411764705882355,7,-1.3400000000000034,Klebsiella pneumoniae,Critical
GCA_022210285.1,2,0,3,8,34.166666666666664,9,-0.6099999999999994,Klebsiella pneumoniae,Critical
GCA_022210305.1,2,0,6,7,32.52032520325203,8,-1.1000000000000014,Klebsiella pneumoniae,Critical
GCA_022210265.1,2,0,5,5,29.565217391304348,7,-1.2899999999999991,Klebsiella pneumoniae,Critical
GCA_022210245.1,2,0,6,8,31.35593220338983,8,-1.1300000000000026,Klebsiella pneumoniae,Critical
GCA_022210205.1,2,0,3,3,28.846153846153843,5,-3.4099999999999966,Klebsiella pneumoniae,Critical
GCA_022210225.1,2,0,6,6,30.89430894308943,7,-1.0600000000000025,Klebsiella pneumoniae,Critical
GCA_022210185.1,2,0,5,8,30.57851239669421,7,-1.3100000000000025,Klebsiella pneumoniae,Critical
GCA_022210165.1,2,0,0,9,30.08130081300813,8,-1.7999999999999972,Klebsiella pneumoniae,Critical
GCA_022210145.1,2,0,2,8,31.57894736842105,7,-0.0500000000000042,Klebsiella pneumoniae,Critical
GCA_022210085.1,2,0,3,5,32.758620689655174,6,-2.369999999999997,Klebsiella pneumoniae,Critical
GCA_022210105.1,2,0,5,5,31.967213114754102,8,-1.3099999999999952,Klebsiella pneumoniae,Critical
GCA_022210125.1,2,0,1,12,31.93277310924369,7,-0.4600000000000008,Klebsiella pneumoniae,Critical
GCA_022210065.1,2,0,4,10,33.33333333333333,9,-1.2700000000000031,Klebsiella pneumoniae,Critical
GCA_022210045.1,2,0,2,10,30.17241379310345,5,-0.0399999999999991,Klebsiella pneumoniae,Critical
GCA_022210025.1,2,0,2,12,30.303030303030305,6,-1.0399999999999991,Klebsiella pneumoniae,Critical
GCA_022210005.1,2,0,4,8,32.231404958677686,7,-1.0200000000000031,Klebsiella pneumoniae,Critical
GCA_022209985.1,2,0,2,10,27.710843373493976,4,-1.5,Klebsiella pneumoniae,Critical
GCA_022209965.1,2,0,3,5,37.93103448275862,6,-2.180000000000007,Klebsiella pneumoniae,Critical
GCA_022209925.1,2,0,3,8,35.65891472868217,8,-1.0200000000000031,Klebsiella pneumoniae,Critical
GCA_022209945.1,0,1,3,5,39.25925925925926,9,-0.980000000000004,Klebsiella pneumoniae,Critical
GCA_022209885.1,2,0,4,8,31.89655172413793,6,-1.0599999999999952,Klebsiella pneumoniae,Critical
GCA_022209905.1,2,0,2,10,31.666666666666664,5,-0.1900000000000048,Klebsiella pneumoniae,Critical
GCA_022209865.1,2,0,3,8,32.142857142857146,6,-1.1700000000000017,Klebsiella pneumoniae,Critical
GCA_022209845.1,0,1,3,5,38.297872340425535,17,-0.8299999999999983,Klebsiella pneumoniae,Critical
GCA_022209805.1,0,1,4,5,43.04635761589404,19,-1.1600000000000037,Klebsiella pneumoniae,Critical
GCA_022209825.1,2,0,3,7,29.03225806451613,7,-1.0900000000000034,Klebsiella pneumoniae,Critical
GCA_022209785.1,2,0,5,7,28.8,8,-1.25,Klebsiella pneumoniae,Critical
GCA_022209765.1,0,1,3,5,39.568345323741006,16,-1.0700000000000005,Klebsiella pneumoniae,Critical
GCA_022209725.1,0,1,4,5,41.29032258064516,20,-1.2100000000000009,Klebsiella pneumoniae,Critical
GCA_022209705.1,2,0,2,11,35.15625,10,-1.0700000000000005,Klebsiella pneumoniae,Critical
GCA_022209745.1,0,1,3,5,39.735099337748345,16,-1.5799999999999983,Klebsiella pneumoniae,Critical
GCA_022209685.1,2,0,1,9,27.522935779816518,6,-1.279999999999994,Klebsiella pneumoniae,Critical
GCA_022209605.1,2,0,3,6,35.714285714285715,5,-2.5,Klebsiella pneumoniae,Critical
GCA_022209645.1,0,1,4,5,41.08527131782946,9,-1.3699999999999974,Klebsiella pneumoniae,Critical
GCA_022209665.1,0,1,4,7,38.84892086330935,15,-1.019999999999996,Klebsiella pneumoniae,Critical
GCA_022209585.1,2,0,1,5,28.225806451612907,8,-1.75,Klebsiella pneumoniae,Critical
GCA_022209625.1,2,0,4,9,32.11009174311927,3,0.1099999999999994,Klebsiella pneumoniae,Critical
GCA_022209495.1,2,0,3,8,28.695652173913043,7,-0.6600000000000037,Klebsiella pneumoniae,Critical
GCA_022209565.1,2,0,1,8,32.407407407407405,7,-0.019999999999996,Klebsiella pneumoniae,Critical
GCA_022209525.1,2,0,5,9,29.75206611570248,8,-1.2100000000000009,Klebsiella pneumoniae,Critical
GCA_022209485.1,0,1,3,5,37.76223776223776,15,-0.9299999999999996,Klebsiella pneumoniae,Critical
GCA_022209545.1,2,0,6,7,37.410071942446045,10,-0.9600000000000009,Klebsiella pneumoniae,Critical
GCA_022209465.1,2,0,1,8,29.411764705882355,5,-0.2800000000000011,Klebsiella pneumoniae,Critical
GCA_022209445.1,2,0,3,9,29.807692307692307,3,-0.1099999999999994,Klebsiella pneumoniae,Critical
GCA_022209425.1,2,0,6,12,37.5886524822695,11,-0.6100000000000065,Klebsiella pneumoniae,Critical
GCA_022209385.1,2,0,3,3,34.42622950819672,6,-2.6099999999999994,Klebsiella pneumoniae,Critical
GCA_022209405.1,2,0,3,10,35.55555555555556,8,-2.75,Klebsiella pneumoniae,Critical
GCA_022209365.1,2,0,2,13,35.57692307692308,7,-0.9099999999999966,Klebsiella pneumoniae,Critical
GCA_022204885.1,2,0,3,15,36.66666666666666,9,-0.9100000000000036,Klebsiella pneumoniae,Critical
GCA_022182625.1,0,0,2,16,36.58536585365854,21,-0.2800000000000011,Klebsiella pneumoniae,Critical
GCA_022182345.1,1,0,6,18,26.04501607717042,24,-2.0799999999999983,Klebsiella pneumoniae,Critical
GCA_022170505.1,1,0,2,4,28.947368421052637,7,-0.6699999999999946,Klebsiella aerogenes,Critical
GCA_022170345.1,2,0,3,2,30.55555555555556,6,-1.8299999999999983,Klebsiella aerogenes,Critical
GCA_022170305.1,2,0,2,5,28.205128205128204,7,-2.3100000000000023,Klebsiella aerogenes,Critical
GCA_022170485.1,2,0,2,4,27.906976744186046,7,-1.759999999999998,Klebsiella aerogenes,Critical
GCA_022170285.1,2,0,3,5,29.21348314606741,7,-2.5600000000000023,Klebsiella aerogenes,Critical
GCA_022170325.1,2,0,0,3,23.157894736842103,3,-0.3400000000000034,Klebsiella aerogenes,Critical
GCA_022170245.1,2,0,0,1,25.0,4,-1.1000000000000014,Klebsiella aerogenes,Critical
GCA_022023615.1,1,0,3,7,31.858407079646017,18,-1.2899999999999991,Klebsiella pneumoniae,Critical
GCA_022023635.1,2,0,0,5,33.064516129032256,8,-2.3700000000000045,Klebsiella pneumoniae,Critical
GCA_022023655.1,1,0,5,8,27.82608695652174,6,-0.8999999999999986,Klebsiella pneumoniae,Critical
GCA_022023555.1,2,0,3,12,33.33333333333333,10,-2.020000000000003,Klebsiella pneumoniae,Critical
GCA_022023535.1,2,0,2,11,37.06293706293706,7,-1.3799999999999957,Klebsiella pneumoniae,Critical
GCA_022023515.1,1,0,3,3,35.59322033898305,23,-1.0899999999999963,Klebsiella pneumoniae,Critical
GCA_022023495.1,0,0,1,8,28.643216080402013,15,-1.1300000000000026,Klebsiella pneumoniae,Critical
GCA_022023455.1,2,0,1,8,28.155339805825243,5,-1.3200000000000005,Klebsiella pneumoniae,Critical
GCA_022023475.1,1,0,3,7,24.24242424242424,5,-0.75,Klebsiella pneumoniae,Critical
GCA_022023435.1,2,0,3,13,30.47619047619048,5,0.009999999999998,Klebsiella pneumoniae,Critical
GCA_022023415.1,1,0,3,7,32.432432432432435,11,-1.1199999999999974,Klebsiella pneumoniae,Critical
GCA_022023335.1,1,0,2,8,32.432432432432435,7,-2.8200000000000003,Klebsiella pneumoniae,Critical
GCA_022023395.1,2,0,4,7,30.72289156626506,10,-1.1500000000000057,Klebsiella pneumoniae,Critical
GCA_022023355.1,1,0,2,7,34.83870967741935,10,-3.440000000000005,Klebsiella pneumoniae,Critical
GCA_022023365.1,2,0,1,22,31.1965811965812,12,-1.4099999999999966,Klebsiella pneumoniae,Critical
GCA_022023315.1,1,0,1,2,31.3953488372093,6,-1.740000000000002,Klebsiella pneumoniae,Critical
GCA_022023295.1,1,0,0,7,24.565217391304348,16,0.240000000000002,Klebsiella pneumoniae,Critical
GCA_022023275.1,2,0,4,2,36.30573248407643,13,-1.529999999999994,Klebsiella pneumoniae,Critical
GCA_022023255.1,1,0,4,6,33.497536945812804,18,-1.3299999999999983,Klebsiella pneumoniae,Critical
GCA_022023235.1,2,0,2,6,37.5,10,-1.3100000000000025,Klebsiella pneumoniae,Critical
GCA_022023215.1,2,0,2,8,41.78403755868544,21,-2.3200000000000003,Klebsiella pneumoniae,Critical
GCA_022023195.1,0,0,3,10,28.57142857142857,4,-0.1900000000000048,Klebsiella pneumoniae,Critical
GCA_022023175.1,2,0,2,10,22.61072261072261,30,0.25,Klebsiella pneumoniae,Critical
GCA_022023155.1,2,0,3,9,34.82428115015975,26,-1.1700000000000017,Klebsiella pneumoniae,Critical
GCA_022023135.1,1,0,1,4,36.71875,23,-3.0800000000000054,Klebsiella pneumoniae,Critical
GCA_022023095.1,2,0,3,8,32.142857142857146,13,-3.259999999999998,Klebsiella pneumoniae,Critical
GCA_022023115.1,1,0,1,8,39.53488372093023,15,-1.5600000000000025,Klebsiella pneumoniae,Critical
GCA_022023075.1,2,0,3,3,25.471698113207548,5,-0.9000000000000057,Klebsiella pneumoniae,Critical
GCA_022023055.1,2,0,1,5,37.01923076923077,15,-0.9500000000000028,Klebsiella pneumoniae,Critical
GCA_022023035.1,2,0,3,11,42.06896551724138,13,-3.199999999999996,Klebsiella pneumoniae,Critical
GCA_022023015.1,0,0,2,8,35.57046979865772,10,-1.3100000000000025,Klebsiella pneumoniae,Critical
GCA_022022995.1,1,0,2,6,36.206896551724135,10,-2.6899999999999977,Klebsiella pneumoniae,Critical
GCA_022022975.1,2,0,1,7,30.02680965147453,23,-0.7700000000000031,Klebsiella pneumoniae,Critical
GCA_022022955.1,2,0,3,9,38.05309734513274,9,-3.1099999999999994,Klebsiella pneumoniae,Critical
GCA_022022935.1,2,0,3,10,35.45454545454545,10,-3.489999999999995,Klebsiella pneumoniae,Critical
GCA_022022915.1,2,0,2,11,29.142857142857142,12,-1.7700000000000031,Klebsiella pneumoniae,Critical
GCA_022022895.1,2,0,1,5,34.88372093023256,14,-2.509999999999998,Klebsiella pneumoniae,Critical
GCA_022022875.1,2,0,1,6,29.545454545454547,9,-1.5100000000000051,Klebsiella pneumoniae,Critical
GCA_024650065.1,0,0,1,6,20.0,6,0.4699999999999988,Klebsiella pneumoniae,Critical
GCA_024650125.1,0,0,3,5,23.853211009174316,8,-1.1999999999999955,Klebsiella pneumoniae,Critical
GCA_024650155.1,0,0,1,8,23.49726775956284,4,-0.7600000000000051,Klebsiella pneumoniae,Critical
GCA_024650185.1,0,0,1,7,24.06417112299465,7,-1.5300000000000011,Klebsiella pneumoniae,Critical
GCA_024650245.1,0,0,2,5,23.16384180790961,7,-0.9899999999999948,Klebsiella pneumoniae,Critical
GCA_024650265.1,0,0,2,3,19.457013574660635,7,-1.1999999999999955,Klebsiella pneumoniae,Critical
GCA_024650305.1,0,0,2,2,25.949367088607595,13,-1.7899999999999991,Klebsiella pneumoniae,Critical
GCA_024650315.1,0,0,1,8,20.98765432098765,8,-0.019999999999996,Klebsiella pneumoniae,Critical
GCA_024650325.1,0,0,3,3,32.8125,15,-2.3399999999999963,Klebsiella pneumoniae,Critical
GCA_024650385.1,0,0,3,3,22.5130890052356,6,-0.8900000000000006,Klebsiella pneumoniae,Critical
GCA_024650415.1,0,0,1,4,20.918367346938776,6,-0.5200000000000031,Klebsiella pneumoniae,Critical
GCA_024650425.1,0,0,3,6,22.598870056497177,6,-1.0899999999999963,Klebsiella pneumoniae,Critical
GCA_024650465.1,0,0,1,7,25.71428571428571,4,-0.3699999999999974,Klebsiella pneumoniae,Critical
GCA_024650485.1,0,0,1,4,21.91780821917808,5,-1.6099999999999994,Klebsiella pneumoniae,Critical
GCA_024650505.1,0,0,1,7,20.12578616352201,3,0.4099999999999966,Klebsiella pneumoniae,Critical
GCA_024650545.1,0,0,1,7,23.972602739726025,5,-0.2700000000000031,Klebsiella pneumoniae,Critical
GCA_024650555.1,0,0,1,4,28.000000000000004,37,-0.0399999999999991,Klebsiella pneumoniae,Critical
GCA_024650605.1,0,0,1,8,18.433179723502302,5,1.1300000000000026,Klebsiella pneumoniae,Critical
GCA_024650655.1,0,0,1,3,20.0,5,-0.009999999999998,Klebsiella pneumoniae,Critical
GCA_024650645.1,0,0,1,12,25.153374233128837,8,-1.3700000000000043,Klebsiella pneumoniae,Critical
GCA_024650705.1,0,0,1,8,20.496894409937887,4,0.3900000000000005,Klebsiella pneumoniae,Critical
GCA_024650725.1,0,0,1,4,17.733990147783253,5,-0.6999999999999957,Klebsiella pneumoniae,Critical
GCA_024650745.1,0,0,2,7,28.676470588235293,34,-0.6300000000000026,Klebsiella pneumoniae,Critical
GCA_024650765.1,0,0,3,16,26.31578947368421,15,-2.059999999999995,Klebsiella pneumoniae,Critical
GCA_024650785.1,0,0,1,3,20.114942528735632,6,0.9400000000000048,Klebsiella pneumoniae,Critical
GCA_024650795.1,0,0,1,3,18.012422360248447,5,-1.1999999999999955,Klebsiella pneumoniae,Critical
GCA_024650825.1,0,0,3,6,25.36231884057971,30,-3.1300000000000026,Klebsiella pneumoniae,Critical
GCA_024650835.1,0,0,1,4,19.2090395480226,5,-0.1700000000000017,Klebsiella pneumoniae,Critical
GCA_024650855.1,0,0,1,4,19.387755102040817,7,0.1499999999999985,Klebsiella pneumoniae,Critical
GCA_024650885.1,0,0,1,3,18.88888888888889,6,-1.3999999999999986,Klebsiella pneumoniae,Critical
GCA_024650905.1,0,0,1,8,19.49685534591195,7,-0.5300000000000011,Klebsiella pneumoniae,Critical
GCA_024650925.1,0,0,1,7,22.77227722772277,7,-0.2600000000000051,Klebsiella pneumoniae,Critical
GCA_024650955.1,0,0,2,3,19.745222929936308,3,-1.5700000000000005,Klebsiella pneumoniae,Critical
GCA_024650945.1,0,0,1,8,22.448979591836736,8,-0.1400000000000005,Klebsiella pneumoniae,Critical
GCA_024650985.1,0,0,1,6,11.797752808988765,3,-1.0399999999999991,Klebsiella pneumoniae,Critical
GCA_024651005.1,0,0,1,7,12.935323383084576,5,-1.0799999999999983,Klebsiella pneumoniae,Critical
GCA_024651025.1,0,0,1,2,12.5,1,-0.8299999999999983,Klebsiella pneumoniae,Critical
GCA_024651035.1,0,0,2,7,25.13966480446928,8,-1.3300000000000054,Klebsiella pneumoniae,Critical
GCA_024651065.1,0,0,2,4,23.655913978494624,9,-1.1700000000000017,Klebsiella pneumoniae,Critical
GCA_024651075.1,1,0,3,4,23.49726775956284,7,-1.259999999999998,Klebsiella pneumoniae,Critical
GCA_024651105.1,0,0,2,4,31.088082901554404,14,-0.8999999999999986,Klebsiella pneumoniae,Critical
GCA_024651125.1,1,0,2,6,28.27586206896552,6,-1.0399999999999991,Klebsiella pneumoniae,Critical
GCA_024651155.1,1,0,2,12,24.840764331210192,7,-0.970000000000006,Klebsiella pneumoniae,Critical
GCA_024651145.1,0,0,2,5,16.99346405228758,2,-0.2899999999999991,Klebsiella pneumoniae,Critical
GCA_024651185.1,1,0,2,5,20.61281337047354,32,-0.4200000000000017,Klebsiella pneumoniae,Critical
GCA_024651195.1,0,0,4,7,24.257425742574256,5,-2.719999999999999,Klebsiella pneumoniae,Critical
GCA_024651775.1,0,0,1,5,22.137404580152676,5,-1.009999999999998,Klebsiella pneumoniae,Critical
GCA_024651825.1,0,0,3,3,17.82178217821782,4,-1.5799999999999983,Klebsiella pneumoniae,Critical
GCA_024651845.1,0,0,1,4,22.085889570552148,6,-1.2000000000000028,Klebsiella pneumoniae,Critical
GCA_024651865.1,0,0,1,6,19.88950276243094,7,-0.759999999999998,Klebsiella pneumoniae,Critical
GCA_024651885.1,0,0,1,10,22.093023255813957,7,-1.5599999999999952,Klebsiella pneumoniae,Critical
GCA_024651895.1,0,0,2,2,24.52229299363057,31,-1.1600000000000037,Klebsiella pneumoniae,Critical
GCA_024651925.1,0,0,3,8,17.167381974248926,7,-1.1499999999999986,Klebsiella pneumoniae,Critical
GCA_024651975.1,0,0,3,4,22.61306532663317,7,-1.1499999999999986,Klebsiella pneumoniae,Critical
GCA_024652015.1,0,0,1,5,16.296296296296298,2,-0.0700000000000002,Klebsiella pneumoniae,Critical
GCA_024652065.1,0,0,2,8,23.711340206185564,5,-2.509999999999998,Klebsiella pneumoniae,Critical
GCA_024652125.1,0,0,1,3,15.789473684210526,2,-0.4400000000000048,Klebsiella pneumoniae,Critical
GCA_024652205.1,0,0,1,6,21.818181818181817,5,-1.1099999999999994,Klebsiella pneumoniae,Critical
GCA_024652265.1,0,0,1,11,25.657894736842103,7,-1.3399999999999963,Klebsiella pneumoniae,Critical
GCA_024652385.1,0,0,1,6,18.421052631578945,11,-1.2100000000000009,Klebsiella pneumoniae,Critical
GCA_024652555.1,0,0,2,3,16.923076923076923,3,-0.990000000000002,Klebsiella pneumoniae,Critical
GCA_024652545.1,0,0,2,11,25.454545454545453,8,-1.5899999999999963,Klebsiella pneumoniae,Critical
GCA_024652625.1,0,0,1,6,17.695473251028808,12,-1.1999999999999955,Klebsiella pneumoniae,Critical
GCA_024652675.1,0,0,1,2,11.627906976744184,0,0.3200000000000003,Klebsiella pneumoniae,Critical
GCA_024652695.1,0,0,3,9,25.0,7,-1.3500000000000014,Klebsiella pneumoniae,Critical
GCA_024652805.1,0,0,2,2,26.984126984126984,6,-3.760000000000005,Klebsiella pneumoniae,Critical
GCA_031011145.1,2,0,3,13,35.46099290780142,10,-1.6000000000000014,Klebsiella pneumoniae,Critical
GCA_031011085.1,2,0,4,17,41.333333333333336,16,-1.2299999999999969,Klebsiella pneumoniae,Critical
GCA_031011125.1,2,0,5,7,30.508474576271187,9,-2.279999999999994,Klebsiella pneumoniae,Critical
GCA_031011105.1,2,0,4,5,33.057851239669425,9,-1.0600000000000025,Klebsiella pneumoniae,Critical
GCA_031011025.1,2,0,2,4,33.093525179856115,6,-1.1599999999999966,Klebsiella pneumoniae,Critical
GCA_031011045.1,2,0,2,9,27.522935779816518,4,-0.730000000000004,Klebsiella pneumoniae,Critical
GCA_031010985.1,2,0,2,9,25.555555555555557,3,-0.740000000000002,Klebsiella pneumoniae,Critical
GCA_031011005.1,2,0,2,12,35.26570048309179,20,-0.8499999999999943,Klebsiella pneumoniae,Critical
GCA_031011065.1,2,0,2,15,31.70731707317073,14,-0.769999999999996,Klebsiella pneumoniae,Critical
GCA_031010935.1,1,0,3,9,29.357798165137616,8,-0.2199999999999988,Klebsiella pneumoniae,Critical
GCA_031010915.1,2,0,4,14,37.95620437956204,8,-1.0399999999999991,Klebsiella pneumoniae,Critical
GCA_031010955.1,2,0,1,12,33.89830508474576,16,-0.5200000000000031,Klebsiella pneumoniae,Critical
GCA_031010865.1,2,0,2,6,31.32530120481928,3,-0.7100000000000009,Klebsiella pneumoniae,Critical
GCA_031009745.1,1,0,1,9,26.956521739130437,3,-0.4399999999999977,Klebsiella pneumoniae,Critical
GCA_031009665.1,2,0,2,12,29.03225806451613,9,-0.6700000000000017,Klebsiella pneumoniae,Critical
GCA_031009725.1,1,0,2,6,29.09090909090909,6,-0.9200000000000016,Klebsiella pneumoniae,Critical
GCA_031009705.1,2,0,2,5,27.631578947368425,12,-1.2800000000000011,Klebsiella pneumoniae,Critical
GCA_031009645.1,2,0,1,7,30.136986301369863,14,-1.0799999999999983,Klebsiella pneumoniae,Critical
GCA_031009685.1,2,0,2,9,24.778761061946906,3,-0.7000000000000028,Klebsiella pneumoniae,Critical
GCA_031009575.1,2,0,2,10,31.27962085308057,13,-0.7999999999999972,Klebsiella pneumoniae,Critical
GCA_042992595.1,2,0,4,6,33.61344537815126,9,-1.6599999999999966,Klebsiella pneumoniae,Critical
GCA_042992615.1,0,0,2,14,36.0,4,-0.0600000000000022,Klebsiella pneumoniae,Critical
GCA_042991535.1,2,0,4,7,36.75213675213676,9,-1.259999999999998,Klebsiella pneumoniae,Critical
GCA_042991555.1,2,0,2,7,32.22222222222222,4,-1.5399999999999991,Klebsiella pneumoniae,Critical
GCA_045176285.1,2,0,3,9,30.69306930693069,5,-0.2899999999999991,Klebsiella pneumoniae,Critical
GCA_042991495.1,0,0,2,4,43.67816091954023,16,-3.8800000000000026,Klebsiella pneumoniae,Critical
GCA_045176205.1,0,0,2,4,33.80281690140845,3,-1.8299999999999983,Klebsiella pneumoniae,Critical
GCA_042988175.1,0,0,2,7,34.72222222222222,0,0.0200000000000031,Klebsiella pneumoniae,Critical
GCA_049102525.1,2,0,4,12,31.213872832369944,10,-0.6099999999999994,Klebsiella pneumoniae,Critical
GCA_049102505.1,1,0,1,8,35.64356435643564,13,-0.5600000000000023,Klebsiella pneumoniae,Critical
GCA_048970035.1,1,0,2,6,25.961538461538463,8,-1.1900000000000048,Klebsiella pneumoniae,Critical
GCA_048970115.1,0,0,1,11,29.88505747126437,4,-0.3100000000000023,Klebsiella pneumoniae,Critical
GCA_048970135.1,1,0,2,6,29.21348314606741,8,-1.3900000000000006,Klebsiella pneumoniae,Critical
GCA_048970195.1,1,0,2,6,21.34831460674157,3,-0.4200000000000017,Klebsiella pneumoniae,Critical
GCA_048970235.1,1,0,3,5,26.38888888888889,3,-2.890000000000001,Klebsiella pneumoniae,Critical
GCA_048970255.1,0,0,0,0,47.82608695652174,22,-3.519999999999996,Klebsiella pneumoniae,Critical
GCA_048970295.1,0,0,1,2,22.22222222222222,2,-2.9399999999999977,Klebsiella pneumoniae,Critical
GCA_048970335.1,0,0,1,5,28.78787878787879,0,-0.2700000000000031,Klebsiella pneumoniae,Critical
GCA_049381405.1,1,0,1,0,34.17085427135678,6,-2.519999999999996,Klebsiella pneumoniae,Critical
GCA_049538175.1,1,0,1,3,32.78688524590164,12,-2.710000000000001,Klebsiella pneumoniae,Critical
GCA_049538235.1,1,0,3,6,34.90566037735849,6,-4.140000000000001,Klebsiella pneumoniae,Critical
GCA_049546755.1,1,0,1,2,18.09210526315789,12,-1.4600000000000009,Klebsiella quasipneumoniae,Critical
GCA_051047975.1,0,1,0,0,66.66666666666666,2,-6.349999999999994,Klebsiella quasipneumoniae,Critical
GCA_051152635.1,0,0,1,7,37.5,5,-1.8099999999999952,Klebsiella pneumoniae,Critical
GCA_051386075.1,0,0,0,0,19.047619047619047,4,-3.68,Klebsiella pneumoniae,Critical
GCA_051523535.1,1,1,2,6,35.9375,4,-0.8100000000000023,Klebsiella pneumoniae,Critical
GCA_052036375.1,0,0,1,0,40.0,9,-8.229999999999997,Klebsiella pneumoniae,Critical
GCA_052036425.1,1,1,2,5,26.47058823529412,7,-2.8799999999999955,Klebsiella pneumoniae,Critical
GCA_052036485.1,1,0,1,6,20.51282051282051,4,-1.8100000000000025,Klebsiella pneumoniae,Critical
GCA_052036495.1,1,0,1,11,33.85826771653544,19,-1.970000000000006,Klebsiella pneumoniae,Critical
GCA_052036585.1,0,0,1,4,24.59016393442623,2,-0.7899999999999991,Klebsiella pneumoniae,Critical
GCA_052036615.1,1,0,1,1,30.23255813953488,14,-3.1099999999999994,Klebsiella pneumoniae,Critical
GCA_052036645.1,1,0,2,10,22.47191011235955,2,-1.2000000000000028,Klebsiella pneumoniae,Critical
GCA_052036725.1,1,1,2,4,25.49019607843137,7,-2.4200000000000017,Klebsiella pneumoniae,Critical
GCA_052048675.1,1,0,1,9,24.742268041237114,2,-0.4699999999999988,Klebsiella pneumoniae,Critical
GCA_052048695.1,0,0,1,8,18.84057971014493,2,0.0900000000000034,Klebsiella pneumoniae,Critical
GCA_052048715.1,1,0,1,5,30.88235294117647,15,-2.030000000000001,Klebsiella pneumoniae,Critical
GCA_052048735.1,1,0,2,6,30.76923076923077,8,-1.8799999999999957,Klebsiella pneumoniae,Critical
GCA_052048755.1,1,0,2,9,30.58823529411765,5,-1.5800000000000054,Klebsiella pneumoniae,Critical
GCA_052048775.1,1,0,2,6,32.37410071942446,13,-1.1199999999999974,Klebsiella pneumoniae,Critical
GCA_052048795.1,1,0,1,1,27.33812949640288,15,-2.259999999999998,Klebsiella pneumoniae,Critical
GCA_052048815.1,1,0,2,10,23.809523809523807,3,-0.7100000000000009,Klebsiella pneumoniae,Critical
GCA_052048835.1,0,0,1,5,25.675675675675677,3,-0.990000000000002,Klebsiella pneumoniae,Critical
GCA_052048855.1,1,0,1,9,25.0,2,-0.8900000000000006,Klebsiella pneumoniae,Critical
GCA_052048875.1,0,0,0,6,18.91891891891892,4,-2.3800000000000026,Klebsiella pneumoniae,Critical
GCA_052048895.1,1,0,2,10,25.742574257425744,3,-1.0399999999999991,Klebsiella pneumoniae,Critical
GCA_052048915.1,1,0,0,6,27.77777777777778,8,-1.1400000000000006,Klebsiella pneumoniae,Critical
GCA_052048935.1,1,0,1,7,33.587786259541986,18,-1.4299999999999995,Klebsiella pneumoniae,Critical
GCA_052048955.1,1,0,0,7,13.91304347826087,9,-1.0799999999999983,Klebsiella pneumoniae,Critical
GCA_052048975.1,0,0,1,9,22.058823529411764,4,-1.240000000000002,Klebsiella pneumoniae,Critical
GCA_052049015.1,0,0,1,7,28.155339805825243,10,-1.4200000000000017,Klebsiella pneumoniae,Critical
GCA_052049035.1,1,0,1,6,27.500000000000004,7,-1.5499999999999972,Klebsiella pneumoniae,Critical
GCA_052049045.1,1,0,2,4,35.77235772357724,18,-1.8999999999999984,Klebsiella pneumoniae,Critical
GCA_052049075.1,1,0,1,6,26.47058823529412,7,-1.8599999999999997,Klebsiella pneumoniae,Critical
GCA_052049095.1,1,0,2,4,30.985915492957744,16,-1.2899999999999991,Klebsiella pneumoniae,Critical
GCA_052049115.1,1,0,0,5,23.853211009174316,8,-1.490000000000002,Klebsiella pneumoniae,Critical
GCA_052049135.1,1,0,1,11,33.07086614173229,18,-2.3299999999999983,Klebsiella pneumoniae,Critical
GCA_052049155.1,1,0,0,1,14.117647058823527,3,-5.170000000000002,Klebsiella pneumoniae,Critical
GCA_052049175.1,1,0,0,7,28.155339805825243,8,-1.4299999999999995,Klebsiella pneumoniae,Critical
GCA_052049195.1,1,0,2,8,30.508474576271187,10,-0.1500000000000056,Klebsiella pneumoniae,Critical
GCA_052049215.1,0,0,2,6,28.8135593220339,0,-0.7600000000000051,Klebsiella pneumoniae,Critical
GCA_052049235.1,1,0,0,7,28.865979381443296,8,-1.0700000000000005,Klebsiella pneumoniae,Critical
GCA_052049255.1,0,0,1,8,28.57142857142857,4,-0.2700000000000031,Klebsiella pneumoniae,Critical
GCA_052049275.1,1,0,1,7,27.927927927927925,9,-1.1700000000000017,Klebsiella pneumoniae,Critical
GCA_052049295.1,1,0,1,5,29.166666666666668,7,-0.740000000000002,Klebsiella pneumoniae,Critical
GCA_052049315.1,1,0,0,4,29.230769230769237,4,-3.43,Klebsiella pneumoniae,Critical
GCA_052049335.1,0,0,2,1,22.22222222222222,2,-3.059999999999995,Klebsiella pneumoniae,Critical
GCA_052049355.1,1,0,3,3,25.0,3,-0.6400000000000006,Klebsiella pneumoniae,Critical
GCA_052049375.1,1,0,1,1,30.14705882352941,16,-3.199999999999996,Klebsiella pneumoniae,Critical
GCA_052049395.1,1,0,1,11,34.285714285714285,19,-1.7100000000000009,Klebsiella pneumoniae,Critical
GCA_052049415.1,1,0,1,11,30.46875,15,-2.3200000000000003,Klebsiella pneumoniae,Critical
GCA_052049435.1,1,0,2,10,25.51020408163265,2,-0.5200000000000031,Klebsiella pneumoniae,Critical
GCA_052049455.1,0,0,2,6,23.28767123287671,2,-1.0799999999999983,Klebsiella pneumoniae,Critical
GCA_052049475.1,1,0,2,4,33.582089552238806,17,-1.1799999999999995,Klebsiella pneumoniae,Critical
GCA_052049495.1,1,1,2,7,29.245283018867923,7,-2.539999999999999,Klebsiella pneumoniae,Critical
GCA_052216425.1,0,1,2,7,19.597989949748744,7,-1.1000000000000014,Klebsiella pneumoniae,Critical
GCA_052388635.1,0,0,0,0,66.66666666666666,1,-5.450000000000003,Klebsiella pneumoniae,Critical
GCA_052388575.1,0,0,0,0,66.66666666666666,1,-5.660000000000004,Klebsiella pneumoniae,Critical
GCA_052388615.1,0,0,0,0,66.66666666666666,1,-7.950000000000003,Klebsiella pneumoniae,Critical
GCA_052388735.1,0,0,2,1,50.0,1,-5.630000000000003,Klebsiella pneumoniae,Critical
GCA_052388775.1,0,0,2,1,66.66666666666666,1,-6.309999999999995,Klebsiella pneumoniae,Critical
GCA_052388815.1,1,0,3,0,75.0,3,-5.339999999999996,Klebsiella pneumoniae,Critical
GCA_052388855.1,1,0,3,0,75.0,3,-5.229999999999997,Klebsiella pneumoniae,Critical
GCA_052388875.1,0,0,1,6,30.0,0,-0.7199999999999989,Klebsiella pneumoniae,Critical
GCA_052388935.1,0,1,3,5,35.92233009708738,9,-1.4699999999999989,Klebsiella pneumoniae,Critical
GCA_052388975.1,0,0,2,2,80.0,1,-11.0,Klebsiella quasipneumoniae,Critical
GCA_052389015.1,1,0,3,3,38.13559322033898,15,-1.5700000000000005,Klebsiella pneumoniae,Critical
GCA_052389055.1,1,0,3,2,80.0,4,-5.409999999999997,Klebsiella pneumoniae,Critical
GCA_053613375.1,1,0,0,5,24.78386167146974,14,-1.1300000000000026,Klebsiella pneumoniae,Critical
GCA_053613395.1,0,0,1,7,19.52191235059761,9,-0.2899999999999991,Klebsiella pneumoniae,Critical
GCA_053613415.1,0,0,1,5,28.536585365853657,14,-1.9500000000000028,Klebsiella pneumoniae,Critical
GCA_053613435.1,0,1,3,5,24.187725631768952,6,-0.7800000000000011,Klebsiella pneumoniae,Critical
GCA_053613595.1,1,0,0,10,25.14450867052023,10,-2.3200000000000003,Klebsiella pneumoniae,Critical
GCA_053613655.1,1,0,2,9,31.686046511627907,28,-1.0699999999999932,Klebsiella pneumoniae,Critical
GCA_054030975.1,1,0,0,4,80.0,4,-4.219999999999999,Klebsiella pneumoniae,Critical
GCA_054048725.1,0,0,1,3,26.96629213483146,4,-1.220000000000006,Klebsiella pneumoniae,Critical
GCA_054048765.1,0,0,3,2,25.0,3,-4.969999999999999,Klebsiella pneumoniae,Critical
GCA_054048785.1,1,0,2,6,30.985915492957744,8,-2.3500000000000014,Klebsiella pneumoniae,Critical
GCA_054048805.1,1,0,3,3,34.31372549019608,9,-1.0899999999999963,Klebsiella pneumoniae,Critical
GCA_054048825.1,1,0,1,5,28.40909090909091,5,-2.0500000000000043,Klebsiella pneumoniae,Critical
GCA_054048845.1,1,0,2,12,33.69565217391305,9,-2.259999999999998,Klebsiella pneumoniae,Critical
GCA_054048865.1,1,0,2,2,23.63636363636364,2,-1.0700000000000005,Klebsiella pneumoniae,Critical
GCA_054048885.1,1,0,0,0,30.985915492957744,2,-7.290000000000006,Klebsiella pneumoniae,Critical
GCA_054048905.1,1,0,3,6,39.80582524271845,12,-1.1899999999999975,Klebsiella pneumoniae,Critical
GCA_054048925.1,1,0,2,7,28.39506172839506,7,-1.8100000000000025,Klebsiella pneumoniae,Critical
GCA_054048945.1,1,0,1,3,27.160493827160494,3,-1.0900000000000034,Klebsiella pneumoniae,Critical
GCA_054048975.1,1,0,2,11,34.065934065934066,10,-2.289999999999999,Klebsiella pneumoniae,Critical
GCA_054048995.1,1,0,0,5,23.28767123287671,4,-0.3499999999999943,Klebsiella pneumoniae,Critical
GCA_054049015.1,1,0,1,1,25.0,4,-0.7600000000000051,Klebsiella pneumoniae,Critical
GCA_054049035.1,1,0,2,9,28.421052631578945,3,0.029999999999994,Klebsiella pneumoniae,Critical
GCA_054066315.1,1,0,2,3,36.8,17,-1.3599999999999994,Klebsiella pneumoniae,Critical
GCA_054066375.1,1,0,1,6,35.23809523809524,7,-1.4100000000000037,Klebsiella pneumoniae,Critical
GCA_054066415.1,1,0,2,3,36.26373626373626,6,-1.6799999999999995,Klebsiella pneumoniae,Critical
GCA_054066435.1,0,1,2,7,39.795918367346935,9,-2.259999999999998,Klebsiella pneumoniae,Critical
GCA_054066455.1,1,0,3,2,33.9622641509434,9,-1.1799999999999995,Klebsiella pneumoniae,Critical
GCA_054066485.1,1,0,1,2,13.48314606741573,2,0.1000000000000014,Klebsiella pneumoniae,Critical
GCA_054066555.1,1,0,2,3,20.43010752688172,4,-0.8599999999999994,Klebsiella pneumoniae,Critical
GCA_054066575.1,1,0,3,2,37.2093023255814,20,-1.9600000000000009,Klebsiella pneumoniae,Critical
GCA_054066585.1,1,0,1,6,20.930232558139537,3,-0.3799999999999954,Klebsiella pneumoniae,Critical
GCA_054066675.1,0,0,1,3,25.71428571428571,2,-0.6599999999999966,Klebsiella pneumoniae,Critical
GCA_054066715.1,1,0,1,5,6.896551724137931,1,-0.3999999999999986,Klebsiella pneumoniae,Critical
GCA_054066795.1,1,0,2,11,33.33333333333333,7,-1.8999999999999984,Klebsiella pneumoniae,Critical
GCA_054066815.1,1,0,2,10,27.27272727272727,4,-0.240000000000002,Klebsiella pneumoniae,Critical
GCA_054066855.1,1,0,1,6,29.069767441860467,4,-0.6000000000000014,Klebsiella pneumoniae,Critical
GCA_054066915.1,1,0,2,6,29.850746268656717,7,-2.660000000000004,Klebsiella pneumoniae,Critical
GCA_054066995.1,1,0,1,3,28.8135593220339,4,-0.9699999999999988,Klebsiella pneumoniae,Critical
GCA_054067025.1,1,0,1,3,29.166666666666668,3,-3.1299999999999955,Klebsiella pneumoniae,Critical
GCA_054067075.1,1,0,1,7,32.69230769230769,10,-2.740000000000002,Klebsiella pneumoniae,Critical
GCA_054067105.1,1,0,3,2,42.42424242424242,15,-1.490000000000002,Klebsiella pneumoniae,Critical
GCA_054067135.1,1,0,1,5,30.17241379310345,15,-1.3299999999999983,Klebsiella pneumoniae,Critical
GCA_054067195.1,1,0,1,3,29.03225806451613,4,-0.720000000000006,Klebsiella pneumoniae,Critical
GCA_054067235.1,1,0,1,8,27.58620689655172,6,-1.9899999999999949,Klebsiella pneumoniae,Critical
GCA_054067255.1,1,0,1,2,29.11392405063291,3,-1.3000000000000045,Klebsiella pneumoniae,Critical
GCA_054067315.1,1,0,2,8,32.5,7,-1.3500000000000014,Klebsiella pneumoniae,Critical
GCA_054067335.1,1,0,1,6,35.526315789473685,12,-1.470000000000006,Klebsiella pneumoniae,Critical
GCA_054067355.1,1,0,1,3,28.71287128712871,4,-0.4200000000000017,Klebsiella pneumoniae,Critical
GCA_054067435.1,1,0,1,4,23.170731707317078,4,-0.3299999999999983,Klebsiella pneumoniae,Critical
GCA_054067475.1,1,0,2,9,25.842696629213485,3,-0.5500000000000043,Klebsiella pneumoniae,Critical
GCA_054067555.1,1,0,2,2,16.363636363636363,2,-0.5800000000000054,Klebsiella pneumoniae,Critical
GCA_054067575.1,1,0,2,7,28.125,9,-3.1300000000000026,Klebsiella pneumoniae,Critical
GCA_054067615.1,1,0,2,7,34.523809523809526,9,-2.25,Klebsiella pneumoniae,Critical
GCA_054067635.1,1,0,1,0,18.181818181818183,2,-0.0200000000000031,Klebsiella pneumoniae,Critical
GCA_054067695.1,1,0,1,3,38.55421686746988,5,-6.32,Klebsiella pneumoniae,Critical
GCA_054067715.1,1,0,0,5,30.20833333333333,7,-1.1200000000000043,Klebsiella pneumoniae,Critical
GCA_054067735.1,0,1,3,2,43.29268292682927,24,-2.8300000000000054,Klebsiella pneumoniae,Critical
GCA_054067815.1,1,0,2,9,34.065934065934066,12,-2.699999999999996,Klebsiella pneumoniae,Critical
GCA_054067835.1,1,0,2,6,23.809523809523807,4,-0.75,Klebsiella pneumoniae,Critical
GCA_054067855.1,1,0,1,5,12.34567901234568,2,-1.1299999999999957,Klebsiella pneumoniae,Critical
GCA_054067895.1,1,0,1,3,28.37837837837838,4,-3.1599999999999966,Klebsiella pneumoniae,Critical
GCA_054067955.1,1,0,2,4,30.48780487804878,5,-2.68,Klebsiella pneumoniae,Critical
GCA_054068015.1,0,0,1,6,18.6046511627907,2,0.7199999999999989,Klebsiella pneumoniae,Critical
GCA_054068025.1,1,0,1,3,25.97402597402597,3,-3.1499999999999986,Klebsiella pneumoniae,Critical
GCA_054068095.1,1,0,1,2,17.24137931034483,2,-0.3299999999999983,Klebsiella pneumoniae,Critical
GCA_054068135.1,1,0,1,5,24.0,10,-1.0200000000000031,Klebsiella pneumoniae,Critical
GCA_054068155.1,1,0,0,5,30.434782608695656,6,-0.9399999999999976,Klebsiella pneumoniae,Critical
GCA_054068185.1,1,0,2,5,26.31578947368421,3,-1.019999999999996,Klebsiella pneumoniae,Critical
GCA_054068255.1,1,0,2,4,29.48717948717949,4,-0.1000000000000014,Klebsiella pneumoniae,Critical
GCA_054068275.1,1,0,0,7,30.303030303030305,9,-1.4299999999999995,Klebsiella pneumoniae,Critical
GCA_054068295.1,1,0,3,6,30.58823529411765,9,-2.9399999999999977,Klebsiella pneumoniae,Critical
GCA_054068315.1,1,0,2,9,31.08108108108108,9,-1.6300000000000026,Klebsiella pneumoniae,Critical
GCA_054068355.1,1,0,1,3,26.86567164179105,3,-3.43,Klebsiella pneumoniae,Critical
GCA_054068435.1,1,0,0,2,24.675324675324678,5,-0.6600000000000037,Klebsiella pneumoniae,Critical
GCA_054068455.1,1,0,2,3,20.73170731707317,3,-1.4899999999999949,Klebsiella pneumoniae,Critical
GCA_054068555.1,1,0,1,3,26.506024096385545,3,-0.3499999999999943,Klebsiella pneumoniae,Critical
GCA_054068575.1,1,0,1,3,31.944444444444443,5,-3.490000000000002,Klebsiella pneumoniae,Critical
GCA_054068595.1,1,0,2,12,33.6734693877551,7,-1.480000000000004,Klebsiella pneumoniae,Critical
GCA_054068675.1,1,0,2,2,26.5625,3,-0.8100000000000023,Klebsiella pneumoniae,Critical
GCA_054068695.1,1,0,3,6,29.629629629629623,9,-2.890000000000001,Klebsiella pneumoniae,Critical
GCA_054068715.1,1,0,1,9,35.294117647058826,10,-2.509999999999998,Klebsiella pneumoniae,Critical
GCA_054068775.1,1,0,1,5,6.349206349206349,1,-0.0700000000000002,Klebsiella pneumoniae,Critical
GCA_054068815.1,1,0,2,11,31.57894736842105,10,-2.18,Klebsiella pneumoniae,Critical
GCA_054068835.1,1,0,1,7,28.865979381443296,6,-1.6599999999999966,Klebsiella pneumoniae,Critical
GCA_054068855.1,1,0,1,3,30.0,3,-0.4000000000000057,Klebsiella pneumoniae,Critical
GCA_054068935.1,1,0,1,5,17.073170731707318,2,-1.1599999999999966,Klebsiella pneumoniae,Critical
GCA_054068955.1,1,0,3,6,29.48717948717949,8,-2.809999999999995,Klebsiella pneumoniae,Critical
GCA_054068975.1,1,0,2,3,28.04878048780488,5,-1.3999999999999986,Klebsiella pneumoniae,Critical
GCA_054068995.1,1,0,2,4,27.160493827160494,3,-0.8099999999999952,Klebsiella pneumoniae,Critical
GCA_054069025.1,1,0,1,2,25.233644859813083,7,-1.3800000000000026,Klebsiella pneumoniae,Critical
GCA_054069015.1,1,0,1,3,21.73913043478261,6,-1.269999999999996,Klebsiella pneumoniae,Critical
GCA_054069115.1,1,0,2,9,33.33333333333333,8,-2.030000000000001,Klebsiella pneumoniae,Critical
GCA_054069195.1,1,0,2,8,34.375,8,-1.990000000000002,Klebsiella pneumoniae,Critical
GCA_054069235.1,1,0,2,5,26.373626373626376,5,-2.469999999999999,Klebsiella pneumoniae,Critical
GCA_054069275.1,1,0,2,6,26.666666666666668,7,-2.740000000000002,Klebsiella pneumoniae,Critical
GCA_054069295.1,0,0,0,1,35.714285714285715,6,-3.160000000000004,Klebsiella pneumoniae,Critical
GCA_054069355.1,1,0,1,3,18.055555555555557,2,0.6499999999999986,Klebsiella pneumoniae,Critical
GCA_054069375.1,1,0,3,6,33.75,9,-2.1099999999999994,Klebsiella pneumoniae,Critical
GCA_054069395.1,1,0,3,3,32.72727272727273,11,-1.9600000000000009,Klebsiella pneumoniae,Critical
GCA_054069415.1,1,0,1,7,26.08695652173913,5,-1.3200000000000005,Klebsiella pneumoniae,Critical
GCA_054069495.1,1,0,2,8,34.14634146341464,8,-1.9600000000000009,Klebsiella pneumoniae,Critical
GCA_054069515.1,1,0,3,2,17.24137931034483,2,-1.8099999999999952,Klebsiella pneumoniae,Critical
GCA_054069555.1,1,0,1,3,27.536231884057973,4,-0.6300000000000026,Klebsiella pneumoniae,Critical
GCA_054069595.1,1,0,1,4,26.595744680851062,5,-0.8900000000000006,Klebsiella pneumoniae,Critical
GCA_054069675.1,1,0,1,5,18.29268292682927,4,-1.2299999999999969,Klebsiella pneumoniae,Critical
GCA_054069715.1,0,0,2,10,23.07692307692308,7,-0.7899999999999991,Klebsiella pneumoniae,Critical
GCA_054069755.1,1,0,2,9,27.058823529411764,4,-0.7399999999999949,Klebsiella pneumoniae,Critical
GCA_054069775.1,1,0,1,6,26.5625,3,-0.6200000000000045,Klebsiella pneumoniae,Critical
GCA_054069815.1,1,0,1,3,29.245283018867923,8,-2.260000000000005,Klebsiella pneumoniae,Critical
GCA_054069855.1,1,0,1,6,35.77235772357724,12,-1.4799999999999969,Klebsiella pneumoniae,Critical
GCA_048976395.1,0,0,0,0,12.5,1,-0.2899999999999991,Serratia marcescens,Critical
GCA_048976455.1,0,0,0,0,7.142857142857142,1,-0.3400000000000034,Serratia marcescens,Critical
GCA_016074895.1,0,1,0,8,20.56737588652482,3,0.4399999999999977,Citrobacter freundii,Critical
GCA_015681415.1,2,0,4,9,24.571428571428573,6,-1.949999999999996,Enterobacter hormaechei,Critical
GCA_048966275.1,0,0,0,2,13.157894736842104,1,-1.8299999999999983,Enterobacter hormaechei,Critical
GCA_048966225.1,0,0,0,6,26.47058823529412,6,-0.8800000000000026,Enterobacter asburiae,Critical
GCA_054551795.1,1,0,0,1,50.0,2,0.3999999999999986,Enterobacter roggenkampii,Critical
GCA_054551815.1,1,0,0,1,60.0,2,-2.280000000000001,Enterobacter roggenkampii,Critical
GCA_054551855.1,1,0,0,1,66.66666666666666,2,-0.029999999999994,Enterobacter roggenkampii,Critical
GCA_054551875.1,1,0,0,1,28.57142857142857,2,-0.4200000000000017,Enterobacter roggenkampii,Critical
GCA_054551965.1,1,0,0,1,70.0,2,0.3100000000000023,Enterobacter roggenkampii,Critical
GCA_054612235.1,1,0,0,1,71.42857142857143,2,-2.229999999999997,Enterobacter roggenkampii,Critical
