sample,has_carbapenemase,has_mbl,has_carbapenemase_serina,n_carbapenemases,has_esbl,has_ampc_adquirida,n_bl_adquiridas,has_16s_metilase,n_ame,has_mcr,has_pmqr,n_classes_adquiridas,n_genes_adquiridos,pct_adquiridos_plasmidial,carbapenemase_plasmidial,Species
GCA_029076165.1,1,0,1,1,0,0,2,0,3,0,0,6,10,0.7,1,Klebsiella pneumoniae
GCF_001420335.1,1,0,1,1,0,0,2,0,3,0,0,3,6,0.6666666666666666,0,Acinetobacter baumannii
GCA_002304205.1,0,0,0,0,1,0,1,0,5,0,1,6,11,0.6363636363636364,0,Klebsiella pneumoniae
GCA_031011085.1,1,0,1,1,1,0,4,0,5,0,1,8,17,0.7647058823529411,1,Klebsiella pneumoniae
GCA_031630615.1,1,1,0,1,1,1,3,0,7,1,1,8,21,0.47619047619047616,0,Enterobacter hormaechei
GCA_006546635.1,0,0,0,0,0,0,0,0,0,0,0,0,0,0.0,0,Klebsiella quasipneumoniae
GCA_040149225.1,0,0,0,0,0,0,0,0,0,0,0,1,1,0.0,0,Escherichia coli
GCA_029075965.1,1,0,1,1,1,0,5,0,5,0,1,4,13,0.23076923076923078,1,Klebsiella pneumoniae
GCA_016991555.1,0,0,0,0,0,0,0,0,0,0,0,0,0,0.0,0,Escherichia coli
GCA_054048925.1,1,0,1,1,0,0,3,0,3,0,1,6,11,0.6363636363636364,1,Klebsiella pneumoniae
GCA_040493815.1,1,1,0,1,1,0,4,0,4,0,1,8,18,0.6666666666666666,1,Klebsiella pneumoniae
GCA_024650835.1,0,0,0,0,1,0,2,0,3,0,0,6,10,0.4,0,Klebsiella pneumoniae
GCA_054068275.1,1,0,1,1,1,0,3,1,5,0,0,5,16,0.6875,1,Klebsiella pneumoniae
GCA_051169865.1,1,0,1,1,0,0,1,1,5,0,0,6,12,0.8333333333333334,0,Acinetobacter baumannii
GCA_052943355.2,0,0,0,0,0,0,1,0,2,0,0,4,5,1.0,0,Escherichia coli
GCA_018223915.1,0,0,0,0,0,0,0,0,0,0,0,0,0,0.0,0,Klebsiella sp.
GCA_052492815.1,1,1,1,2,0,0,2,1,6,0,0,6,14,0.5,1,Acinetobacter baumannii
GCA_029079865.1,1,0,1,1,1,0,4,0,4,0,1,5,11,0.7272727272727273,1,Klebsiella pneumoniae
GCA_028439945.1,1,0,1,1,0,0,2,0,3,0,0,6,10,0.6,1,Acinetobacter baumannii
GCA_003095475.1,0,0,0,0,1,0,3,0,2,0,1,3,6,0.8333333333333334,0,Klebsiella pneumoniae
GCA_041890435.1,0,0,0,0,0,0,0,0,0,0,0,1,1,0.0,0,Escherichia coli
GCA_016881605.1,1,0,1,1,1,0,3,0,2,0,0,6,10,1.0,1,Klebsiella pneumoniae
GCA_022209985.1,1,0,1,1,1,0,3,0,3,0,0,5,11,0.36363636363636365,1,Klebsiella pneumoniae
GCA_003204675.1,1,0,1,1,0,0,1,0,2,0,0,6,7,0.5714285714285714,1,Serratia marcescens
GCA_022209485.1,1,1,0,1,1,0,6,0,6,0,1,5,15,0.8,1,Klebsiella pneumoniae
GCA_009857735.1,0,0,0,0,1,0,3,0,5,0,0,4,10,0.4,0,Klebsiella pneumoniae
GCA_051169535.1,1,0,1,1,0,0,1,1,5,0,0,6,12,0.8333333333333334,0,Acinetobacter baumannii
GCA_029076395.1,1,0,1,1,1,0,5,1,4,0,0,6,14,0.5714285714285714,1,Klebsiella pneumoniae
GCA_025971765.1,1,1,1,2,0,0,2,0,1,0,0,4,6,0.5,0,Acinetobacter baumannii
GCA_051170725.1,1,0,1,1,0,0,1,1,5,0,0,6,12,0.5833333333333334,0,Acinetobacter baumannii
GCA_022210465.1,1,0,1,1,0,0,3,0,2,0,0,4,7,1.0,1,Klebsiella pneumoniae
GCA_014323585.1,1,0,1,1,0,0,1,0,2,0,0,4,6,0.5,1,Klebsiella pneumoniae
GCA_037890795.1,1,0,1,1,0,0,3,0,5,1,1,9,17,0.7647058823529411,1,Escherichia coli
GCA_026222775.1,1,1,0,1,1,0,4,0,3,0,1,3,8,0.875,1,Klebsiella variicola
GCA_019202655.1,0,0,0,0,0,0,1,0,1,1,1,8,8,0.375,0,Escherichia coli
GCA_054069175.1,1,0,1,1,0,0,1,0,0,0,0,3,3,1.0,1,Klebsiella pneumoniae
GCA_036575155.1,1,1,0,1,1,0,4,0,3,0,1,3,8,0.875,1,Klebsiella quasipneumoniae
GCA_022023135.1,1,0,1,1,1,0,4,1,4,0,0,6,14,0.14285714285714285,1,Klebsiella pneumoniae
GCA_048970115.1,0,0,0,0,0,0,0,0,1,0,0,2,3,1.0,0,Klebsiella pneumoniae
GCA_041222185.1,0,0,0,0,1,0,5,0,4,0,1,7,15,0.3333333333333333,0,Klebsiella pneumoniae
GCA_028440415.1,1,0,1,1,0,0,1,0,1,0,0,3,4,0.5,0,Acinetobacter baumannii
GCA_052049435.1,1,0,1,1,1,0,3,0,3,0,1,7,12,0.5,1,Klebsiella pneumoniae
GCA_007644245.1,0,0,0,0,0,0,0,0,0,0,0,0,0,0.0,0,Escherichia coli
GCA_054067075.1,1,0,1,1,1,0,4,0,4,0,1,7,15,0.4666666666666667,1,Klebsiella pneumoniae
GCA_028440165.1,1,0,1,1,0,0,2,0,3,0,0,6,10,0.5,0,Acinetobacter baumannii
GCA_023060505.1,1,0,1,1,1,0,4,0,4,0,1,5,11,0.7272727272727273,1,Klebsiella pneumoniae
GCA_022209565.1,1,0,1,1,1,0,4,0,3,0,0,5,12,0.5,1,Klebsiella pneumoniae
GCA_051169595.1,1,0,1,1,0,0,1,1,5,0,0,6,12,0.5833333333333334,0,Acinetobacter baumannii
GCA_003327585.1,1,0,1,1,1,0,2,0,3,0,0,5,9,0.4444444444444444,1,Klebsiella pneumoniae
GCA_024650385.1,0,0,0,0,1,0,2,0,2,0,0,5,7,0.7142857142857143,0,Klebsiella pneumoniae
GCA_052048955.1,1,0,1,1,1,0,3,1,4,0,0,5,15,0.7333333333333333,1,Klebsiella pneumoniae
GCA_051169435.1,1,0,1,1,0,0,1,1,5,0,0,6,12,0.8333333333333334,0,Acinetobacter baumannii
GCA_019201685.1,1,0,1,1,0,0,1,0,0,0,0,1,1,1.0,1,Escherichia coli
GCA_029079605.1,1,0,1,1,0,0,1,0,0,0,0,2,2,1.0,1,Klebsiella pneumoniae
GCA_003321105.1,1,0,1,1,1,0,4,0,5,0,1,7,16,0.5625,1,Klebsiella pneumoniae
GCA_000355255.1,0,0,0,0,0,0,1,0,0,0,0,1,1,1.0,0,Escherichia coli
GCA_054066575.1,1,0,1,1,1,0,4,0,3,0,0,5,11,0.9090909090909091,1,Klebsiella pneumoniae
GCA_016055885.1,1,0,1,1,1,0,3,0,2,0,0,4,7,0.7142857142857143,1,Klebsiella pneumoniae
GCA_052943415.1,0,0,0,0,0,0,0,0,0,0,0,0,0,0.0,0,Escherichia coli
GCA_018223865.1,0,0,0,0,0,0,1,0,3,0,0,4,7,0.5714285714285714,0,Escherichia sp.
GCA_025971935.1,1,1,0,1,0,0,2,0,4,0,0,6,12,1.0,1,Acinetobacter baumannii
GCA_023093575.1,1,1,1,2,0,0,3,0,4,0,1,7,13,0.6153846153846154,1,Enterobacter hormaechei
GCA_024652555.1,0,0,0,0,1,0,3,0,4,0,1,5,10,0.7,0,Klebsiella pneumoniae
GCA_022170305.1,1,0,1,1,1,0,4,0,4,0,1,6,12,0.5833333333333334,1,Klebsiella aerogenes
GCA_021464705.1,1,0,1,1,1,0,5,0,5,0,1,8,17,0.7058823529411765,0,Klebsiella pneumoniae
GCA_054066485.1,1,0,1,1,0,0,2,0,3,0,0,2,5,0.4,1,Klebsiella pneumoniae
GCA_023572725.1,1,0,1,1,0,0,1,0,0,0,0,2,3,0.6666666666666666,0,Acinetobacter baumannii
GCA_052997385.1,0,0,0,0,1,0,2,0,3,0,0,4,7,0.8571428571428571,0,Escherichia coli
GCA_028440435.1,1,0,1,1,0,0,1,0,0,0,0,3,4,1.0,1,Acinetobacter baumannii
GCA_003338595.1,1,0,1,1,1,0,3,0,5,0,1,7,14,0.42857142857142855,1,Klebsiella pneumoniae
GCA_024650885.1,0,0,0,0,1,0,2,0,3,0,0,6,10,0.4,0,Klebsiella pneumoniae
GCA_054069495.1,1,0,1,1,1,0,4,0,4,0,1,6,13,0.6153846153846154,1,Klebsiella pneumoniae
GCA_029079945.1,1,0,1,1,0,0,3,0,2,0,0,5,10,0.8,1,Klebsiella pneumoniae
GCA_007646945.1,0,0,0,0,0,0,0,0,0,0,0,0,0,0.0,0,Escherichia coli
GCA_022304495.1,1,0,1,1,1,0,4,0,6,0,1,7,17,0.35294117647058826,1,Klebsiella pneumoniae
GCA_024813675.1,0,0,0,0,1,0,3,0,1,0,1,4,6,0.6666666666666666,0,Klebsiella pneumoniae
GCA_022023555.1,1,0,1,1,1,0,3,1,4,0,0,6,13,0.8461538461538461,1,Klebsiella pneumoniae
GCA_026223635.2,0,0,0,0,0,0,1,0,1,0,0,2,2,1.0,0,Klebsiella michiganensis
GCA_011812905.1,0,0,0,0,0,0,1,0,4,1,0,7,11,0.9090909090909091,0,Escherichia coli
GCA_024650785.1,0,0,0,0,0,0,0,0,1,0,0,3,4,0.75,0,Klebsiella pneumoniae
GCA_016991155.1,0,0,0,0,0,0,0,0,0,0,0,0,0,0.0,0,Escherichia coli
GCA_024652205.1,0,0,0,0,0,0,0,0,1,0,0,3,4,0.75,0,Klebsiella pneumoniae
GCA_031921645.1,1,1,0,1,1,0,4,0,3,0,0,8,15,0.8,1,Providencia stuartii
GCA_003651425.1,0,0,0,0,0,0,2,0,0,0,0,4,6,0.6666666666666666,0,Escherichia coli
GCA_016055975.1,1,0,1,1,1,0,2,0,2,0,1,4,7,0.7142857142857143,1,Klebsiella pneumoniae
GCA_052943275.1,0,0,0,0,0,0,1,0,2,0,0,4,5,0.8,0,Escherichia coli
GCA_015537365.1,1,0,1,1,0,0,2,0,4,0,0,6,11,0.5454545454545454,0,Acinetobacter baumannii
GCA_021020745.1,1,0,1,1,1,0,3,1,5,0,0,6,16,0.625,1,Klebsiella pneumoniae
GCA_021020985.1,1,0,1,1,1,0,3,1,5,0,0,6,16,0.625,1,Klebsiella pneumoniae
GCA_007648075.1,0,0,0,0,0,0,1,0,0,0,0,3,4,1.0,0,Escherichia coli
GCA_051170085.1,1,0,1,1,0,0,1,1,5,0,0,6,12,0.5833333333333334,0,Acinetobacter baumannii
GCA_002104265.1,1,0,1,1,1,0,2,1,5,0,0,6,15,0.6666666666666666,1,Klebsiella pneumoniae
GCA_021021225.1,1,0,1,1,1,0,3,1,5,0,0,6,16,0.625,1,Klebsiella pneumoniae
GCA_003321305.1,1,0,1,1,1,0,3,0,3,0,1,6,12,0.5,1,Klebsiella pneumoniae
GCA_022209785.1,1,0,1,1,1,0,4,0,2,0,0,4,8,0.625,1,Klebsiella pneumoniae
GCA_018156705.1,1,0,1,1,0,0,1,0,1,0,0,5,6,0.5,0,Acinetobacter baumannii
GCF_001750805.1,0,0,0,0,0,0,0,0,2,0,1,5,8,0.375,0,Klebsiella pneumoniae
GCA_022321045.1,1,0,1,1,1,0,5,0,3,0,0,5,13,0.9230769230769231,1,Klebsiella pneumoniae
GCA_054478295.1,0,0,0,0,0,0,0,0,0,0,0,0,0,0.0,0,Escherichia coli
GCA_037938235.1,1,1,0,1,1,0,5,0,4,0,1,5,13,0.6153846153846154,1,Enterobacter hormaechei
GCA_054069275.1,1,0,1,1,0,0,3,0,1,0,1,4,6,0.6666666666666666,1,Klebsiella pneumoniae
GCA_011038335.1,1,0,1,1,1,0,4,0,3,0,0,4,10,0.3,0,Klebsiella pneumoniae
GCA_007647585.1,0,0,0,0,0,0,0,0,0,0,0,0,0,0.0,0,Escherichia coli
GCA_002154845.1,0,0,0,0,1,0,3,1,4,0,1,7,16,0.625,0,Enterobacter hormaechei
GCA_009361775.1,1,0,1,1,1,0,3,0,3,0,1,4,8,0.5,1,Klebsiella quasipneumoniae
GCA_004116935.1,0,0,0,0,0,0,1,0,2,0,0,6,8,1.0,0,Escherichia coli
GCA_013180435.1,0,0,0,0,1,0,3,0,3,0,0,6,11,0.5454545454545454,0,Klebsiella pneumoniae
GCA_054067735.1,1,1,0,1,1,0,4,0,3,0,1,4,11,0.7272727272727273,1,Klebsiella pneumoniae
GCA_013138475.1,1,0,1,1,0,0,2,0,4,0,0,4,8,0.625,0,Acinetobacter baumannii
GCA_036575265.1,1,1,0,1,1,0,4,0,3,0,1,4,9,0.8888888888888888,1,Klebsiella quasipneumoniae
GCA_054048975.1,1,0,1,1,1,0,4,0,4,0,1,7,15,0.6666666666666666,1,Klebsiella pneumoniae
GCA_021020955.1,1,0,1,1,1,0,3,1,5,0,0,6,16,0.625,1,Klebsiella pneumoniae
GCA_023060115.1,1,0,1,1,1,0,4,0,2,0,1,3,7,0.7142857142857143,0,Pluralibacter gergoviae
GCA_022758425.1,0,0,0,0,1,1,3,0,4,0,0,5,10,0.4,0,Escherichia coli
GCA_015536965.1,1,0,1,1,0,0,2,0,5,0,0,6,13,0.46153846153846156,0,Acinetobacter baumannii
GCA_002119085.1,0,0,0,0,1,0,3,0,4,0,1,5,10,0.6,0,Klebsiella pneumoniae
GCA_018361365.1,1,0,1,1,0,0,1,0,2,0,1,8,12,1.0,1,Escherichia coli
GCA_011038235.1,1,0,1,1,1,0,5,0,2,0,0,6,13,0.46153846153846156,1,Klebsiella pneumoniae
GCA_026223475.1,1,1,0,1,1,0,6,0,6,0,1,5,16,0.3125,1,Klebsiella pneumoniae
GCA_016485025.1,1,0,1,1,0,0,2,0,4,0,0,5,9,0.7777777777777778,1,Acinetobacter baumannii
GCA_051523535.1,1,1,1,2,1,0,5,0,3,0,1,7,16,0.875,1,Klebsiella pneumoniae
GCA_051170605.1,1,0,1,1,0,0,1,0,2,0,0,4,6,0.8333333333333334,0,Acinetobacter baumannii
GCA_028402465.1,1,0,1,1,0,0,2,0,4,0,0,5,9,0.4444444444444444,0,Acinetobacter baumannii
GCA_002900305.1,0,0,0,0,0,0,0,0,0,0,0,0,0,0.0,0,Escherichia coli
GCA_054832225.1,0,0,0,0,1,1,3,0,3,0,0,6,11,0.5454545454545454,0,Escherichia coli
GCA_031630475.1,1,1,0,1,0,0,2,0,2,0,1,8,12,0.9166666666666666,1,Escherichia coli
GCA_041890475.1,0,0,0,0,0,0,1,0,2,0,0,3,4,1.0,0,Escherichia coli
GCA_012955845.1,1,0,1,1,0,0,2,0,5,0,0,5,11,0.5454545454545454,0,Acinetobacter baumannii
GCA_016054975.1,1,0,1,1,0,0,2,1,1,0,0,4,7,0.8571428571428571,1,Acinetobacter baumannii
GCA_002104255.1,1,0,1,1,1,0,4,0,5,0,1,5,12,0.5833333333333334,1,Klebsiella pneumoniae
GCA_041222175.1,0,0,0,0,1,0,3,1,5,0,0,6,17,1.0,0,Klebsiella pneumoniae
GCA_022023435.1,1,0,1,1,1,0,4,0,3,0,0,5,12,0.6666666666666666,1,Klebsiella pneumoniae
GCA_031011145.1,1,0,1,1,1,0,4,0,4,0,1,7,14,0.6428571428571429,1,Klebsiella pneumoniae
GCA_022210565.1,1,0,1,1,1,0,3,0,2,0,0,4,7,0.5714285714285714,1,Klebsiella pneumoniae
GCA_054067555.1,1,0,1,1,1,0,2,0,0,0,0,3,5,1.0,1,Klebsiella pneumoniae
GCA_023060305.1,1,0,1,1,0,0,1,0,0,0,0,1,1,0.0,0,Klebsiella pneumoniae
GCA_054068775.1,1,0,1,1,0,0,1,0,0,0,0,2,2,1.0,1,Klebsiella pneumoniae
GCA_054069375.1,1,0,1,1,1,0,5,0,3,0,1,5,12,0.75,1,Klebsiella pneumoniae
GCA_040149085.1,0,0,0,0,0,0,1,0,2,0,0,5,6,1.0,0,Escherichia coli
GCA_029079015.1,1,0,1,1,1,0,4,0,4,0,1,5,11,0.6363636363636364,1,Klebsiella pneumoniae
GCA_015537405.1,1,0,1,2,0,0,2,0,3,0,0,5,9,0.7777777777777778,1,Acinetobacter baumannii
GCA_022209625.1,1,0,1,1,1,0,4,0,3,0,0,5,12,0.6666666666666666,1,Klebsiella pneumoniae
GCA_016991235.1,0,0,0,0,0,0,1,0,0,0,1,3,3,1.0,0,Escherichia coli
GCA_030551215.1,1,0,1,1,0,0,1,1,4,0,0,6,11,0.6363636363636364,0,Acinetobacter baumannii
GCA_054049015.1,1,0,1,1,0,0,3,0,2,0,0,3,7,0.5714285714285714,1,Klebsiella pneumoniae
GCA_054048995.1,1,0,1,1,1,0,2,0,1,0,0,4,6,0.6666666666666666,1,Klebsiella pneumoniae
GCA_002295185.1,1,0,1,1,1,0,3,0,3,0,1,7,12,0.75,1,Klebsiella pneumoniae
GCA_014524525.1,1,0,1,1,1,0,3,0,4,0,0,6,13,1.0,1,Klebsiella pneumoniae
GCA_015666595.1,1,0,1,1,1,0,3,1,5,0,0,6,16,0.5625,1,Klebsiella pneumoniae
GCA_026222915.1,1,1,0,1,0,0,1,0,0,0,0,1,1,1.0,1,Klebsiella quasipneumoniae
GCA_029076275.1,1,0,1,1,1,0,3,0,4,0,0,6,12,0.5,1,Klebsiella pneumoniae
GCA_015537845.1,1,0,1,1,0,0,2,0,4,0,0,6,12,0.16666666666666666,0,Acinetobacter baumannii
GCA_016484945.1,1,0,1,1,0,0,2,0,4,0,0,6,11,0.8181818181818182,1,Acinetobacter baumannii
GCA_022694045.1,0,0,0,0,0,0,1,0,3,0,0,6,9,1.0,0,Escherichia coli
GCA_007663355.1,0,0,0,0,0,0,0,0,0,0,0,0,0,0.0,0,Escherichia coli
GCA_007648765.1,0,0,0,0,0,0,0,0,0,0,0,0,0,0.0,0,Escherichia coli
GCA_021736065.1,0,0,0,0,0,1,2,0,4,0,0,6,11,0.8181818181818182,0,Escherichia coli
GCA_052049035.1,1,0,1,1,1,0,3,1,5,0,0,6,16,0.625,1,Klebsiella pneumoniae
GCA_029078715.1,1,0,1,1,0,0,2,0,3,0,0,6,10,0.7,1,Klebsiella pneumoniae
GCA_051106255.1,0,0,0,0,0,0,1,0,0,0,0,2,2,1.0,0,Escherichia coli
GCA_029080085.1,1,0,1,1,1,0,3,1,4,0,0,5,14,0.7857142857142857,1,Klebsiella pneumoniae
GCF_001693555.1,0,0,0,0,0,0,1,0,3,0,0,4,7,1.0,0,Escherichia coli
GCA_015537255.1,1,0,1,1,0,0,1,0,1,0,0,3,4,0.5,0,Acinetobacter baumannii
GCA_028864025.1,0,0,0,0,0,0,1,0,3,0,0,6,8,0.625,0,Escherichia coli
GCA_002251715.1,1,0,1,1,1,0,3,0,3,1,0,6,12,0.6666666666666666,1,Klebsiella pneumoniae
GCA_007647945.1,0,0,0,0,0,0,0,0,0,0,0,0,0,0.0,0,Escherichia coli
GCA_022305015.1,1,0,1,1,1,0,3,0,3,0,0,6,11,0.45454545454545453,1,Klebsiella pneumoniae
GCA_041212775.1,0,0,0,0,1,0,3,0,4,0,0,6,14,1.0,0,Klebsiella pneumoniae
GCA_054048885.1,1,0,1,1,0,0,1,0,0,0,0,2,2,1.0,1,Klebsiella pneumoniae
GCA_007647625.1,0,0,0,0,0,0,0,0,0,0,0,0,0,0.0,0,Escherichia coli
GCA_023897125.1,1,0,1,1,1,0,4,0,5,0,0,7,17,0.29411764705882354,1,Enterobacter hormaechei
GCA_024813455.1,1,0,1,1,1,0,4,0,4,0,0,5,13,0.8461538461538461,1,Klebsiella pneumoniae
GCA_036575305.1,1,1,0,1,1,0,4,0,3,0,1,3,8,1.0,1,Klebsiella pneumoniae
GCA_030674085.1,1,1,1,2,1,0,5,0,5,0,1,8,20,0.6,1,Raoultella planticola
GCA_016056095.1,1,0,1,2,0,0,2,0,3,0,0,4,8,0.375,1,Acinetobacter baumannii
GCA_007647475.1,0,0,0,0,0,0,1,0,4,0,0,5,9,0.3333333333333333,0,Escherichia coli
GCA_015537745.1,1,0,1,1,0,0,1,0,1,0,0,4,5,0.6,0,Acinetobacter baumannii
GCA_024055805.1,1,0,1,1,1,0,3,0,4,0,1,8,13,0.38461538461538464,1,Enterobacter hormaechei
GCA_052036495.1,1,0,1,1,1,0,4,1,4,0,0,6,13,0.7692307692307693,1,Klebsiella pneumoniae
GCA_042607615.1,1,1,1,2,0,0,4,0,6,0,1,9,21,1.0,1,Klebsiella pneumoniae
GCA_015666365.1,1,0,1,1,0,0,2,0,3,0,0,6,10,0.9,1,Acinetobacter baumannii
GCA_022210085.1,1,0,1,1,1,0,5,0,2,0,1,3,8,0.875,1,Klebsiella pneumoniae
GCA_029761785.1,1,0,1,1,0,0,2,0,4,0,0,5,9,0.4444444444444444,0,Acinetobacter baumannii
GCA_015537095.1,1,0,1,1,0,0,2,0,4,0,0,6,11,0.9090909090909091,1,Acinetobacter baumannii
GCA_014500765.1,1,0,1,1,1,0,3,0,4,0,1,7,13,0.46153846153846156,1,Klebsiella pneumoniae
GCA_041222685.1,1,0,1,1,0,0,2,0,2,0,0,4,6,1.0,1,Klebsiella pneumoniae
GCA_031630415.1,1,1,0,1,0,0,2,0,5,0,1,8,16,0.625,1,Escherichia coli
GCF_001715215.1,1,0,1,1,1,0,3,1,1,0,1,7,12,0.9166666666666666,1,Klebsiella pneumoniae
GCA_003321095.1,1,0,1,1,0,0,1,0,0,0,0,3,4,1.0,1,Klebsiella pneumoniae
GCF_001472755.1,1,0,1,1,1,0,4,0,3,0,1,6,11,0.6363636363636364,1,Klebsiella aerogenes
GCA_018423865.1,1,0,1,1,1,0,3,0,2,0,0,5,9,0.6666666666666666,1,Klebsiella pneumoniae
GCA_002154865.1,0,0,0,0,1,0,3,1,2,0,0,5,11,0.9090909090909091,0,Enterobacter hormaechei
GCA_011037225.1,1,0,1,1,1,0,4,0,3,0,0,5,12,0.5,1,Klebsiella pneumoniae
GCA_022401365.1,0,0,0,0,0,0,0,0,0,0,0,0,0,0.0,0,Yersinia enterocolitica
GCA_040149285.1,0,0,0,0,0,0,0,0,1,0,0,2,2,0.0,0,Escherichia coli
GCA_019202225.1,0,0,0,0,1,1,3,0,4,0,0,6,12,0.5,0,Escherichia coli
GCA_028435925.1,1,0,1,1,0,0,1,0,0,0,0,2,3,0.6666666666666666,0,Acinetobacter baumannii
GCA_022022935.1,1,0,1,1,1,0,3,1,5,0,0,6,17,0.8235294117647058,1,Klebsiella pneumoniae
GCF_002012005.1,1,0,1,1,1,0,3,0,2,0,0,6,10,1.0,1,Escherichia coli
GCA_015536855.1,1,0,1,1,0,0,1,0,0,0,0,1,1,0.0,0,Acinetobacter baumannii
GCA_052036645.1,1,0,1,1,0,0,2,0,3,0,1,7,11,0.6363636363636364,1,Klebsiella pneumoniae
GCA_016485345.1,1,0,1,1,0,0,2,0,5,0,0,5,10,0.6,0,Acinetobacter baumannii
GCA_007648455.1,0,0,0,0,0,0,0,0,0,0,0,0,0,0.0,0,Escherichia coli
GCA_017909485.1,1,0,1,1,0,0,1,0,0,0,0,1,1,0.0,0,Acinetobacter baumannii
GCA_009183685.1,0,0,0,0,0,0,0,0,0,0,0,0,0,0.0,0,Proteus mirabilis
GCA_024650415.1,0,0,0,0,1,0,2,0,3,0,0,6,10,0.4,0,Klebsiella pneumoniae
GCA_029078975.1,1,0,1,1,0,0,1,0,2,0,0,5,7,0.5714285714285714,1,Klebsiella pneumoniae
GCA_019249955.1,0,0,0,0,0,1,1,0,0,0,0,1,1,1.0,0,Escherichia coli
GCA_040493795.1,1,1,1,2,1,0,5,0,4,0,1,8,19,0.8421052631578947,1,Klebsiella pneumoniae
GCF_001866785.1,1,0,1,1,1,0,4,1,3,0,0,7,13,0.7692307692307693,1,Klebsiella pneumoniae
GCA_026223585.1,1,1,0,1,1,0,4,0,4,0,1,5,11,0.5454545454545454,0,Klebsiella quasipneumoniae
GCA_000188755.2,0,0,0,0,0,0,0,0,0,0,0,0,0,0.0,0,Escherichia coli
GCA_003321295.1,1,0,1,1,1,0,4,0,3,0,0,5,10,0.4,1,Klebsiella pneumoniae
GCA_022210425.1,1,0,1,1,1,0,4,0,2,0,0,4,8,0.625,1,Klebsiella pneumoniae
GCF_001662695.1,0,0,0,0,1,0,3,1,3,0,1,7,13,0.7692307692307693,0,Klebsiella aerogenes
GCA_022023275.1,1,0,1,1,1,0,4,0,4,0,0,6,13,0.5384615384615384,1,Klebsiella pneumoniae
GCA_003321215.1,1,0,1,1,1,0,3,0,2,0,0,5,8,0.75,1,Klebsiella pneumoniae
GCA_036575065.1,1,1,0,1,1,0,4,0,5,0,1,7,14,1.0,1,Klebsiella pneumoniae
GCA_040493745.1,1,0,1,1,1,0,3,0,2,0,0,4,7,0.8571428571428571,1,Klebsiella pneumoniae
GCA_016485285.1,1,0,1,1,0,0,2,0,4,0,0,5,9,0.6666666666666666,0,Acinetobacter baumannii
GCA_031630315.1,1,1,1,2,1,0,5,0,5,0,0,5,14,0.42857142857142855,1,Proteus mirabilis
GCA_019201915.1,0,0,0,0,0,0,1,0,4,0,0,5,8,0.75,0,Escherichia coli
GCA_020615655.1,1,0,1,1,0,0,1,0,1,0,0,2,2,1.0,1,Klebsiella pneumoniae
GCA_011037955.1,1,0,1,1,1,0,3,1,5,0,0,6,16,0.625,1,Klebsiella pneumoniae
GCA_003095515.1,1,0,1,1,1,0,3,1,5,0,0,6,17,0.7058823529411765,1,Klebsiella pneumoniae
GCA_054832145.1,0,0,0,0,1,1,2,0,0,0,0,1,2,0.0,0,Escherichia coli
GCA_052036615.1,1,0,1,1,1,0,4,1,5,0,0,5,17,0.7647058823529411,1,Klebsiella pneumoniae
GCA_003651325.1,0,0,0,0,0,0,0,0,0,0,0,0,0,0.0,0,Escherichia coli
GCA_026223315.1,1,1,0,1,1,0,4,0,4,0,1,4,10,0.4,1,Klebsiella pneumoniae
GCA_015537965.1,1,0,1,1,0,0,1,0,2,0,0,3,5,0.4,0,Acinetobacter baumannii
GCA_022170245.1,1,0,1,1,0,0,2,0,2,0,1,8,12,0.6666666666666666,1,Klebsiella aerogenes
GCA_051170345.1,1,0,1,1,0,0,1,1,5,0,0,6,12,0.8333333333333334,0,Acinetobacter baumannii
GCA_023093655.1,1,0,1,1,0,0,1,0,1,0,0,2,2,1.0,1,Klebsiella michiganensis
GCA_022210685.1,1,0,1,1,1,0,3,0,2,0,0,4,7,0.7142857142857143,1,Klebsiella pneumoniae
GCA_000188815.2,0,0,0,0,0,0,1,0,0,0,0,1,1,0.0,0,Escherichia coli
GCA_007647045.1,0,0,0,0,0,0,0,0,1,0,0,4,4,1.0,0,Escherichia coli
GCA_024651885.1,0,0,0,0,1,0,3,0,4,0,1,7,13,0.5384615384615384,0,Klebsiella pneumoniae
GCA_016598855.1,1,0,1,1,0,0,1,0,1,0,0,4,4,0.5,1,Klebsiella variicola
GCA_022758785.1,0,0,0,0,1,0,3,0,5,0,0,7,15,0.5333333333333333,0,Escherichia coli
GCA_052492615.1,1,1,1,2,0,0,2,1,6,0,0,6,14,0.5,1,Acinetobacter baumannii
GCA_005222595.1,1,0,1,1,1,0,5,0,5,0,0,6,16,0.625,1,Klebsiella pneumoniae
GCA_052049275.1,1,0,1,1,1,0,3,1,5,0,0,5,16,0.75,1,Klebsiella pneumoniae
GCA_007648485.1,0,0,0,0,0,0,0,0,0,0,1,1,1,1.0,0,Escherichia coli
GCA_042875975.1,0,0,0,0,0,0,0,0,0,0,1,1,1,0.0,0,Proteus mirabilis
GCA_007647955.1,0,0,0,0,0,0,0,0,0,0,0,0,0,0.0,0,Escherichia coli
GCA_016416045.1,1,0,1,1,0,0,1,0,3,0,0,3,5,0.0,0,Acinetobacter baumannii
GCA_051170165.1,1,0,1,1,0,0,1,1,5,0,0,6,12,0.8333333333333334,0,Acinetobacter baumannii
GCA_019202145.1,0,0,0,0,1,0,2,0,2,0,0,5,8,0.5,0,Escherichia coli
GCA_028402505.1,0,0,0,0,0,0,0,0,0,0,0,0,0,0.0,0,Acinetobacter baumannii
GCA_900322665.1,0,0,0,0,1,0,2,0,1,0,0,4,6,0.5,0,Klebsiella pneumoniae
GCA_015538205.1,1,0,1,1,0,0,1,0,3,0,0,5,8,0.75,0,Acinetobacter baumannii
GCA_051169415.1,1,0,1,1,0,0,1,1,5,0,0,6,12,0.5833333333333334,0,Acinetobacter baumannii
GCA_023060075.1,1,0,1,1,0,0,1,0,2,0,0,6,8,0.875,1,Klebsiella pneumoniae
GCA_015666485.1,1,1,0,1,1,0,4,0,4,0,1,5,11,0.45454545454545453,1,Klebsiella pneumoniae
GCA_054067855.1,1,0,1,1,1,0,2,0,1,0,0,4,5,0.4,1,Klebsiella pneumoniae
GCA_007648745.1,0,0,0,0,0,0,0,0,1,0,0,3,3,1.0,0,Escherichia coli
GCA_051170745.1,1,0,1,1,0,0,1,1,5,0,0,6,12,0.8333333333333334,0,Acinetobacter baumannii
GCA_054068715.1,1,0,1,1,1,0,4,0,3,0,1,7,14,0.35714285714285715,1,Klebsiella pneumoniae
GCA_051842185.1,1,0,1,1,1,0,3,0,5,0,0,6,13,0.3076923076923077,0,Acinetobacter baumannii
GCA_016991395.1,0,0,0,0,0,0,0,0,0,0,0,0,0,0.0,0,Escherichia coli
GCA_024650555.1,0,0,0,0,1,0,2,0,2,0,0,5,8,0.5,0,Klebsiella pneumoniae
GCA_041949855.1,1,0,1,1,1,0,6,0,5,0,1,7,20,0.55,1,Klebsiella pneumoniae
GCA_054478315.1,0,0,0,0,0,0,0,0,0,0,0,0,0,0.0,0,Escherichia coli
GCA_020615575.1,1,0,1,1,1,0,3,0,1,0,1,7,9,0.8888888888888888,1,Klebsiella pneumoniae
GCA_042160215.1,1,1,1,2,1,0,5,0,6,0,1,9,21,0.6190476190476191,1,Klebsiella pneumoniae
GCA_028439845.1,0,0,0,0,0,0,1,0,4,0,0,5,8,0.875,0,Acinetobacter baumannii
GCA_041221375.1,0,0,0,0,1,0,3,0,2,0,0,4,7,1.0,0,Klebsiella pneumoniae
GCA_054068295.1,1,0,1,1,1,0,5,1,4,0,1,5,15,0.7333333333333333,1,Klebsiella pneumoniae
GCA_036890225.1,1,0,1,1,0,0,2,0,1,1,0,5,7,0.7142857142857143,1,Escherichia coli
GCA_051170505.1,1,0,1,1,0,0,1,1,5,0,0,6,12,0.5833333333333334,0,Acinetobacter baumannii
GCA_003651265.1,0,0,0,0,0,0,0,0,0,0,0,0,0,0.0,0,Escherichia coli
GCA_003204885.1,1,0,1,1,0,0,1,0,3,0,0,6,8,0.5,1,Serratia marcescens
GCA_051170565.1,1,0,1,1,0,0,1,1,4,0,0,6,11,0.6363636363636364,0,Acinetobacter baumannii
GCA_029458035.1,1,1,1,2,1,0,5,0,2,0,1,4,9,0.8888888888888888,1,Klebsiella pneumoniae
GCA_011038265.1,0,0,0,0,0,0,1,0,0,0,0,1,1,1.0,0,Klebsiella pneumoniae
GCA_015537525.1,1,0,1,1,0,0,1,0,3,0,0,5,8,0.75,0,Acinetobacter baumannii
GCA_016054935.1,1,1,0,1,1,0,3,0,3,0,0,3,7,0.0,0,Klebsiella pneumoniae
GCA_014771895.1,0,0,0,0,0,0,0,0,0,0,0,0,0,0.0,0,Escherichia coli
GCA_022321405.1,1,0,1,1,1,0,2,0,0,0,0,4,6,0.5,1,Klebsiella pneumoniae
GCA_002104365.1,1,0,1,1,1,0,2,0,1,0,0,2,3,0.0,0,Klebsiella pneumoniae
GCA_016991075.1,0,0,0,0,1,1,3,0,3,0,0,6,12,0.5833333333333334,0,Escherichia coli
GCA_022210025.1,1,0,1,1,0,0,1,0,0,0,0,1,1,1.0,1,Klebsiella pneumoniae
GCA_022758485.1,0,0,0,0,0,1,2,0,2,0,0,5,7,0.0,0,Escherichia coli
GCA_020615495.1,1,0,1,1,1,0,2,0,3,0,0,3,7,1.0,1,Klebsiella pneumoniae
GCA_006517505.1,0,0,0,0,0,1,2,0,2,0,0,5,8,0.625,0,Escherichia coli
GCA_052185155.1,0,0,0,0,0,1,1,0,0,0,0,2,2,0.5,0,Escherichia coli
GCA_041216965.1,0,0,0,0,1,0,3,1,5,0,0,6,17,1.0,0,Klebsiella pneumoniae
GCA_007647335.1,0,0,0,0,0,0,0,0,0,0,0,0,0,0.0,0,Escherichia coli
GCA_051170265.1,1,0,1,1,0,0,1,1,6,0,0,6,13,0.7692307692307693,0,Acinetobacter baumannii
GCA_051842285.1,1,1,1,2,0,0,2,1,6,0,0,6,14,0.2857142857142857,0,Acinetobacter baumannii
GCA_016990835.1,0,0,0,0,1,0,2,0,7,0,0,6,14,0.7142857142857143,0,Escherichia coli
GCA_029079465.1,1,0,1,1,1,0,3,0,2,0,0,4,9,0.6666666666666666,1,Klebsiella pneumoniae
GCA_026222785.1,1,1,0,1,1,0,4,0,4,0,1,4,10,0.6,0,Klebsiella quasipneumoniae
GCA_020866825.1,0,0,0,0,1,0,2,0,5,0,0,5,10,1.0,0,Proteus mirabilis
GCA_031009705.1,1,0,1,1,1,0,2,0,1,0,0,5,7,0.5714285714285714,1,Klebsiella pneumoniae
GCA_016055335.1,1,0,1,1,0,0,2,0,4,0,0,5,9,0.6666666666666666,0,Acinetobacter baumannii
GCA_015538225.1,1,0,1,1,0,0,1,0,1,0,0,3,3,0.3333333333333333,0,Acinetobacter baumannii
GCA_024651925.1,0,0,0,0,1,0,3,0,3,0,0,5,11,0.36363636363636365,0,Klebsiella pneumoniae
GCA_029079845.1,1,0,1,1,1,0,3,0,4,0,1,4,9,0.5555555555555556,1,Klebsiella pneumoniae
GCA_028864005.1,0,0,0,0,0,0,1,0,2,0,0,4,5,0.8,0,Escherichia coli
GCA_044133445.1,1,0,1,1,0,0,1,0,1,0,0,2,2,0.0,0,Acinetobacter baumannii
GCA_054565055.1,0,0,0,0,0,0,1,0,3,0,0,4,6,0.0,0,Escherichia coli
GCA_036927635.1,0,0,0,0,0,0,0,0,0,0,0,0,0,0.0,0,Escherichia coli
GCA_042875895.1,0,0,0,0,0,0,2,0,2,0,0,2,4,0.75,0,Proteus mirabilis
GCA_029079475.1,1,0,1,1,1,0,4,0,3,0,0,6,12,0.6666666666666666,1,Klebsiella pneumoniae
GCA_028440145.1,1,0,1,1,0,0,1,0,0,0,0,4,5,1.0,1,Acinetobacter baumannii
GCA_036533995.1,1,0,1,1,0,0,1,0,1,0,0,2,2,0.0,0,Acinetobacter baumannii
GCA_021020725.1,1,0,1,1,1,0,3,0,2,0,1,6,10,0.5,1,Klebsiella pneumoniae
GCA_052388935.1,1,1,0,1,1,0,4,0,3,0,1,5,12,0.6666666666666666,1,Klebsiella pneumoniae
GCA_013180465.1,1,0,1,1,1,0,3,0,3,0,0,7,12,0.3333333333333333,1,Klebsiella pneumoniae
GCA_022694245.1,0,0,0,0,0,0,0,0,0,0,0,0,0,0.0,0,Escherichia coli
GCA_022210785.1,1,0,1,1,0,0,3,0,2,0,0,4,7,1.0,1,Klebsiella pneumoniae
GCA_016992025.1,0,0,0,0,1,0,2,0,2,0,1,6,8,0.75,0,Escherichia coli
GCA_022210885.1,1,0,1,1,1,0,3,0,3,0,0,5,11,0.36363636363636365,1,Klebsiella pneumoniae
GCA_023572505.1,0,0,0,0,0,0,0,0,0,0,0,0,0,0.0,0,Enterobacter cloacae
GCA_016484985.1,1,0,1,1,0,0,2,0,5,0,0,5,10,0.6,0,Acinetobacter baumannii
GCA_029079395.1,1,0,1,1,0,0,1,0,0,0,0,3,3,1.0,1,Klebsiella pneumoniae
GCA_020589635.1,0,0,0,0,1,0,3,0,5,0,1,7,15,0.6666666666666666,0,Klebsiella pneumoniae
GCA_015666525.1,1,1,1,2,1,0,4,0,3,0,1,5,11,0.2727272727272727,1,Klebsiella pneumoniae
GCA_022210485.1,1,0,1,1,1,0,3,0,2,0,0,4,7,0.5714285714285714,1,Klebsiella pneumoniae
GCA_024385685.1,1,0,1,1,0,0,1,0,0,0,0,1,1,1.0,1,Escherichia coli
GCA_003651375.1,0,0,0,0,0,0,0,0,0,0,0,1,1,1.0,0,Escherichia coli
GCA_017565915.1,1,0,1,1,1,0,3,1,1,0,1,8,13,0.6923076923076923,1,Klebsiella pneumoniae
GCA_002295145.1,1,0,1,1,1,0,2,0,3,0,0,4,8,0.75,0,Klebsiella pneumoniae
GCA_017565945.1,1,0,1,1,1,0,4,1,1,0,1,8,15,0.6666666666666666,1,Klebsiella pneumoniae
GCA_024199065.1,0,0,0,0,0,0,1,0,2,0,0,5,6,0.8333333333333334,0,Escherichia coli
GCA_031921665.1,1,1,0,1,1,0,2,0,3,0,1,6,11,0.2727272727272727,0,Providencia rettgeri
GCA_026223795.1,1,1,0,1,1,0,4,0,3,0,1,3,8,0.875,1,Klebsiella aerogenes
GCA_042607655.1,1,1,1,2,0,0,4,0,4,0,1,8,18,1.0,1,Klebsiella pneumoniae
GCA_014894805.1,0,0,0,0,1,0,1,0,3,0,1,5,8,0.375,0,Klebsiella pneumoniae
GCA_021021055.1,1,0,1,1,1,0,3,1,5,0,0,6,16,0.625,1,Klebsiella pneumoniae
GCA_028440485.1,1,0,1,1,0,0,1,0,1,0,0,2,2,0.5,1,Acinetobacter baumannii
GCA_051169575.1,1,0,1,1,0,0,1,1,5,0,0,6,12,0.8333333333333334,0,Acinetobacter baumannii
GCA_015537995.1,1,0,1,1,0,0,2,0,4,0,0,5,10,0.5,0,Acinetobacter baumannii
GCA_042607665.1,1,1,1,2,1,0,5,0,6,0,1,9,21,0.5714285714285714,1,Klebsiella pneumoniae
GCA_022321645.1,1,0,1,1,1,0,5,0,6,0,0,6,15,0.6666666666666666,1,Klebsiella pneumoniae
GCA_013180445.1,1,0,1,1,1,0,3,0,3,0,0,7,12,0.3333333333333333,1,Klebsiella pneumoniae
GCA_016055675.1,1,0,1,1,1,0,3,1,4,0,0,6,15,0.7333333333333333,1,Klebsiella pneumoniae
GCA_051170205.1,1,0,1,1,0,0,1,1,5,0,0,6,12,0.8333333333333334,0,Acinetobacter baumannii
GCA_024386165.1,1,0,1,1,0,0,1,0,0,0,0,2,2,1.0,1,Escherichia coli
GCA_016990995.1,0,0,0,0,1,0,1,0,2,0,0,7,11,0.9090909090909091,0,Escherichia coli
GCA_031630575.1,1,1,0,1,1,1,4,0,6,1,1,8,18,0.5,0,Enterobacter hormaechei
GCA_015538335.1,1,0,1,1,0,0,1,0,4,0,0,3,6,0.0,0,Acinetobacter baumannii
GCA_017960395.1,1,0,1,1,0,0,1,0,3,0,0,3,5,0.0,0,Acinetobacter baumannii
GCA_016485205.1,1,0,1,1,0,0,2,0,3,0,0,5,8,0.375,1,Acinetobacter baumannii
GCA_052183635.1,0,0,0,0,1,1,2,0,2,0,0,3,5,0.2,0,Escherichia coli
GCA_028436005.1,1,0,1,1,0,0,1,0,3,0,0,5,7,0.7142857142857143,1,Acinetobacter baumannii
GCA_024650765.1,0,0,0,0,1,0,2,0,4,0,1,8,14,0.5714285714285714,0,Klebsiella pneumoniae
GCA_018224045.1,0,0,0,0,0,0,0,0,0,0,0,0,0,0.0,0,Klebsiella sp.
GCA_030551135.1,1,0,1,1,0,0,1,1,3,0,0,5,9,0.6666666666666666,1,Acinetobacter baumannii
GCA_028440395.1,1,0,1,1,0,0,1,0,1,0,0,3,4,0.5,0,Acinetobacter baumannii
GCA_031150025.1,0,0,0,0,0,0,0,0,0,0,0,0,0,0.0,0,Klebsiella aerogenes
GCA_007648415.1,0,0,0,0,0,0,0,0,0,0,0,0,0,0.0,0,Escherichia coli
GCA_022758525.1,0,0,0,0,0,0,0,0,0,0,0,1,1,1.0,0,Escherichia coli
GCA_024651005.1,0,0,0,0,1,0,3,0,3,0,0,6,12,0.5833333333333334,0,Klebsiella pneumoniae
GCA_024652265.1,0,0,0,0,0,0,0,0,0,0,0,1,1,1.0,0,Klebsiella pneumoniae
GCA_015666295.1,1,0,1,1,1,0,3,0,2,0,1,7,11,0.36363636363636365,0,Klebsiella pneumoniae
GCA_025950435.1,1,1,1,2,0,0,3,0,3,0,0,6,12,0.8333333333333334,0,Acinetobacter baumannii
GCA_017909495.1,1,0,1,1,0,0,1,0,0,0,0,1,1,0.0,0,Acinetobacter baumannii
GCA_052185455.1,0,0,0,0,1,0,2,0,0,0,1,4,5,0.8,0,Escherichia coli
GCA_029079625.1,1,0,1,1,0,0,2,0,1,0,0,5,8,0.875,1,Klebsiella pneumoniae
GCA_054067025.1,1,0,1,1,1,0,3,0,3,0,1,7,12,0.5833333333333334,1,Klebsiella pneumoniae
GCA_015537145.1,1,0,1,1,0,0,1,0,3,0,0,4,6,0.6666666666666666,0,Acinetobacter baumannii
GCA_052048675.1,1,0,1,1,1,0,2,0,3,0,1,6,10,0.4,1,Klebsiella pneumoniae
GCA_031011025.1,1,0,1,1,1,0,3,0,2,0,1,7,11,0.45454545454545453,1,Klebsiella pneumoniae
GCA_029079065.1,1,0,1,1,1,0,3,0,2,0,0,6,10,0.5,1,Klebsiella pneumoniae
GCA_018423625.1,1,0,1,1,1,0,4,0,2,0,0,4,8,0.625,1,Klebsiella pneumoniae
GCA_016055595.1,1,0,1,1,0,0,2,0,4,0,0,7,12,0.8333333333333334,0,Acinetobacter baumannii
GCA_002887715.1,0,0,0,0,0,0,0,0,1,0,0,2,2,0.0,0,Escherichia coli
GCA_015537665.1,1,0,1,1,0,0,2,0,4,0,0,6,12,0.16666666666666666,0,Acinetobacter baumannii
GCA_002300725.1,1,0,1,1,1,0,4,0,2,0,0,3,7,0.8571428571428571,1,Klebsiella pneumoniae
GCA_016055275.1,1,0,1,1,0,0,2,0,2,0,0,3,5,1.0,1,Klebsiella pneumoniae
GCA_003173315.1,0,0,0,0,1,0,3,0,5,1,0,7,16,0.5,0,Escherichia coli
GCA_015538305.1,1,0,1,1,0,0,1,0,1,0,0,3,4,0.5,0,Acinetobacter baumannii
GCA_031630535.1,1,1,0,1,1,0,2,0,2,1,1,7,9,0.5555555555555556,1,Enterobacter hormaechei
GCA_024651975.1,0,0,0,0,1,0,3,0,2,0,0,4,7,0.7142857142857143,0,Klebsiella pneumoniae
GCA_007648965.1,0,0,0,0,0,0,0,0,0,0,0,0,0,0.0,0,Escherichia coli
GCA_009857775.1,0,0,0,0,1,0,3,0,5,0,0,4,10,0.5,0,Klebsiella pneumoniae
GCA_023059285.1,1,0,1,1,1,0,3,0,3,0,1,6,12,0.75,1,Klebsiella pneumoniae
GCA_012726245.1,0,0,0,0,1,0,1,0,2,1,0,4,5,1.0,0,Escherichia coli
GCA_040149135.1,0,0,0,0,0,0,0,0,1,0,0,4,6,1.0,0,Escherichia coli
GCA_002192975.1,0,0,0,0,1,0,1,0,5,0,1,6,12,0.16666666666666666,0,Klebsiella pneumoniae
GCA_052184385.1,0,0,0,0,1,0,1,0,0,0,0,1,1,1.0,0,Escherichia coli
GCA_003318315.1,1,0,1,1,0,0,1,0,0,0,1,5,5,0.2,0,Klebsiella pneumoniae
GCA_024055825.1,0,0,0,0,0,0,0,0,0,0,0,0,0,0.0,0,Enterobacter hormaechei
GCA_016881655.1,1,0,1,1,1,0,3,0,2,0,0,5,9,0.8888888888888888,1,Klebsiella pneumoniae
GCA_007648725.1,0,0,0,0,0,0,0,0,0,0,0,2,2,1.0,0,Escherichia coli
GCA_022694085.1,0,0,0,0,0,0,0,0,1,0,0,4,4,1.0,0,Escherichia coli
GCA_001756835.2,1,0,1,1,1,0,5,1,2,0,1,5,12,0.75,1,Klebsiella pneumoniae
GCA_022209705.1,1,0,1,1,0,0,3,0,2,0,0,4,7,1.0,1,Klebsiella pneumoniae
GCA_015538275.1,1,0,1,1,0,0,1,0,4,0,0,3,6,0.0,0,Acinetobacter baumannii
GCA_024652015.1,0,0,0,0,1,0,2,0,3,0,0,4,8,0.25,0,Klebsiella pneumoniae
GCA_029079825.1,1,0,1,1,1,0,4,0,2,0,0,4,8,0.625,1,Klebsiella pneumoniae
GCA_028440505.1,1,0,1,1,0,0,2,0,4,0,0,6,11,0.5454545454545454,1,Acinetobacter baumannii
GCA_024650905.1,0,0,0,0,1,0,2,0,3,0,0,6,10,0.4,0,Klebsiella pneumoniae
GCA_024651895.1,0,0,0,0,1,0,3,0,3,0,0,5,10,0.6,0,Klebsiella pneumoniae
GCA_015538155.1,1,0,1,1,0,0,1,0,2,0,0,4,5,0.6,0,Acinetobacter baumannii
GCA_003325575.1,1,0,1,1,0,0,1,0,6,0,0,4,10,0.6,0,Acinetobacter baumannii
GCA_015537465.1,1,0,1,1,0,0,2,0,4,0,0,5,9,0.7777777777777778,0,Acinetobacter baumannii
GCA_009184605.1,0,0,0,0,0,1,1,0,4,0,0,4,7,0.42857142857142855,0,Proteus mirabilis
GCA_054069395.1,1,0,1,1,1,0,3,0,2,0,0,5,8,0.75,1,Klebsiella pneumoniae
GCA_028440185.1,1,0,1,1,0,0,2,0,4,0,0,5,9,0.7777777777777778,1,Acinetobacter baumannii
GCA_024650795.1,0,0,0,0,1,0,1,0,2,0,1,7,8,0.875,0,Klebsiella pneumoniae
GCA_022304515.1,1,0,1,1,0,0,4,0,6,0,1,7,17,0.7647058823529411,1,Klebsiella pneumoniae
GCA_029076045.1,1,0,1,1,0,0,2,0,2,0,1,5,7,0.2857142857142857,1,Klebsiella pneumoniae
GCA_029079225.1,1,0,1,1,1,0,4,0,4,0,1,6,13,0.38461538461538464,1,Klebsiella pneumoniae
GCA_036574225.1,1,0,1,1,0,0,2,0,2,0,0,4,6,1.0,1,Klebsiella pneumoniae
GCA_012955875.1,1,0,1,1,1,0,4,0,2,0,0,4,8,0.875,1,Klebsiella pneumoniae
GCF_001649815.1,0,0,0,0,0,0,0,0,2,0,0,3,4,0.75,0,Acinetobacter baumannii
GCA_016485125.1,1,0,1,1,0,0,2,0,4,0,0,5,9,0.7777777777777778,1,Acinetobacter baumannii
GCA_052184275.1,0,0,0,0,0,0,1,0,3,0,1,6,9,0.5555555555555556,0,Escherichia coli
GCA_054069755.1,1,0,1,1,1,0,4,0,1,0,0,5,10,0.7,1,Klebsiella pneumoniae
GCA_007646715.1,0,0,0,0,0,0,1,0,1,0,0,5,5,0.8,0,Escherichia coli
GCA_052492755.1,1,1,1,2,0,0,2,1,6,0,0,6,14,0.42857142857142855,1,Acinetobacter baumannii
GCA_052048715.1,1,0,1,1,1,0,4,1,5,0,0,5,17,0.7647058823529411,1,Klebsiella pneumoniae
GCA_012956585.1,1,0,1,1,0,0,2,0,4,0,0,5,10,0.7,0,Acinetobacter baumannii
GCA_000803045.1,1,1,0,1,1,1,3,0,6,1,1,8,18,0.6666666666666666,0,Enterobacter hormaechei
GCF_001700405.1,0,0,0,0,0,0,0,0,0,0,0,0,0,0.0,0,Escherichia coli
GCA_023893615.1,1,0,1,1,1,0,4,0,4,0,1,7,13,0.46153846153846156,1,Enterobacter hormaechei
GCA_042862925.1,1,0,1,1,0,0,1,0,1,0,0,2,2,0.0,0,Acinetobacter baumannii
GCA_029079285.1,1,0,1,1,0,0,2,0,2,0,0,5,8,0.5,1,Klebsiella pneumoniae
GCA_003321225.1,0,0,0,0,1,0,3,0,3,0,0,5,10,0.7,0,Klebsiella pneumoniae
GCA_038433235.1,0,0,0,0,1,0,4,0,4,0,1,6,13,0.6153846153846154,0,Klebsiella pneumoniae
GCA_026223375.1,1,1,0,1,0,0,1,0,2,0,0,4,5,0.6,1,Klebsiella pneumoniae
GCA_020589755.1,1,0,1,1,1,0,4,0,4,0,1,4,10,0.5,1,Klebsiella pneumoniae
GCA_001758135.1,0,0,0,0,0,0,1,0,3,0,0,5,8,0.5,0,Acinetobacter baumannii
GCA_016991315.1,0,0,0,0,1,0,1,0,1,0,0,7,8,0.75,0,Escherichia coli
GCA_003204645.1,0,0,0,0,0,0,1,0,2,0,0,4,5,0.6,0,Serratia marcescens
GCA_002104185.1,1,0,1,1,1,0,2,1,4,0,0,6,15,0.8,1,Klebsiella pneumoniae
GCA_011812765.1,1,0,1,1,1,0,5,1,8,0,1,7,23,0.34782608695652173,1,Escherichia coli
GCA_054067135.1,1,0,1,1,0,0,1,0,0,0,0,2,2,1.0,1,Klebsiella pneumoniae
GCA_041221345.1,1,0,1,1,1,0,3,1,5,0,0,6,17,1.0,1,Klebsiella pneumoniae
GCA_007648245.1,0,0,0,0,0,0,0,0,0,0,0,0,0,0.0,0,Escherichia coli
GCA_041890375.1,0,0,0,0,0,0,1,0,2,0,0,3,4,1.0,0,Escherichia coli
GCA_052184935.1,0,0,0,0,0,0,1,0,3,0,1,7,10,0.5,0,Escherichia coli
GCA_015537225.1,1,0,1,1,0,0,1,0,3,0,0,5,8,0.75,0,Acinetobacter baumannii
GCA_003321375.1,1,0,1,1,1,0,3,0,3,0,1,6,12,0.5,1,Klebsiella pneumoniae
GCA_030551115.1,1,0,1,1,0,0,1,1,4,0,0,6,11,0.6363636363636364,0,Acinetobacter baumannii
GCA_003204635.1,1,0,1,1,0,0,1,0,3,0,0,6,8,0.625,1,Serratia marcescens
GCA_054069595.1,1,0,1,1,1,0,4,0,3,0,1,7,14,0.42857142857142855,1,Klebsiella pneumoniae
GCA_002468985.1,0,0,0,0,0,0,0,0,0,0,0,0,0,0.0,0,Escherichia coli
GCA_007648205.1,0,0,0,0,0,0,0,0,0,0,0,0,0,0.0,0,Escherichia coli
GCA_007648515.1,0,0,0,0,0,0,0,0,0,0,0,0,0,0.0,0,Escherichia coli
GCA_051169335.1,1,0,1,1,0,0,1,1,5,0,0,6,12,0.8333333333333334,0,Acinetobacter baumannii
GCA_026223675.1,1,1,0,1,1,0,4,0,3,0,1,3,8,0.875,1,Klebsiella quasipneumoniae
GCA_052185295.1,0,0,0,0,1,0,2,0,5,0,1,6,12,0.8333333333333334,0,Escherichia coli
GCA_052048775.1,1,0,1,1,1,0,4,1,4,0,0,5,16,0.8125,1,Klebsiella pneumoniae
GCA_036662895.1,0,0,0,0,1,0,3,0,4,0,1,5,10,0.6,0,Klebsiella pneumoniae
GCA_030551035.1,1,0,1,1,0,0,1,1,4,0,0,6,11,0.6363636363636364,0,Acinetobacter baumannii
GCA_026223575.1,1,0,1,1,0,0,3,1,3,0,0,5,14,0.8571428571428571,1,Klebsiella pneumoniae
GCA_002484595.1,0,0,0,0,0,0,1,0,1,0,0,3,3,1.0,0,Escherichia coli
GCA_019492145.1,1,1,0,1,1,1,3,0,2,0,1,6,9,0.8888888888888888,1,Escherichia coli
GCA_019202045.1,0,0,0,0,1,0,1,0,2,0,1,5,7,0.7142857142857143,0,Escherichia coli
GCA_047394525.1,1,1,0,1,1,0,5,1,4,0,1,7,16,0.5,1,Klebsiella pneumoniae
GCA_015537825.1,1,0,1,1,0,0,1,0,3,0,0,4,6,0.6666666666666666,0,Acinetobacter baumannii
GCA_054069235.1,1,0,1,1,1,0,4,0,2,0,0,5,11,0.6363636363636364,1,Klebsiella pneumoniae
GCA_054067455.1,1,0,1,1,0,0,2,0,3,0,0,6,10,0.7,1,Klebsiella pneumoniae
GCA_036575205.1,1,1,0,1,0,0,1,0,1,0,0,2,2,1.0,1,Klebsiella quasipneumoniae
GCA_015537385.1,1,0,1,1,0,0,1,0,1,0,0,3,4,0.5,0,Acinetobacter baumannii
GCA_002145455.1,0,0,0,0,1,0,3,0,2,0,1,3,6,0.8333333333333334,0,Enterobacter kobei
GCA_015538085.1,1,0,1,1,0,0,1,0,1,0,0,3,4,0.5,0,Acinetobacter baumannii
GCA_031570175.1,1,1,0,1,0,0,3,0,3,0,0,2,6,0.8333333333333334,1,Serratia nevei
GCA_022304535.1,1,0,1,1,0,0,2,0,3,0,0,6,10,0.8,1,Klebsiella pneumoniae
GCA_031100935.1,1,0,1,1,0,0,1,0,4,0,0,3,6,0.5,0,Acinetobacter baumannii
GCA_003321135.1,1,0,1,1,1,0,3,1,4,0,0,6,16,0.75,1,Klebsiella pneumoniae
GCA_029889725.1,0,0,0,0,0,0,0,0,0,0,0,0,0,0.0,0,Klebsiella pneumoniae
GCA_022758745.1,0,0,0,0,0,0,1,0,2,0,0,4,5,1.0,0,Escherichia coli
GCA_024006975.1,1,0,1,1,0,0,2,0,4,0,1,7,13,0.5384615384615384,1,Enterobacter hormaechei
GCA_002245595.1,1,0,1,1,0,0,1,0,1,0,0,2,2,0.0,0,Acinetobacter baumannii
GCA_003651405.1,0,0,0,0,0,0,1,0,0,0,0,1,1,1.0,0,Escherichia coli
GCA_011037635.1,1,0,1,1,0,0,3,1,4,0,0,6,14,0.2857142857142857,0,Klebsiella pneumoniae
GCA_052183645.1,0,0,0,0,0,0,1,0,0,0,0,3,3,0.0,0,Escherichia coli
GCA_051169295.1,1,0,1,1,0,0,1,1,5,0,0,6,12,0.9166666666666666,1,Acinetobacter baumannii
GCA_003321255.1,1,0,1,1,1,0,4,0,4,0,1,5,11,0.45454545454545453,0,Klebsiella pneumoniae
GCA_029079695.1,1,0,1,1,0,0,1,0,0,0,0,2,2,1.0,1,Klebsiella pneumoniae
GCA_022182345.1,1,0,1,1,1,0,3,0,3,0,0,5,11,0.7272727272727273,1,Klebsiella pneumoniae
GCA_051170765.1,1,0,1,1,0,0,1,1,5,0,0,6,12,0.8333333333333334,0,Acinetobacter baumannii
GCA_016056195.1,0,0,0,0,1,0,3,0,4,0,1,7,14,0.5,0,Klebsiella pneumoniae
GCA_002157345.1,0,0,0,0,1,0,3,0,4,0,1,6,11,0.45454545454545453,0,Klebsiella pneumoniae
GCA_052049315.1,1,0,1,1,0,0,1,0,0,0,0,1,1,1.0,1,Klebsiella pneumoniae
GCA_029589455.1,0,0,0,0,0,0,0,0,0,0,0,0,0,0.0,0,Escherichia coli
GCA_007648165.1,0,0,0,0,0,0,0,0,0,0,0,0,0,0.0,0,Escherichia coli
GCA_052184095.1,0,0,0,0,1,0,1,0,0,0,0,1,1,1.0,0,Escherichia coli
GCA_028440125.1,1,0,1,1,0,0,2,0,4,0,0,6,11,0.9090909090909091,1,Acinetobacter baumannii
GCA_022209725.1,1,1,0,1,1,0,6,0,6,0,1,5,15,0.8,1,Klebsiella pneumoniae
GCF_001420385.1,1,0,1,1,0,0,2,0,2,0,0,6,9,0.7777777777777778,0,Acinetobacter baumannii
GCA_022694365.1,0,0,0,0,0,0,0,0,0,0,0,0,0,0.0,0,Escherichia coli
GCF_001649555.1,0,0,0,0,0,0,0,0,0,0,0,0,0,0.0,0,Yersinia enterocolitica
GCA_054067235.1,1,0,1,1,1,0,2,0,1,0,0,4,6,0.6666666666666666,1,Klebsiella pneumoniae
GCA_014451235.1,0,0,0,0,1,0,2,1,1,0,1,7,11,0.7272727272727273,0,Klebsiella pneumoniae
GCA_031009685.1,1,0,1,1,0,0,2,0,3,0,0,6,10,0.5,1,Klebsiella pneumoniae
GCA_018156665.1,1,0,1,1,0,0,1,0,3,0,0,5,8,0.625,0,Acinetobacter baumannii
GCA_011037715.1,1,0,1,1,0,0,1,0,0,0,0,1,1,1.0,1,Klebsiella pneumoniae
GCA_052049355.1,1,0,1,1,1,0,4,0,4,0,1,6,14,0.7142857142857143,1,Klebsiella pneumoniae
GCA_007646955.1,0,0,0,0,0,0,0,0,0,0,0,0,0,0.0,0,Escherichia coli
GCA_026223155.1,1,1,0,1,1,0,2,0,3,0,0,5,9,0.8888888888888888,0,Klebsiella pneumoniae
GCA_042991555.1,1,0,1,1,1,0,4,0,2,0,1,6,12,0.5,1,Klebsiella pneumoniae
GCA_052943375.1,0,0,0,0,0,0,1,0,2,0,0,5,6,1.0,0,Escherichia coli
GCA_015537905.1,1,0,1,1,0,0,1,0,4,0,0,3,6,0.0,0,Acinetobacter baumannii
GCA_022359595.1,0,0,0,0,0,0,0,0,1,0,0,3,3,1.0,0,Klebsiella pneumoniae
GCF_001649765.1,1,0,1,1,0,0,2,0,4,0,0,3,7,0.42857142857142855,0,Acinetobacter baumannii
GCA_021402995.1,1,0,1,1,0,0,1,1,7,0,0,6,16,0.6875,1,Acinetobacter baumannii
GCA_040493775.1,1,0,1,1,1,0,3,0,2,0,0,4,7,0.8571428571428571,1,Klebsiella pneumoniae
GCA_016881485.1,1,0,1,1,1,0,3,0,3,0,1,7,12,1.0,1,Klebsiella pneumoniae
GCA_021736085.1,0,0,0,0,0,0,1,0,1,0,0,4,4,0.75,0,Escherichia coli
GCA_029079635.1,1,0,1,1,0,0,2,0,2,0,0,5,7,0.7142857142857143,1,Klebsiella pneumoniae
GCA_016991175.1,0,0,0,0,1,1,2,0,3,0,0,6,11,0.8181818181818182,0,Escherichia coli
GCA_002887435.1,0,0,0,0,0,0,0,0,2,0,1,5,7,0.14285714285714285,0,Klebsiella pneumoniae
GCA_026223065.1,1,1,0,1,1,0,4,0,4,0,1,9,18,0.5,1,Klebsiella pneumoniae
GCA_000355215.1,0,0,0,0,0,0,0,0,2,0,0,4,5,1.0,0,Escherichia coli
GCA_051169635.1,1,0,1,1,0,0,1,1,5,0,0,6,12,0.5833333333333334,0,Acinetobacter baumannii
GCA_052184015.1,0,0,0,0,1,0,2,0,4,0,0,7,13,0.9230769230769231,0,Escherichia coli
GCA_041215515.1,0,0,0,0,1,0,3,1,5,0,0,6,17,1.0,0,Klebsiella pneumoniae
GCA_003432105.1,1,0,1,1,1,0,5,0,4,0,1,6,14,0.5714285714285714,1,Klebsiella pneumoniae
GCA_022694305.1,0,0,0,0,0,0,0,0,0,0,0,0,0,0.0,0,Escherichia coli
GCA_011037865.1,1,0,1,1,1,0,3,1,5,0,0,6,16,0.5625,1,Klebsiella pneumoniae
GCA_029076285.1,1,0,1,1,1,0,3,0,3,0,0,5,10,0.4,1,Klebsiella pneumoniae
GCA_031630735.1,1,1,0,1,1,0,3,0,4,0,1,6,14,0.7142857142857143,1,Citrobacter freundii
GCA_011037555.1,1,0,1,1,1,0,3,0,4,0,1,6,12,0.6666666666666666,1,Klebsiella pneumoniae
GCA_030551015.1,1,0,1,1,0,0,1,1,3,0,0,5,9,1.0,1,Acinetobacter baumannii
GCA_023060185.1,1,0,1,1,0,0,1,0,0,0,0,1,1,0.0,0,Acinetobacter baumannii
GCA_023572585.1,1,1,0,1,1,0,4,0,3,0,1,7,13,0.38461538461538464,0,Enterobacter hormaechei
GCA_022210325.1,1,0,1,1,1,0,4,0,2,0,0,4,8,0.625,1,Klebsiella pneumoniae
GCA_016881425.1,1,0,1,1,0,0,1,0,0,0,0,1,1,1.0,1,Klebsiella pneumoniae
GCA_016055535.1,1,0,1,1,0,0,2,1,5,0,0,6,14,0.7857142857142857,1,Klebsiella pneumoniae
GCA_029078945.1,1,0,1,1,0,0,3,1,3,0,0,5,14,0.7142857142857143,1,Klebsiella pneumoniae
GCA_007646825.1,0,0,0,0,0,0,0,0,0,0,0,0,0,0.0,0,Escherichia coli
GCA_018423675.1,1,0,1,1,1,0,4,0,5,0,0,5,14,0.5714285714285714,1,Klebsiella pneumoniae
GCA_039677745.1,1,1,1,2,0,0,2,0,1,0,0,4,6,0.5,0,Acinetobacter baumannii
GCA_011037755.1,1,0,1,1,1,0,4,0,2,0,0,5,9,0.5555555555555556,1,Klebsiella pneumoniae
GCA_052049335.1,0,0,0,0,1,0,3,0,4,0,1,5,10,0.6,0,Klebsiella pneumoniae
GCA_041221405.1,0,0,0,0,1,0,3,0,2,0,0,3,6,1.0,0,Klebsiella pneumoniae
GCA_053613435.1,1,1,0,1,1,0,4,0,4,0,1,5,11,0.6363636363636364,1,Klebsiella pneumoniae
GCA_022023335.1,1,0,1,1,1,0,3,0,3,0,0,5,10,0.5,1,Klebsiella pneumoniae
GCA_022758395.1,0,0,0,0,0,0,0,0,0,1,1,2,2,0.5,0,Escherichia coli
GCA_022304995.1,1,0,1,1,1,0,3,0,3,0,0,6,11,0.36363636363636365,1,Klebsiella pneumoniae
GCA_033955015.2,1,1,0,1,1,0,4,0,6,0,1,5,14,0.6428571428571429,1,Klebsiella pneumoniae
GCA_024651825.1,0,0,0,0,1,0,3,0,4,0,0,6,13,0.8461538461538461,0,Klebsiella pneumoniae
GCA_042862905.1,1,0,1,1,0,0,1,0,3,0,0,3,5,0.0,0,Acinetobacter baumannii
GCA_036890245.1,1,0,1,1,0,0,2,0,2,1,0,6,10,1.0,1,Escherichia coli
GCA_029076175.1,1,0,1,1,0,0,2,0,1,0,0,4,6,0.5,1,Klebsiella pneumoniae
GCA_011037885.1,1,0,1,1,1,0,3,1,5,0,0,6,16,0.625,1,Klebsiella pneumoniae
GCA_054066695.1,1,0,1,1,0,0,2,0,2,0,0,3,5,0.4,1,Klebsiella pneumoniae
GCA_054551855.1,1,0,1,1,1,0,4,0,5,0,1,7,17,0.4117647058823529,1,Enterobacter roggenkampii
GCA_042875955.1,0,0,0,0,0,0,0,0,0,0,0,0,0,0.0,0,Proteus mirabilis
GCA_023572325.1,1,1,0,1,1,0,3,0,3,0,1,9,16,0.6875,1,Klebsiella pneumoniae
GCA_051169125.1,1,0,1,1,0,0,1,1,5,0,0,6,12,0.8333333333333334,0,Acinetobacter baumannii
GCA_023572235.1,1,1,1,2,1,0,5,0,7,0,1,7,19,0.42105263157894735,1,Klebsiella pneumoniae
GCA_013425845.1,1,0,1,1,0,0,1,0,2,0,0,3,4,0.0,0,Serratia marcescens
GCA_042607505.1,1,1,1,2,1,0,5,0,6,0,1,9,21,0.6190476190476191,1,Klebsiella pneumoniae
GCA_028439855.1,1,0,1,1,0,0,1,0,4,0,0,4,8,0.25,0,Acinetobacter baumannii
GCA_048970035.1,1,0,1,1,0,0,2,0,2,0,0,5,7,0.7142857142857143,1,Klebsiella pneumoniae
GCA_009828675.1,1,0,1,1,0,0,1,0,0,0,0,2,2,0.5,0,Acinetobacter baumannii
GCA_024813855.1,1,0,1,1,1,0,4,0,2,0,0,5,11,0.8181818181818182,1,Klebsiella pneumoniae
GCA_022321375.1,1,0,1,1,1,0,4,0,2,0,0,5,10,0.7,1,Klebsiella pneumoniae
GCA_011038315.1,1,0,1,1,1,0,3,0,3,0,0,6,11,0.45454545454545453,1,Klebsiella pneumoniae
GCA_051047975.1,1,1,0,1,0,0,1,0,0,0,0,1,1,1.0,1,Klebsiella quasipneumoniae
GCA_029078955.1,1,0,1,1,0,0,3,0,2,0,0,5,9,0.8888888888888888,1,Klebsiella pneumoniae
GCA_022209525.1,1,0,1,1,1,0,3,0,2,0,0,4,7,0.7142857142857143,1,Klebsiella pneumoniae
GCA_016055715.1,1,0,1,1,0,0,1,0,3,0,0,4,6,0.6666666666666666,0,Acinetobacter baumannii
GCA_022210695.1,1,0,1,1,0,0,3,0,2,0,0,4,7,1.0,1,Klebsiella pneumoniae
GCA_007646855.1,0,0,0,0,0,0,0,0,0,0,0,0,0,0.0,0,Escherichia coli
GCA_029079045.1,1,0,1,1,1,0,4,0,4,0,1,6,14,0.6428571428571429,1,Klebsiella pneumoniae
GCA_007646835.1,0,0,0,0,0,0,0,0,0,0,0,0,0,0.0,0,Escherichia coli
GCA_003651275.1,0,0,0,0,0,0,0,0,0,0,0,0,0,0.0,0,Escherichia coli
GCA_024813875.1,1,0,1,1,1,0,4,0,4,0,1,8,15,0.3333333333333333,1,Klebsiella pneumoniae
GCA_023060455.1,0,0,0,0,1,0,3,0,0,0,0,4,6,0.16666666666666666,0,Serratia marcescens
GCA_054068555.1,1,0,1,1,0,0,3,0,3,0,1,6,12,0.5833333333333334,1,Klebsiella pneumoniae
GCA_052048895.1,1,0,1,1,1,0,3,0,3,0,1,7,12,0.5,1,Klebsiella pneumoniae
GCA_054069015.1,1,0,1,1,1,0,4,0,4,0,1,6,13,0.3076923076923077,1,Klebsiella pneumoniae
GCA_001720345.1,1,0,1,1,1,0,4,0,7,0,1,8,18,0.6111111111111112,1,Klebsiella pneumoniae
GCA_042992615.1,0,0,0,0,0,0,0,0,1,0,0,2,3,1.0,0,Klebsiella pneumoniae
GCA_016991655.1,0,0,0,0,1,1,2,0,0,0,0,1,2,0.0,0,Escherichia coli
GCA_054478355.1,0,0,0,0,0,0,1,0,2,0,0,5,6,1.0,0,Escherichia coli
GCA_052049415.1,1,0,1,1,1,0,4,1,4,0,0,6,13,0.7692307692307693,1,Klebsiella pneumoniae
GCA_016485105.1,1,0,1,1,0,0,1,0,1,0,0,3,4,0.5,0,Acinetobacter baumannii
GCA_015666395.1,1,1,0,1,1,0,5,0,5,0,1,4,12,0.75,1,Klebsiella pneumoniae
GCA_016991675.1,0,0,0,0,0,0,2,0,2,0,0,3,5,1.0,0,Escherichia coli
GCA_052997405.1,0,0,0,0,1,0,1,0,1,0,0,4,4,1.0,0,Escherichia coli
GCA_021021095.1,1,0,1,1,1,0,3,1,5,0,0,6,16,0.625,1,Klebsiella pneumoniae
GCA_016991995.1,0,0,0,0,1,1,2,0,3,0,0,5,9,0.8888888888888888,0,Escherichia coli
GCA_007646635.1,0,0,0,0,0,0,0,0,0,0,0,0,0,0.0,0,Escherichia coli
GCA_022210165.1,1,0,1,1,0,0,2,0,1,0,0,7,9,1.0,1,Klebsiella pneumoniae
GCA_022209495.1,1,0,1,1,0,0,2,0,2,0,0,4,6,0.8333333333333334,1,Klebsiella pneumoniae
GCA_023059255.1,1,1,0,1,1,0,4,0,4,0,1,5,11,0.36363636363636365,0,Klebsiella pneumoniae
GCA_900322595.1,1,0,1,1,1,0,3,0,2,0,0,4,7,0.7142857142857143,1,Klebsiella pneumoniae
GCA_022022895.1,1,0,1,1,1,0,3,1,4,0,0,6,15,0.8,1,Klebsiella pneumoniae
GCA_031630635.1,1,1,0,1,0,1,2,0,7,1,1,8,19,0.47368421052631576,0,Enterobacter hormaechei
GCA_021021175.1,1,0,1,1,1,0,3,1,5,0,0,6,16,0.625,1,Klebsiella pneumoniae
GCA_049546755.1,1,0,1,1,0,0,1,0,0,0,0,1,1,1.0,1,Klebsiella quasipneumoniae
GCA_012515875.1,0,0,0,0,0,0,0,0,0,0,0,0,0,0.0,0,Acinetobacter baumannii
GCA_041221925.1,0,0,0,0,1,0,3,0,3,0,0,6,13,1.0,0,Klebsiella pneumoniae
GCA_003326365.1,1,0,1,1,1,0,3,1,5,0,0,6,17,0.7647058823529411,1,Klebsiella pneumoniae
GCA_022023635.1,1,0,1,1,0,0,1,0,0,0,0,2,2,1.0,1,Klebsiella pneumoniae
GCA_016991575.1,0,0,0,0,1,0,1,0,4,0,0,5,11,0.8181818181818182,0,Escherichia coli
GCA_052049095.1,1,0,1,1,1,0,4,1,4,0,0,5,16,0.8125,1,Klebsiella pneumoniae
GCA_022023395.1,1,0,1,1,1,0,4,0,4,0,0,6,13,0.46153846153846156,1,Klebsiella pneumoniae
GCA_042992595.1,1,0,1,1,0,0,2,0,2,0,0,3,5,0.6,1,Klebsiella pneumoniae
GCA_018920475.1,0,0,0,0,0,0,0,0,0,0,0,0,0,0.0,0,Klebsiella pneumoniae
GCA_016055345.1,1,1,0,1,1,0,5,0,5,0,1,5,14,0.21428571428571427,1,Klebsiella pneumoniae
GCA_016056105.1,1,0,1,1,1,0,4,0,2,0,0,5,11,0.7272727272727273,1,Klebsiella pneumoniae
GCA_052388695.1,0,0,0,0,0,0,0,0,0,0,0,0,0,0.0,0,Klebsiella pneumoniae
GCA_019201835.1,0,0,0,0,1,0,1,0,2,0,0,3,5,0.8,0,Escherichia coli
GCA_026223455.1,1,1,0,1,1,0,6,0,6,0,1,5,16,0.1875,1,Klebsiella pneumoniae
GCA_007647865.1,0,0,0,0,0,0,1,0,2,0,0,4,5,1.0,0,Escherichia coli
GCA_022023295.1,1,0,1,1,0,0,1,0,0,0,0,1,1,1.0,1,Klebsiella pneumoniae
GCA_026239565.1,1,1,1,2,0,0,2,0,2,0,0,4,7,0.5714285714285714,1,Acinetobacter baumannii
GCA_002104175.1,1,0,1,1,1,0,3,0,5,0,1,6,14,0.5,1,Klebsiella pneumoniae
GCA_052048855.1,1,0,1,1,1,0,2,0,3,0,1,6,10,0.4,1,Klebsiella pneumoniae
GCA_029761775.1,1,0,1,1,0,0,1,0,0,0,0,1,1,0.0,0,Acinetobacter baumannii
GCA_031630335.1,1,1,0,1,1,0,3,0,4,0,0,5,12,0.16666666666666666,0,Morganella morganii
GCA_003204685.1,1,0,1,1,0,0,1,0,2,0,0,6,7,0.42857142857142855,1,Serratia marcescens
GCA_026223195.1,1,1,0,1,0,0,1,0,0,0,0,1,1,0.0,0,Klebsiella quasipneumoniae
GCA_041222145.1,1,0,1,1,1,0,3,1,4,0,0,6,16,1.0,1,Klebsiella pneumoniae
GCA_041221885.1,0,0,0,0,1,0,4,0,4,0,1,5,11,1.0,0,Klebsiella pneumoniae
GCA_051170125.1,1,0,1,1,0,0,1,1,5,0,0,6,12,0.8333333333333334,0,Acinetobacter baumannii
GCA_025698005.1,0,0,0,0,1,0,2,0,3,0,0,5,9,0.8888888888888888,0,Escherichia coli
GCA_003321315.1,1,0,1,1,0,0,2,0,4,0,0,5,12,0.9166666666666666,1,Klebsiella pneumoniae
GCA_029076145.1,1,0,1,1,0,0,3,0,1,0,1,4,6,0.6666666666666666,1,Klebsiella pneumoniae
GCA_029076375.1,1,0,1,1,1,0,4,0,3,0,0,5,13,0.5384615384615384,1,Klebsiella pneumoniae
GCA_042607715.1,1,1,1,2,1,0,7,0,5,0,0,5,15,1.0,1,Klebsiella pneumoniae
GCA_007649015.1,0,0,0,0,0,0,0,0,0,0,0,0,0,0.0,0,Escherichia coli
GCA_022209905.1,1,0,1,1,1,0,4,0,3,0,0,5,12,0.5,1,Klebsiella pneumoniae
GCA_036927775.1,0,0,0,0,0,0,0,0,0,0,0,0,0,0.0,0,Escherichia coli
GCA_029079125.1,1,0,1,1,1,0,4,0,5,0,0,6,17,0.5882352941176471,1,Klebsiella pneumoniae
GCF_001649875.1,1,0,1,1,0,0,2,0,4,0,0,3,7,0.7142857142857143,0,Acinetobacter baumannii
GCA_031010955.1,1,0,1,1,1,0,2,0,1,0,0,5,7,0.5714285714285714,1,Klebsiella pneumoniae
GCA_028864085.1,0,0,0,0,0,0,1,0,2,0,0,4,5,0.8,0,Escherichia coli
GCA_054832165.1,0,0,0,0,1,1,3,0,3,0,0,6,11,0.5454545454545454,0,Escherichia coli
GCA_022170285.1,1,0,1,1,1,0,4,0,3,0,1,6,11,0.6363636363636364,1,Klebsiella aerogenes
GCA_054832255.1,0,0,0,0,1,0,3,0,2,0,1,3,6,0.8333333333333334,0,Escherichia coli
GCA_054832125.1,0,0,0,0,1,1,3,0,3,0,0,6,11,0.5454545454545454,0,Escherichia coli
GCA_023806685.1,1,0,1,1,1,0,3,0,4,0,1,8,14,0.5,1,Enterobacter hormaechei
GCA_003095455.1,1,0,1,1,1,0,3,0,4,0,0,6,14,0.7857142857142857,1,Klebsiella pneumoniae
GCA_041216295.1,0,0,0,0,1,0,3,1,5,0,0,6,17,1.0,0,Klebsiella pneumoniae
GCA_022694405.1,0,0,0,0,1,0,3,0,5,0,0,7,15,0.5333333333333333,0,Escherichia coli
GCA_054066315.1,1,0,1,1,1,0,4,0,4,0,0,5,13,0.7692307692307693,1,Klebsiella pneumoniae
GCA_021496095.1,1,0,1,1,1,0,4,1,6,0,1,8,18,1.0,1,Klebsiella pneumoniae
GCA_024386135.1,1,0,1,1,0,0,1,0,0,0,0,1,1,1.0,1,Escherichia coli
GCA_054068675.1,1,0,1,1,1,0,3,0,2,0,1,3,6,0.6666666666666666,1,Klebsiella pneumoniae
GCA_054067715.1,1,0,1,1,1,0,3,1,5,0,0,5,16,0.6875,1,Klebsiella pneumoniae
GCA_051169675.1,1,0,1,1,0,0,1,1,5,0,0,6,12,0.8333333333333334,0,Acinetobacter baumannii
GCA_043109455.1,1,1,0,1,1,0,4,0,6,1,1,10,21,0.9047619047619048,0,Enterobacter hormaechei
GCA_054478005.1,0,0,0,0,0,0,1,0,1,0,0,4,4,1.0,0,Escherichia coli
GCA_007648315.1,0,0,0,0,0,0,0,0,0,0,0,0,0,0.0,0,Escherichia coli
GCA_003173295.1,0,0,0,0,0,0,0,0,0,1,0,1,1,1.0,0,Escherichia coli
GCA_029079325.1,1,0,1,1,1,0,3,0,0,0,0,3,6,0.8333333333333334,1,Klebsiella pneumoniae
GCA_007647345.1,0,0,0,0,0,0,1,0,4,0,0,4,8,0.5,0,Escherichia coli
GCA_015537285.1,1,0,1,1,0,0,1,0,4,0,0,3,6,0.0,0,Acinetobacter baumannii
GCA_054068255.1,1,0,1,1,0,0,3,0,1,0,0,3,5,0.6,1,Klebsiella pneumoniae
GCA_022023235.1,1,0,1,1,0,0,1,0,0,0,0,2,2,0.5,1,Klebsiella pneumoniae
GCA_015537125.1,1,0,1,1,0,0,1,0,1,0,0,3,4,0.5,0,Acinetobacter baumannii
GCF_001715345.1,1,1,0,1,1,0,4,0,4,0,1,5,11,0.8181818181818182,0,Klebsiella quasipneumoniae
GCA_042607485.1,1,1,1,2,1,0,5,0,6,0,1,9,21,0.5238095238095238,1,Klebsiella pneumoniae
GCF_001649955.1,1,0,1,1,0,0,2,0,4,0,0,4,8,0.75,0,Acinetobacter baumannii
GCA_015536975.1,1,0,1,1,0,0,1,0,4,0,0,3,6,0.0,0,Acinetobacter baumannii
GCA_036575225.1,1,1,0,1,1,0,4,0,2,0,1,3,7,0.8571428571428571,1,Klebsiella quasipneumoniae
GCA_022023195.1,0,0,0,0,1,0,2,1,4,0,0,6,11,0.8181818181818182,0,Klebsiella pneumoniae
GCA_054067815.1,1,0,1,1,0,0,3,0,2,0,1,7,12,0.8333333333333334,1,Klebsiella pneumoniae
GCA_054068575.1,1,0,1,1,1,0,3,0,2,0,1,7,11,0.5454545454545454,1,Klebsiella pneumoniae
GCA_022210985.1,1,0,1,1,1,0,4,0,3,0,0,5,12,0.5,1,Klebsiella pneumoniae
GCA_002300765.1,1,0,1,1,0,0,1,0,0,0,0,2,2,1.0,1,Klebsiella pneumoniae
GCA_042607525.1,1,1,1,2,1,0,5,0,5,0,0,8,19,0.6842105263157895,1,Klebsiella pneumoniae
GCA_015536845.1,1,0,1,1,0,0,1,0,1,0,0,3,3,0.3333333333333333,0,Acinetobacter baumannii
GCA_031630435.1,1,1,0,1,1,0,4,1,6,1,0,9,20,0.7,1,Escherichia coli
GCA_003204835.1,1,0,1,1,0,0,1,0,3,0,0,6,8,0.5,1,Serratia marcescens
GCA_009651075.1,1,0,1,1,1,0,5,0,3,0,1,6,13,0.46153846153846156,1,Klebsiella pneumoniae
GCA_052492735.1,1,1,1,2,0,0,2,1,6,0,0,6,14,0.42857142857142855,1,Acinetobacter baumannii
GCA_022023175.1,1,0,1,1,0,0,1,0,3,0,0,4,6,0.16666666666666666,1,Klebsiella pneumoniae
GCA_036927615.1,0,0,0,0,0,0,0,0,0,0,0,0,0,0.0,0,Escherichia coli
GCA_014500805.1,1,0,1,1,0,0,1,0,3,0,1,7,11,0.36363636363636365,1,Klebsiella pneumoniae
GCA_036851855.1,1,1,0,1,1,0,5,0,3,0,1,3,9,1.0,1,Klebsiella quasipneumoniae
GCA_026191935.1,0,0,0,0,1,0,3,0,3,0,1,5,10,0.8,0,Klebsiella pneumoniae
GCA_022758365.1,0,0,0,0,0,0,1,0,3,0,0,4,7,1.0,0,Escherichia coli
GCA_051170465.1,1,0,1,1,0,0,1,1,5,0,0,6,12,0.8333333333333334,0,Acinetobacter baumannii
GCA_024584885.1,0,0,0,0,0,0,0,0,0,0,0,0,0,0.0,0,Escherichia coli
GCA_022210345.1,1,0,1,1,0,0,3,0,2,0,0,4,7,1.0,1,Klebsiella pneumoniae
GCA_009183735.1,0,0,0,0,0,0,0,0,0,0,0,0,0,0.0,0,Proteus mirabilis
GCA_004211775.1,0,0,0,0,0,0,0,0,1,0,0,2,2,0.0,0,Escherichia coli
GCA_002133385.1,0,0,0,0,1,0,1,0,0,0,0,1,1,0.0,0,Escherichia coli
GCA_003321235.1,0,0,0,0,1,0,2,0,4,0,1,7,12,0.4166666666666667,0,Klebsiella pneumoniae
GCA_052492555.1,1,1,1,2,0,0,2,1,6,0,0,6,14,0.5,1,Acinetobacter baumannii
GCA_038433285.1,1,0,1,1,1,0,4,0,4,0,1,6,13,0.5384615384615384,0,Klebsiella pneumoniae
GCA_048966225.1,0,0,0,0,0,0,0,0,0,1,0,1,1,1.0,0,Enterobacter asburiae
GCA_028440335.1,1,0,1,1,0,0,2,0,2,0,0,6,9,0.6666666666666666,1,Acinetobacter baumannii
GCA_025971805.1,1,1,1,2,0,0,2,0,1,0,0,4,6,0.3333333333333333,0,Acinetobacter baumannii
GCA_052049255.1,0,0,0,0,0,0,0,0,0,0,0,0,0,0.0,0,Klebsiella pneumoniae
GCA_054478115.1,0,0,0,0,0,0,0,0,0,0,0,0,0,0.0,0,Escherichia coli
GCA_009898155.1,1,1,1,2,1,0,6,0,6,0,1,5,16,0.625,1,Klebsiella pneumoniae
GCA_026223415.1,1,1,0,1,1,0,4,0,4,0,1,4,10,0.7,1,Klebsiella quasipneumoniae
GCA_025234845.1,0,0,0,0,1,0,1,0,1,0,0,2,2,0.0,0,Serratia marcescens
GCA_054068695.1,1,0,1,1,1,0,5,0,4,0,1,5,13,0.7692307692307693,1,Klebsiella pneumoniae
GCA_022209465.1,1,0,1,1,1,0,4,0,3,0,0,5,12,0.5,1,Klebsiella pneumoniae
GCA_052183495.1,0,0,0,0,1,0,1,0,2,0,0,4,5,0.8,0,Escherichia coli
GCF_002018935.1,1,0,1,1,0,0,2,0,4,0,0,5,9,0.5555555555555556,0,Acinetobacter baumannii
GCA_052049015.1,0,0,0,0,1,0,2,1,5,0,0,6,16,0.75,0,Klebsiella pneumoniae
GCA_019202585.1,0,0,0,0,1,0,3,0,5,0,0,4,10,0.6,0,Escherichia coli
GCA_014451135.1,0,0,0,0,1,0,3,0,5,0,1,6,14,0.7857142857142857,0,Klebsiella pneumoniae
GCA_007647325.1,0,0,0,0,0,0,1,0,0,0,0,3,3,1.0,0,Escherichia coli
GCA_053613655.1,1,0,1,1,1,0,4,1,4,0,0,5,16,0.75,1,Klebsiella pneumoniae
GCA_011812805.1,0,0,0,0,1,0,2,0,2,1,1,8,10,0.3,0,Escherichia coli
GCA_026222845.1,1,1,0,1,1,0,5,0,2,0,1,3,8,0.375,1,Klebsiella pneumoniae
GCA_048970335.1,0,0,0,0,0,0,0,0,0,0,0,0,0,0.0,0,Klebsiella pneumoniae
GCA_016991535.1,0,0,0,0,1,1,2,0,0,0,0,1,2,0.0,0,Escherichia coli
GCA_022694025.1,0,0,0,0,0,0,1,0,2,0,0,5,6,0.5,0,Escherichia coli
GCA_023059275.1,0,0,0,0,1,0,2,0,2,0,0,4,6,0.16666666666666666,0,Klebsiella pneumoniae
GCA_052184135.1,0,0,0,0,1,0,2,0,2,0,1,6,8,1.0,0,Escherichia coli
GCA_022758815.1,0,0,0,0,0,0,0,0,0,0,0,0,0,0.0,0,Escherichia coli
GCA_016991115.1,0,0,0,0,1,1,3,0,2,0,0,6,10,0.6,0,Escherichia coli
GCA_051169065.1,1,0,1,1,0,0,1,1,5,0,0,6,12,0.5833333333333334,0,Acinetobacter baumannii
GCA_004282845.1,1,0,1,1,1,0,3,1,3,0,0,4,11,0.7272727272727273,1,Acinetobacter baumannii
GCA_041220685.1,0,0,0,0,1,0,1,0,1,0,0,3,4,1.0,0,Klebsiella pneumoniae
GCA_051842225.1,1,0,1,1,0,0,1,1,5,0,0,6,12,0.5833333333333334,0,Acinetobacter baumannii
GCA_011038295.1,0,0,0,0,0,0,2,0,2,0,0,2,4,0.0,0,Klebsiella pneumoniae
GCA_003812485.1,1,0,1,1,0,0,2,0,4,1,0,6,10,0.1,0,Acinetobacter baumannii
GCA_022023655.1,1,0,1,1,1,0,3,0,2,0,0,5,8,0.75,1,Klebsiella pneumoniae
GCA_000355195.1,0,0,0,0,0,0,0,0,2,0,0,4,5,1.0,0,Escherichia coli
GCA_029076185.1,1,0,1,1,0,0,3,1,3,0,0,5,14,0.8571428571428571,1,Klebsiella pneumoniae
GCA_006151965.1,1,0,1,1,0,0,1,0,1,0,0,3,3,1.0,1,Klebsiella quasipneumoniae
GCA_011812795.1,0,0,0,0,0,1,3,0,7,1,0,8,19,0.5789473684210527,0,Escherichia coli
GCA_022209365.1,1,0,1,1,0,0,1,0,0,0,0,1,1,1.0,1,Klebsiella pneumoniae
GCA_024650705.1,0,0,0,0,0,0,0,0,2,0,0,3,5,0.6,0,Klebsiella pneumoniae
GCA_052049175.1,1,0,1,1,0,0,2,1,5,0,0,5,15,0.7333333333333333,1,Klebsiella pneumoniae
GCA_016055995.1,1,0,1,1,1,0,4,0,3,0,0,7,14,0.6428571428571429,1,Klebsiella pneumoniae
GCA_011038095.1,1,0,1,1,1,0,3,1,5,0,0,6,15,0.6,1,Klebsiella pneumoniae
GCA_900322635.1,0,0,0,0,0,0,0,0,3,0,0,4,8,0.25,0,Klebsiella pneumoniae
GCA_042607545.1,1,1,1,2,1,0,5,0,5,0,0,8,19,0.631578947368421,1,Klebsiella pneumoniae
GCA_053613375.1,1,0,1,1,0,0,2,0,1,0,0,2,3,0.3333333333333333,1,Klebsiella pneumoniae
GCA_016055895.1,1,0,1,1,1,0,4,0,4,0,1,5,11,0.6363636363636364,1,Klebsiella pneumoniae
GCA_002467725.1,0,0,0,0,0,0,0,0,0,0,0,1,1,0.0,0,Escherichia coli
GCA_015538025.1,1,0,1,1,0,0,2,0,4,0,0,5,10,0.8,1,Acinetobacter baumannii
GCA_026223175.1,1,1,0,1,1,0,3,0,5,0,0,5,14,0.5,1,Klebsiella pneumoniae
GCA_051842305.1,1,1,1,2,0,0,2,1,6,0,0,6,14,0.42857142857142855,1,Acinetobacter baumannii
GCA_052036375.1,0,0,0,0,1,0,3,0,2,0,1,3,6,0.8333333333333334,0,Klebsiella pneumoniae
GCA_016055305.1,1,1,0,1,1,0,4,0,5,0,1,5,14,0.5714285714285714,1,Klebsiella pneumoniae
GCA_039677705.1,1,1,1,2,0,0,3,0,3,0,0,6,12,1.0,1,Acinetobacter baumannii
GCA_029079495.1,1,0,1,1,1,0,4,0,2,0,0,5,10,0.8,1,Klebsiella pneumoniae
GCA_051169825.1,1,0,1,1,0,0,1,1,5,0,0,6,12,0.8333333333333334,0,Acinetobacter baumannii
GCA_054068315.1,1,0,1,1,0,0,3,0,1,0,1,4,6,0.6666666666666666,1,Klebsiella pneumoniae
GCA_030551075.1,1,0,1,1,0,0,1,1,5,0,0,6,12,0.9166666666666666,1,Acinetobacter baumannii
GCA_003789135.1,1,0,1,1,1,0,2,0,0,0,0,1,2,0.5,1,Kluyvera ascorbata
GCA_020589645.1,0,0,0,0,0,0,1,0,6,0,0,6,13,0.9230769230769231,0,Klebsiella pneumoniae
GCA_015537345.1,1,0,1,1,0,0,1,0,0,0,0,2,2,0.5,0,Acinetobacter baumannii
GCA_041221385.1,0,0,0,0,1,0,1,0,0,0,0,2,2,1.0,0,Klebsiella pneumoniae
GCA_024650745.1,0,0,0,0,1,0,2,0,3,0,1,6,9,0.3333333333333333,0,Klebsiella pneumoniae
GCA_019833705.1,0,0,0,0,1,0,4,0,4,0,0,7,14,0.6428571428571429,0,Escherichia coli
GCA_054478155.1,0,0,0,0,0,0,1,0,2,0,0,5,6,1.0,0,Escherichia coli
GCA_024650545.1,0,0,0,0,0,0,0,0,2,0,0,3,5,0.6,0,Klebsiella pneumoniae
GCA_022023095.1,1,0,1,1,1,0,3,0,3,0,0,6,13,0.7692307692307693,1,Klebsiella pneumoniae
GCA_028440385.1,1,0,1,1,0,0,1,0,1,0,0,3,4,0.5,0,Acinetobacter baumannii
GCA_016055015.1,1,0,1,1,0,0,2,0,3,0,0,7,11,0.6363636363636364,0,Acinetobacter baumannii
GCA_023060205.1,1,0,1,1,1,0,3,0,3,0,0,4,8,0.5,1,Klebsiella pneumoniae
GCA_011037245.1,1,0,1,1,0,0,1,0,1,0,0,4,5,0.8,1,Klebsiella pneumoniae
GCA_022210125.1,1,0,1,1,1,0,3,1,4,0,0,6,12,0.75,1,Klebsiella pneumoniae
GCA_022210845.1,1,0,1,1,1,0,4,0,2,0,0,4,8,0.625,1,Klebsiella pneumoniae
GCA_015536925.1,1,0,1,1,0,0,1,0,0,0,0,1,1,0.0,0,Acinetobacter baumannii
GCA_036662875.1,0,0,0,0,1,0,3,0,4,0,1,5,10,0.7,0,Klebsiella pneumoniae
GCF_001662715.1,0,0,0,0,0,0,1,0,3,0,0,5,7,0.42857142857142855,0,Klebsiella aerogenes
GCA_011812915.1,0,0,0,0,1,0,1,0,2,1,0,5,7,0.5714285714285714,0,Escherichia coli
GCA_007648865.1,0,0,0,0,0,0,0,0,0,0,0,0,0,0.0,0,Escherichia coli
GCA_002845925.1,0,0,0,0,0,0,0,0,0,0,0,0,0,0.0,0,Klebsiella pneumoniae
GCF_001649975.1,1,0,1,1,0,0,1,0,0,0,0,1,1,0.0,0,Acinetobacter baumannii
GCA_041358095.1,1,0,1,1,1,0,3,1,5,0,0,6,16,0.5625,1,Klebsiella pneumoniae
GCA_030551145.1,1,0,1,1,0,0,1,1,4,0,0,6,11,0.6363636363636364,0,Acinetobacter baumannii
GCA_026223615.1,0,0,0,0,1,0,2,0,4,0,1,8,16,0.5625,0,Klebsiella pneumoniae
GCA_024650725.1,0,0,0,0,1,0,2,0,3,0,0,5,9,0.3333333333333333,0,Klebsiella pneumoniae
GCA_029078785.1,1,0,1,1,1,0,3,0,2,0,0,6,9,0.3333333333333333,1,Klebsiella pneumoniae
GCA_054069515.1,1,0,1,1,1,0,4,0,4,0,0,3,9,0.6666666666666666,1,Klebsiella pneumoniae
GCA_017909475.1,1,0,1,1,0,0,1,0,3,0,0,3,5,0.6,1,Acinetobacter baumannii
GCA_041217655.1,1,0,1,1,1,0,3,0,3,0,0,4,10,1.0,1,Klebsiella pneumoniae
GCA_054069635.1,1,0,1,1,1,0,4,0,3,0,0,6,12,0.6666666666666666,1,Klebsiella pneumoniae
GCA_029079725.1,1,0,1,1,0,0,1,0,0,0,0,2,2,1.0,1,Klebsiella pneumoniae
GCA_036575105.1,1,1,0,1,1,0,4,0,3,0,1,3,8,1.0,1,Klebsiella quasipneumoniae
GCA_007648705.1,0,0,0,0,0,0,0,0,0,0,0,0,0,0.0,0,Escherichia coli
GCA_024652545.1,0,0,0,0,0,0,2,0,3,0,1,6,11,0.7272727272727273,0,Klebsiella pneumoniae
GCA_007646615.1,0,0,0,0,0,0,0,0,0,0,0,1,1,0.0,0,Escherichia coli
GCA_022305095.1,0,0,0,0,1,0,2,0,2,0,0,5,9,0.6666666666666666,0,Klebsiella pneumoniae
GCA_023060995.1,1,0,1,1,0,0,1,0,2,0,0,6,8,0.875,1,Klebsiella pneumoniae
GCA_052184465.1,0,0,0,0,1,0,2,0,0,0,0,2,3,1.0,0,Escherichia coli
GCA_007646735.1,0,0,0,0,0,0,0,0,0,0,0,0,0,0.0,0,Escherichia coli
GCA_024651155.1,1,0,1,1,1,0,4,0,4,0,1,7,14,0.7142857142857143,1,Klebsiella pneumoniae
GCA_002736085.1,0,0,0,0,0,0,1,0,3,0,0,6,11,0.9090909090909091,0,Escherichia coli
GCA_051170685.1,1,0,1,1,0,0,1,1,5,0,0,6,12,0.8333333333333334,0,Acinetobacter baumannii
GCA_007648085.1,0,0,0,0,0,0,1,0,2,0,0,4,5,0.6,0,Escherichia coli
GCA_029080045.1,1,0,1,2,1,0,5,0,2,0,1,6,12,0.5,1,Klebsiella pneumoniae
GCA_024652675.1,0,0,0,0,1,0,1,0,2,0,0,2,3,0.6666666666666666,0,Klebsiella pneumoniae
GCA_029079265.1,0,0,0,0,1,0,4,0,4,0,1,5,11,1.0,0,Klebsiella pneumoniae
GCA_054832305.1,0,0,0,0,1,0,2,0,3,0,0,4,8,0.25,0,Escherichia coli
GCA_026223435.1,1,1,0,1,1,0,6,0,6,0,1,5,16,0.1875,1,Klebsiella pneumoniae
GCA_022209965.1,1,0,1,1,1,0,5,0,2,0,1,3,8,0.875,1,Klebsiella pneumoniae
GCA_029079995.1,1,0,1,1,1,0,3,0,3,0,0,6,11,0.45454545454545453,1,Klebsiella pneumoniae
GCA_026223485.1,0,0,0,0,1,0,3,0,6,0,1,5,12,0.5,0,Klebsiella variicola
GCA_024650605.1,0,0,0,0,0,0,0,0,2,0,0,3,5,0.4,0,Klebsiella pneumoniae
GCA_031010985.1,1,0,1,1,0,0,1,0,2,0,0,6,8,0.625,1,Klebsiella pneumoniae
GCA_015666325.1,1,0,1,1,1,0,4,0,2,0,0,5,10,0.9,1,Klebsiella pneumoniae
GCA_000316425.1,0,0,0,0,0,0,0,0,0,0,0,0,0,0.0,0,Escherichia coli
GCA_039677765.1,1,1,1,2,0,0,3,0,3,0,0,6,12,1.0,1,Acinetobacter baumannii
GCA_029076075.1,1,0,1,1,0,0,3,1,4,0,0,5,15,0.9333333333333333,1,Klebsiella pneumoniae
GCA_054030975.1,0,0,0,0,1,0,1,0,1,0,0,5,7,1.0,0,Klebsiella pneumoniae
GCA_003651415.1,0,0,0,0,0,0,0,0,0,0,0,0,0,0.0,0,Escherichia coli
GCA_025950485.1,1,1,1,2,0,0,3,0,3,0,0,6,12,1.0,1,Acinetobacter baumannii
GCA_029080005.1,1,0,1,1,1,0,4,0,5,0,1,7,16,0.5,1,Klebsiella pneumoniae
GCA_018423715.1,1,0,1,1,1,0,2,0,2,0,0,4,7,0.8571428571428571,1,Klebsiella pneumoniae
GCA_028440525.1,1,0,1,1,0,0,2,0,4,0,0,5,9,0.7777777777777778,0,Acinetobacter baumannii
GCA_042875995.1,0,0,0,0,0,0,0,0,0,0,0,0,0,0.0,0,Proteus mirabilis
GCA_022209825.1,1,0,1,1,0,0,2,0,2,0,0,4,6,1.0,1,Klebsiella pneumoniae
GCA_016485245.1,1,0,1,1,0,0,2,0,2,0,0,3,5,0.2,0,Acinetobacter baumannii
GCA_016991875.1,0,0,0,0,1,0,1,0,2,0,0,6,8,0.75,0,Escherichia coli
GCA_016055395.1,1,1,0,1,1,0,4,0,4,0,1,5,11,0.5454545454545454,0,Klebsiella pneumoniae
GCA_028440245.1,1,0,1,1,0,0,1,0,1,0,0,3,4,0.5,0,Acinetobacter baumannii
GCA_007648535.1,0,0,0,0,0,0,1,0,3,0,0,5,8,1.0,0,Escherichia coli
GCA_002763515.1,0,0,0,0,0,0,2,0,2,0,0,5,7,1.0,0,Escherichia coli
GCA_016991975.1,0,0,0,0,1,1,3,0,2,0,0,6,10,0.6,0,Escherichia coli
GCA_006152045.1,0,0,0,0,1,0,3,0,4,0,1,5,10,0.6,0,Klebsiella pneumoniae
GCA_016055635.1,1,0,1,1,1,0,3,0,2,0,0,4,7,0.14285714285714285,1,Klebsiella pneumoniae
GCA_026222945.1,1,1,0,1,1,0,4,0,5,0,0,4,12,0.5,1,Klebsiella pneumoniae
GCA_016056045.1,1,0,1,1,0,0,2,0,3,0,0,5,8,0.25,0,Acinetobacter baumannii
GCA_026223115.1,1,1,0,1,1,0,4,0,2,0,1,3,7,1.0,1,Klebsiella pneumoniae
GCA_014451245.1,1,0,1,1,1,0,3,0,4,0,0,6,14,0.9285714285714286,1,Klebsiella pneumoniae
GCF_001649605.1,0,0,0,0,0,0,0,0,0,0,0,0,0,0.0,0,Klebsiella aerogenes
GCA_023061055.1,0,0,0,0,1,0,1,0,4,1,0,6,11,0.8181818181818182,0,Escherichia coli
GCA_003574235.1,1,1,0,1,1,0,4,1,3,0,1,7,14,1.0,1,Klebsiella pneumoniae
GCA_041901425.1,1,1,0,1,1,0,3,0,2,0,1,7,11,0.6363636363636364,1,Klebsiella michiganensis
GCA_022023155.1,1,0,1,1,1,0,4,1,4,0,0,6,14,0.6428571428571429,1,Klebsiella pneumoniae
GCA_019201715.1,0,0,0,0,0,0,0,0,0,0,0,0,0,0.0,0,Escherichia coli
GCA_051170305.1,1,0,1,1,0,0,1,1,5,0,0,6,12,0.8333333333333334,0,Acinetobacter baumannii
GCA_019202215.1,0,0,0,0,1,1,3,0,4,0,0,6,12,0.5,0,Escherichia coli
GCA_042991495.1,0,0,0,0,0,0,0,0,0,0,0,0,0,0.0,0,Klebsiella pneumoniae
GCA_051169925.1,1,0,1,1,0,0,1,1,5,0,0,6,12,0.8333333333333334,0,Acinetobacter baumannii
GCA_002459605.1,0,0,0,0,0,0,1,0,3,0,0,6,9,0.7777777777777778,0,Escherichia coli
GCA_024650325.1,0,0,0,0,1,0,3,0,2,0,0,3,6,1.0,0,Klebsiella pneumoniae
GCA_036575125.1,1,1,0,1,1,0,4,0,4,0,1,3,9,1.0,1,Klebsiella pneumoniae
GCA_002104315.1,1,0,1,1,1,0,4,0,4,0,0,6,13,0.46153846153846156,1,Klebsiella pneumoniae
GCA_016991195.1,0,0,0,0,1,1,3,0,0,0,0,2,4,0.5,0,Escherichia coli
GCA_019202135.1,0,0,0,0,1,0,3,0,4,0,0,6,12,0.6666666666666666,0,Escherichia coli
GCA_023061075.1,1,0,1,1,1,0,4,0,4,0,1,7,13,0.5384615384615384,1,Enterobacter asburiae
GCA_041219915.1,0,0,0,0,1,0,2,0,3,0,0,6,10,1.0,0,Klebsiella pneumoniae
GCF_001649795.1,1,0,1,1,0,0,2,0,4,0,0,4,8,0.375,0,Acinetobacter baumannii
GCA_052492795.1,1,1,1,2,0,0,2,1,5,0,0,6,13,0.5384615384615384,1,Acinetobacter baumannii
GCA_041222695.1,0,0,0,0,1,0,2,0,2,0,0,4,6,1.0,0,Klebsiella pneumoniae
GCA_023572705.1,0,0,0,0,1,0,2,0,3,1,0,8,11,0.6363636363636364,0,Escherichia coli
GCA_019202175.1,0,0,0,0,1,0,2,0,4,0,0,4,9,0.6666666666666666,0,Escherichia coli
GCA_015537765.1,1,0,1,1,0,0,1,0,1,0,0,2,2,0.0,0,Acinetobacter baumannii
GCA_022758665.1,0,0,0,0,0,0,1,0,6,0,0,6,12,0.5833333333333334,0,Escherichia coli
GCA_016990475.1,0,0,0,0,1,1,3,0,3,0,0,6,11,0.6363636363636364,0,Escherichia coli
GCA_054069355.1,1,0,1,1,0,0,1,0,1,0,1,3,3,0.6666666666666666,1,Klebsiella pneumoniae
GCA_023061085.1,1,0,1,1,1,0,5,0,4,1,1,8,15,0.4,1,Enterobacter hormaechei
GCA_026223135.1,1,1,0,1,1,0,4,0,3,0,1,6,12,0.75,1,Klebsiella pneumoniae
GCA_016991435.1,0,0,0,0,1,1,2,0,1,0,0,6,8,0.75,0,Escherichia coli
GCF_002019025.1,1,0,1,1,0,0,2,0,4,0,0,6,11,0.6363636363636364,0,Acinetobacter baumannii
GCA_031630495.1,1,1,0,1,1,0,4,0,6,0,1,7,18,0.9444444444444444,1,Escherichia coli
GCF_002018995.1,1,0,1,1,0,0,2,0,4,0,0,5,9,0.6666666666666666,0,Acinetobacter baumannii
GCA_052183855.1,0,0,0,0,1,0,1,0,0,0,1,2,2,0.0,0,Escherichia coli
GCA_024651775.1,0,0,0,0,1,0,1,0,2,0,1,6,7,1.0,0,Klebsiella pneumoniae
GCA_024055855.1,1,0,1,1,1,0,4,0,6,0,1,7,15,0.4666666666666667,1,Enterobacter hormaechei
GCA_002951595.1,1,0,1,1,0,0,2,0,3,0,0,5,9,0.8888888888888888,1,Klebsiella pneumoniae
GCA_003651345.1,0,0,0,0,0,0,0,0,0,0,0,0,0,0.0,0,Escherichia coli
GCA_029078905.1,1,0,1,1,1,0,3,0,1,0,0,5,7,0.7142857142857143,1,Klebsiella pneumoniae
GCA_007646925.1,0,0,0,0,0,0,0,0,0,0,0,0,0,0.0,0,Escherichia coli
GCA_052185355.1,0,0,0,0,0,0,1,0,6,0,1,6,12,0.9166666666666666,0,Escherichia coli
GCA_022023055.1,1,0,1,1,1,0,3,1,4,0,0,6,14,0.6428571428571429,1,Klebsiella pneumoniae
GCA_022544755.1,1,0,1,1,0,0,2,0,1,0,0,3,4,1.0,1,Klebsiella pneumoniae
GCA_024651065.1,0,0,0,0,0,0,1,0,2,0,0,6,8,0.875,0,Klebsiella pneumoniae
GCA_003326375.1,1,0,1,1,0,0,2,0,3,0,0,5,9,0.4444444444444444,1,Klebsiella pneumoniae
GCA_054068855.1,1,0,1,1,0,0,3,0,4,0,1,6,13,0.6153846153846154,1,Klebsiella pneumoniae
GCA_038433245.1,1,0,1,1,1,0,3,0,4,0,1,7,13,0.6153846153846154,1,Klebsiella pneumoniae
GCA_051842265.1,1,1,1,2,0,0,2,1,6,0,0,6,14,0.42857142857142855,1,Acinetobacter baumannii
GCF_001500225.1,0,0,0,0,0,0,0,0,1,0,0,2,2,0.5,0,Acinetobacter baumannii
GCA_054067315.1,1,0,1,1,0,0,3,0,3,0,1,6,11,0.6363636363636364,1,Klebsiella pneumoniae
GCA_016055935.1,0,0,0,0,1,0,2,0,2,0,0,3,5,0.4,0,Klebsiella pneumoniae
GCA_041222195.1,0,0,0,0,1,0,1,0,0,0,0,1,1,1.0,0,Klebsiella pneumoniae
GCA_011037675.1,1,0,1,1,1,0,4,0,2,0,0,4,8,0.625,1,Klebsiella pneumoniae
GCA_052492675.1,1,1,1,2,0,0,2,1,5,0,0,6,13,0.5384615384615384,1,Acinetobacter baumannii
GCA_019334205.1,0,0,0,0,0,0,0,0,0,0,0,0,0,0.0,0,Klebsiella pneumoniae
GCA_003204565.1,1,0,1,1,0,0,1,0,3,0,0,6,8,0.625,1,Serratia marcescens
GCA_019250015.1,0,0,0,0,0,1,1,0,0,0,0,1,1,1.0,0,Escherichia coli
GCA_054066375.1,1,0,1,1,1,0,3,1,5,0,0,6,16,0.5625,1,Klebsiella pneumoniae
GCA_024650265.1,0,0,0,0,0,0,2,0,4,0,0,6,11,0.45454545454545453,0,Klebsiella pneumoniae
GCA_007647975.1,0,0,0,0,0,0,0,0,0,0,0,0,0,0.0,0,Escherichia coli
GCA_004116855.1,0,0,0,0,0,0,0,0,0,0,0,0,0,0.0,0,Escherichia coli
GCA_021020975.1,1,0,1,1,1,0,3,0,3,0,0,6,11,0.45454545454545453,1,Klebsiella pneumoniae
GCA_022210265.1,1,0,1,1,1,0,4,0,2,0,0,4,8,0.625,1,Klebsiella pneumoniae
GCA_003321155.1,1,0,1,1,0,0,1,0,0,0,0,4,4,0.75,1,Klebsiella pneumoniae
GCA_003204595.1,1,0,1,1,0,0,1,0,3,0,0,5,7,0.7142857142857143,1,Serratia marcescens
GCA_052183735.1,0,0,0,0,1,0,2,0,3,0,0,6,12,0.9166666666666666,0,Escherichia coli
GCA_041213435.1,0,0,0,0,1,0,2,0,3,0,0,5,8,1.0,0,Klebsiella pneumoniae
GCA_051170825.1,1,0,1,1,0,0,1,1,5,0,0,6,12,0.8333333333333334,0,Acinetobacter baumannii
GCA_054049035.1,1,0,1,1,0,0,3,0,1,0,1,4,8,0.625,1,Klebsiella pneumoniae
GCA_012102235.1,1,0,1,1,1,0,3,1,5,0,0,6,16,0.625,1,Klebsiella pneumoniae
GCA_015538165.1,1,0,1,1,0,0,2,0,4,0,0,6,11,0.8181818181818182,1,Acinetobacter baumannii
GCA_052943395.2,0,0,0,0,0,0,1,0,2,0,0,5,6,1.0,0,Escherichia coli
GCA_051170385.1,1,0,1,1,0,0,1,1,5,0,0,6,12,0.5833333333333334,0,Acinetobacter baumannii
GCA_007648325.1,0,0,0,0,0,0,0,0,0,0,0,0,0,0.0,0,Escherichia coli
GCA_011038035.1,1,0,1,1,1,0,3,1,4,0,0,6,15,0.8,1,Klebsiella pneumoniae
GCA_007644345.1,0,0,0,0,0,0,1,0,0,0,0,2,2,1.0,0,Escherichia coli
GCA_024505645.1,1,1,1,2,0,0,3,0,3,0,0,6,12,1.0,1,Acinetobacter baumannii
GCA_037052625.1,1,1,0,1,1,0,4,0,5,0,0,5,14,0.5,1,Klebsiella pneumoniae
GCA_022209445.1,1,0,1,1,1,0,4,0,3,0,0,5,12,0.6666666666666666,1,Klebsiella pneumoniae
GCA_030551065.1,1,0,1,1,0,0,1,1,4,0,0,6,11,0.9090909090909091,0,Acinetobacter baumannii
GCA_031921625.1,1,1,0,1,0,0,1,0,1,0,0,5,6,0.8333333333333334,1,Providencia stuartii
GCA_052184575.1,0,0,0,0,0,0,1,0,3,0,1,6,9,0.8888888888888888,0,Escherichia coli
GCA_031009665.1,1,0,1,1,1,0,2,0,1,0,0,5,7,0.5714285714285714,1,Klebsiella pneumoniae
GCA_036927655.1,0,0,0,0,0,0,0,0,0,0,0,0,0,0.0,0,Escherichia coli
GCA_002154935.1,0,0,0,0,1,0,3,1,2,0,0,4,9,0.8888888888888888,0,Enterobacter hormaechei
GCA_052184195.1,0,0,0,0,0,1,2,0,0,0,0,2,4,1.0,0,Escherichia coli
GCA_052184455.1,0,0,0,0,1,0,1,0,2,0,1,5,6,0.6666666666666666,0,Escherichia coli
GCA_015537535.1,1,0,1,1,0,0,1,0,1,0,0,4,5,0.6,0,Acinetobacter baumannii
GCA_022694035.1,0,0,0,0,0,0,1,0,2,0,0,5,6,0.5,0,Escherichia coli
GCA_024655305.1,1,0,1,1,0,0,1,0,0,0,1,2,2,1.0,1,Enterobacter cloacae
GCA_052183675.1,0,0,0,0,1,0,1,0,5,0,1,4,8,0.875,0,Escherichia coli
GCA_011037925.1,1,0,1,1,1,0,3,0,5,0,0,6,15,0.5333333333333333,0,Klebsiella pneumoniae
GCA_018156745.1,1,0,1,1,0,0,2,0,3,0,0,6,10,0.9,1,Acinetobacter baumannii
GCA_051169615.1,1,0,1,1,0,0,1,1,5,0,0,6,12,0.8333333333333334,0,Acinetobacter baumannii
GCA_011037375.1,1,0,1,1,1,0,4,0,3,0,0,5,12,0.5,1,Klebsiella pneumoniae
GCA_015537045.1,1,0,1,1,0,0,1,0,4,0,0,3,6,0.5,0,Acinetobacter baumannii
GCA_015537485.1,0,0,0,0,0,0,0,0,0,0,0,0,0,0.0,0,Acinetobacter baumannii
GCA_023060615.1,0,0,0,0,0,0,0,0,0,0,0,0,0,0.0,0,Enterobacter bugandensis
GCA_013138415.1,1,0,1,1,0,0,2,0,4,0,0,4,8,0.625,0,Acinetobacter baumannii
GCA_007647575.1,0,0,0,0,0,0,0,0,0,0,0,0,0,0.0,0,Escherichia coli
GCA_031630675.1,1,1,0,1,1,0,4,0,5,0,0,6,15,0.4666666666666667,0,Citrobacter portucalensis
GCA_020589795.1,0,0,0,0,1,0,2,0,0,0,1,2,3,0.6666666666666666,0,Klebsiella pneumoniae
GCA_042607725.1,1,1,1,2,1,0,5,0,6,0,1,8,19,1.0,1,Klebsiella pneumoniae
GCA_016991885.1,0,0,0,0,1,0,2,0,4,0,0,7,13,0.7692307692307693,0,Escherichia coli
GCA_016055435.1,1,0,1,1,1,0,5,0,5,0,0,5,13,0.46153846153846156,1,Klebsiella pneumoniae
GCA_022023215.1,1,0,1,1,1,0,3,1,5,0,0,6,15,0.6,1,Klebsiella pneumoniae
GCA_007648615.1,0,0,0,0,0,0,0,0,1,0,0,2,2,0.0,0,Escherichia coli
GCA_052184695.1,0,0,0,0,1,1,3,0,2,0,0,5,9,0.5555555555555556,0,Escherichia coli
GCA_022758465.1,0,0,0,0,1,1,4,0,4,0,1,7,14,0.21428571428571427,0,Escherichia coli
GCA_016485165.1,1,0,1,2,0,0,2,0,3,0,0,5,9,0.7777777777777778,1,Acinetobacter baumannii
GCA_013180525.1,1,0,1,1,1,0,4,0,3,0,1,6,13,0.5384615384615384,1,Klebsiella pneumoniae
GCA_007648225.1,0,0,0,0,0,0,0,0,0,0,0,0,0,0.0,0,Escherichia coli
GCA_052184515.1,0,0,0,0,1,0,1,0,5,0,0,5,9,0.8888888888888888,0,Escherichia coli
GCA_031011105.1,1,0,1,1,1,0,3,0,2,0,0,4,7,0.5714285714285714,1,Klebsiella pneumoniae
GCA_031101015.1,1,0,1,1,0,0,1,0,3,0,0,3,5,0.4,0,Acinetobacter baumannii
GCA_003204805.1,0,0,0,0,1,0,2,0,2,0,0,4,6,0.6666666666666666,0,Serratia marcescens
GCA_049381405.1,1,0,1,1,0,0,3,0,4,0,1,4,9,0.7777777777777778,1,Klebsiella pneumoniae
GCA_024389435.1,1,0,1,1,0,0,2,0,2,0,0,4,7,0.7142857142857143,1,Escherichia coli
GCA_022210745.1,1,0,1,1,1,0,4,0,2,0,0,4,8,0.625,1,Klebsiella pneumoniae
GCA_019201975.1,0,0,0,0,0,1,2,0,0,0,1,5,6,0.8333333333333334,0,Escherichia coli
GCA_004282835.1,1,0,1,1,1,0,3,1,3,0,0,4,11,0.7272727272727273,1,Acinetobacter baumannii
GCA_041218905.1,1,0,1,1,0,0,3,0,1,0,1,4,6,1.0,1,Klebsiella pneumoniae
GCA_052183795.1,0,0,0,0,1,0,2,0,3,0,0,7,11,0.6363636363636364,0,Escherichia coli
GCA_016055695.1,1,0,1,1,1,0,4,0,2,0,0,5,10,1.0,1,Klebsiella pneumoniae
GCA_022023355.1,1,0,1,1,0,0,3,0,3,0,0,5,9,1.0,1,Klebsiella pneumoniae
GCA_008369545.1,1,1,0,1,1,1,4,0,5,0,1,7,15,0.6,1,Pseudocitrobacter sp.
GCA_054068995.1,1,0,1,1,0,0,3,0,2,0,1,4,8,0.5,1,Klebsiella pneumoniae
GCA_015666275.1,1,0,1,1,0,0,2,0,4,0,0,6,11,0.45454545454545453,0,Acinetobacter baumannii
GCA_016055445.1,1,1,0,1,1,0,6,0,4,0,1,5,14,0.5714285714285714,1,Klebsiella pneumoniae
GCA_024650925.1,0,0,0,0,1,0,2,0,3,0,0,4,8,0.375,0,Klebsiella pneumoniae
GCA_007646785.1,0,0,0,0,0,0,0,0,1,0,1,5,5,1.0,0,Escherichia coli
GCA_024813535.1,1,0,1,1,0,0,1,0,0,0,0,1,1,1.0,1,Klebsiella pneumoniae
GCA_052185115.1,0,0,0,0,1,1,2,0,3,0,0,6,11,0.9090909090909091,0,Escherichia coli
GCA_029079205.1,1,0,1,1,1,0,4,0,2,0,0,4,8,0.875,1,Klebsiella pneumoniae
GCA_024814275.1,1,0,1,1,1,0,4,0,4,0,1,6,13,0.6923076923076923,1,Klebsiella pneumoniae
GCA_016990855.1,0,0,0,0,0,1,2,0,0,0,0,1,2,0.0,0,Escherichia coli
GCA_003326385.1,1,0,1,1,0,0,3,0,4,0,0,6,12,0.4166666666666667,1,Klebsiella pneumoniae
GCA_024055765.1,0,0,0,0,1,0,1,0,0,0,0,3,3,0.6666666666666666,0,Enterobacter hormaechei
GCA_054068815.1,1,0,1,1,1,0,4,0,4,0,1,7,15,0.6666666666666666,1,Klebsiella pneumoniae
GCA_029076265.1,1,0,1,1,0,0,1,0,1,0,0,2,2,0.5,1,Klebsiella pneumoniae
GCA_022758385.1,0,0,0,0,0,1,2,0,0,0,1,5,9,0.8888888888888888,0,Escherichia coli
GCA_051169175.1,1,0,1,1,0,0,1,1,5,0,0,6,12,0.5833333333333334,0,Acinetobacter baumannii
GCA_012274385.1,0,0,0,0,0,0,1,0,0,0,0,1,1,1.0,0,Klebsiella variicola
GCA_016485325.1,1,0,1,1,0,0,1,0,1,0,0,2,2,0.0,0,Acinetobacter baumannii
GCA_052048915.1,1,0,1,1,1,0,3,1,4,0,0,5,14,0.7142857142857143,1,Klebsiella pneumoniae
GCA_021021115.1,1,0,1,1,1,0,3,1,5,0,0,6,16,0.625,1,Klebsiella pneumoniae
GCA_028435975.1,1,0,1,1,0,0,1,0,3,0,0,5,8,0.75,0,Acinetobacter baumannii
GCA_024055755.1,1,1,0,1,1,0,5,0,5,0,1,5,14,0.0,0,Enterobacter hormaechei
GCA_015538125.1,1,0,1,1,0,0,1,0,3,0,0,3,5,0.0,0,Acinetobacter baumannii
GCA_019837225.1,0,0,0,0,1,0,2,0,4,0,0,5,10,0.7,0,Klebsiella pneumoniae
GCA_021020835.1,1,0,1,1,1,0,3,1,5,0,0,6,16,0.625,1,Klebsiella pneumoniae
GCA_018021275.1,0,0,0,0,1,0,1,0,3,0,0,5,10,0.9,0,Escherichia coli
GCA_007648285.1,0,0,0,0,0,0,0,0,0,0,0,0,0,0.0,0,Escherichia coli
GCA_013293985.1,0,0,0,0,1,0,2,0,4,0,0,7,14,0.6428571428571429,0,Escherichia coli
GCA_054048825.1,1,0,1,1,1,0,3,0,2,0,0,5,9,0.4444444444444444,1,Klebsiella pneumoniae
GCA_051169195.1,1,0,1,1,0,0,1,1,5,0,0,6,12,0.5833333333333334,0,Acinetobacter baumannii
GCA_052036725.1,1,1,1,2,1,0,5,0,5,0,0,7,18,0.6666666666666666,1,Klebsiella pneumoniae
GCA_016760405.1,0,0,0,0,0,0,1,0,3,1,0,6,8,0.875,0,Escherichia coli
GCA_052184055.1,0,0,0,0,1,0,3,0,2,0,0,3,6,0.16666666666666666,0,Escherichia coli
GCA_021568735.1,0,0,0,0,1,0,1,0,0,0,0,2,2,1.0,0,Klebsiella pneumoniae
GCA_029079985.1,1,0,1,1,0,0,3,0,1,0,1,4,7,0.7142857142857143,1,Klebsiella pneumoniae
GCA_024650305.1,0,0,0,0,1,0,3,0,3,0,0,5,10,0.6,0,Klebsiella pneumoniae
GCA_036575175.1,1,1,0,1,1,0,4,0,3,0,1,3,8,1.0,1,Klebsiella quasipneumoniae
GCA_016055875.1,1,1,1,2,1,0,5,0,4,0,1,5,12,0.6666666666666666,1,Klebsiella quasipneumoniae
GCA_003097475.1,0,0,0,0,1,0,2,1,4,0,0,5,10,0.8,0,Klebsiella pneumoniae
GCA_052183375.1,0,0,0,0,1,1,3,0,2,0,0,6,10,0.9,0,Escherichia coli
GCA_023572275.1,1,0,1,1,0,0,2,0,5,0,0,4,9,0.5555555555555556,1,Acinetobacter baumannii
GCA_041214325.1,1,0,1,1,0,0,1,0,1,0,0,5,7,1.0,1,Klebsiella pneumoniae
GCA_030026945.2,0,0,0,0,1,0,3,0,2,0,1,3,6,0.8333333333333334,0,Klebsiella pneumoniae
GCA_022321245.1,1,0,1,1,1,0,5,0,3,0,0,6,14,0.7857142857142857,1,Klebsiella pneumoniae
GCA_035615435.1,1,0,1,1,1,0,3,1,4,0,1,7,14,0.8571428571428571,1,Klebsiella pneumoniae
GCA_051169805.1,1,0,1,1,0,0,1,1,5,0,0,6,12,0.5833333333333334,0,Acinetobacter baumannii
GCA_053059375.1,0,0,0,0,1,0,2,0,4,0,0,5,10,0.7,0,Escherichia coli
GCA_006517525.1,0,0,0,0,1,0,2,0,5,0,1,7,13,0.46153846153846156,0,Providencia stuartii
GCA_022210245.1,1,0,1,1,1,0,3,0,2,0,0,4,7,0.7142857142857143,1,Klebsiella pneumoniae
GCA_051170785.1,1,0,1,1,0,0,1,1,7,0,0,6,16,0.8125,0,Acinetobacter baumannii
GCA_011038365.1,1,0,1,1,1,0,3,1,4,0,0,6,12,0.6666666666666666,1,Klebsiella pneumoniae
GCA_019202635.1,0,0,0,0,0,0,2,0,4,0,0,5,10,0.6,0,Escherichia coli
GCA_022694175.1,0,0,0,0,0,0,0,0,2,0,0,2,3,1.0,0,Escherichia coli
GCA_023572345.1,1,1,1,2,0,0,3,0,3,0,0,6,11,0.5454545454545454,1,Klebsiella pneumoniae
GCA_051169495.1,1,0,1,1,0,0,1,0,2,0,0,3,4,0.0,0,Acinetobacter baumannii
GCA_026223265.1,1,1,0,1,1,0,4,0,5,0,0,5,13,0.9230769230769231,1,Klebsiella pneumoniae
GCA_016881585.1,1,0,1,1,0,0,3,0,2,0,0,4,7,0.5714285714285714,1,Klebsiella pneumoniae
GCA_019202035.1,0,0,0,0,1,0,1,0,0,0,0,1,1,0.0,0,Escherichia coli
GCA_016991855.1,0,0,0,0,1,0,2,1,4,0,1,8,13,0.8461538461538461,0,Escherichia coli
GCA_022660815.1,0,0,0,0,0,0,1,0,3,0,0,5,7,0.0,0,Acinetobacter baumannii
GCA_022304435.1,1,0,1,1,0,0,4,0,5,0,1,6,14,0.7142857142857143,0,Klebsiella pneumoniae
GCA_022320905.1,1,0,1,1,1,0,5,0,3,0,0,5,13,0.7692307692307693,1,Klebsiella pneumoniae
GCA_022210665.1,1,0,1,1,1,0,3,0,2,0,0,4,7,0.5714285714285714,1,Klebsiella pneumoniae
GCF_002019035.1,1,0,1,1,0,0,2,0,4,0,0,4,8,0.375,0,Acinetobacter baumannii
GCA_048970235.1,1,0,1,1,1,0,4,0,2,0,1,6,12,0.6666666666666666,1,Klebsiella pneumoniae
GCA_023059265.1,1,0,1,1,0,0,1,0,2,0,0,6,8,0.875,1,Klebsiella pneumoniae
GCA_011038065.1,1,0,1,1,1,0,3,1,3,0,0,6,14,0.35714285714285715,1,Klebsiella pneumoniae
GCA_007648525.1,0,0,0,0,0,0,0,0,0,0,0,0,0,0.0,0,Escherichia coli
GCA_028440005.1,1,0,1,1,0,0,2,0,3,0,0,6,10,0.6,1,Acinetobacter baumannii
GCA_020615425.1,1,0,1,1,1,0,3,0,3,0,1,7,11,0.9090909090909091,1,Klebsiella pneumoniae
GCA_002154825.1,1,0,1,1,1,0,6,0,4,0,1,5,14,0.42857142857142855,1,Klebsiella pneumoniae
GCA_016485085.1,1,0,1,1,0,0,1,0,3,0,0,5,8,0.75,0,Acinetobacter baumannii
GCA_018423665.1,1,0,1,1,0,0,1,0,0,0,0,1,1,1.0,1,Klebsiella pneumoniae
GCA_023060655.1,1,0,1,1,0,0,2,1,2,0,0,5,9,0.7777777777777778,1,Acinetobacter baumannii
GCA_002105205.2,1,0,1,1,1,0,3,0,3,0,0,4,8,0.375,1,Klebsiella pneumoniae
GCA_029076345.1,1,0,1,1,1,0,4,0,3,0,0,4,10,0.4,1,Klebsiella pneumoniae
GCA_045115755.1,0,0,0,0,1,0,3,0,3,0,0,5,9,0.3333333333333333,0,Proteus mirabilis
GCA_022023365.1,1,0,1,1,1,0,3,1,6,0,0,6,17,0.6470588235294118,1,Klebsiella pneumoniae
GCA_054069555.1,1,0,1,1,0,0,2,0,1,0,0,2,3,0.3333333333333333,1,Klebsiella pneumoniae
GCA_016055795.1,1,1,0,1,1,0,4,0,6,0,1,5,15,0.8666666666666667,1,Klebsiella pneumoniae
GCA_013180385.1,0,0,0,0,1,0,2,0,4,0,0,5,11,0.6363636363636364,0,Klebsiella pneumoniae
GCA_007648015.1,0,0,0,0,0,0,0,0,0,0,0,0,0,0.0,0,Escherichia coli
GCA_054069815.1,1,0,1,1,1,0,4,0,2,0,0,5,11,0.45454545454545453,1,Klebsiella pneumoniae
GCA_022209685.1,1,0,1,1,0,0,1,0,0,0,0,1,1,1.0,1,Klebsiella pneumoniae
GCA_026223255.1,1,1,1,2,1,0,4,0,2,0,0,6,11,1.0,1,Klebsiella pneumoniae
GCA_022023115.1,1,0,1,1,1,0,3,1,5,0,0,6,15,0.4,1,Klebsiella pneumoniae
GCA_007644285.1,0,0,0,0,0,0,1,0,0,0,0,2,2,1.0,0,Escherichia coli
GCA_052049155.1,1,0,1,1,1,0,4,0,4,0,1,6,13,0.3076923076923077,1,Klebsiella pneumoniae
GCA_007648215.1,0,0,0,0,0,0,0,0,0,0,0,0,0,0.0,0,Escherichia coli
GCA_022210285.1,1,0,1,1,0,0,3,0,2,0,0,3,6,1.0,1,Klebsiella pneumoniae
GCA_026222735.1,1,1,0,1,1,0,6,0,5,0,1,7,18,0.6111111111111112,1,Klebsiella pneumoniae
GCF_001718115.1,1,0,1,1,1,0,3,1,4,0,1,8,15,0.8,1,Klebsiella pneumoniae
GCA_019201615.1,0,0,0,0,0,0,1,0,4,0,0,6,11,0.6363636363636364,0,Escherichia coli
GCA_016991015.1,0,0,0,0,0,0,1,0,2,0,0,6,8,0.875,0,Escherichia coli
GCA_051169235.1,1,0,1,1,0,0,1,1,5,0,0,6,12,0.5833333333333334,0,Acinetobacter baumannii
GCA_041221895.1,1,0,1,1,0,0,2,0,2,0,0,4,6,1.0,1,Klebsiella pneumoniae
GCA_052389055.1,1,0,1,1,1,0,3,1,5,0,0,6,17,1.0,1,Klebsiella pneumoniae
GCA_015538105.1,1,0,1,1,0,0,2,0,4,0,0,6,11,0.9090909090909091,1,Acinetobacter baumannii
GCA_003204935.1,1,0,1,1,0,0,1,0,3,0,0,6,8,0.5,1,Serratia marcescens
GCA_052049045.1,1,0,1,1,1,0,4,0,5,0,0,5,15,0.8666666666666667,1,Klebsiella pneumoniae
GCA_016991475.1,0,0,0,0,1,0,2,0,2,0,0,3,6,0.3333333333333333,0,Escherichia coli
GCA_029080125.1,1,0,1,1,1,0,3,1,4,0,0,5,15,0.7333333333333333,1,Klebsiella pneumoniae
GCA_023572675.1,1,0,1,1,1,0,2,0,2,0,0,4,6,0.6666666666666666,1,Klebsiella pneumoniae
GCA_003326285.1,1,0,1,1,1,0,3,1,5,0,0,6,17,0.7058823529411765,1,Klebsiella pneumoniae
GCA_029078815.1,1,0,1,1,1,0,3,0,2,0,0,4,9,0.4444444444444444,1,Klebsiella pneumoniae
GCA_054048725.1,0,0,0,0,0,0,0,0,1,0,0,3,4,0.75,0,Klebsiella pneumoniae
GCA_051170185.1,1,0,1,1,0,0,1,1,5,0,0,6,12,0.5833333333333334,0,Acinetobacter baumannii
GCA_022023315.1,1,0,1,1,0,0,1,0,0,0,0,1,1,1.0,1,Klebsiella pneumoniae
GCA_002300755.1,1,0,1,1,1,0,2,0,7,0,1,6,15,0.7333333333333333,0,Klebsiella pneumoniae
GCA_043848735.1,1,0,1,1,1,0,3,0,2,0,0,4,7,0.5714285714285714,1,Klebsiella pneumoniae
GCA_023060545.1,1,1,0,1,1,0,3,0,3,0,0,7,12,0.9166666666666666,1,Providencia stuartii
GCA_028435895.1,1,0,1,1,0,0,2,0,3,0,0,5,8,0.5,1,Acinetobacter baumannii
GCA_015536955.1,1,0,1,1,0,0,2,0,3,0,0,5,8,0.625,1,Acinetobacter baumannii
GCA_031009725.1,1,0,1,1,1,0,3,0,4,0,0,6,14,0.7857142857142857,1,Klebsiella pneumoniae
GCA_015537245.1,1,0,1,2,0,0,2,0,3,0,0,5,9,0.7777777777777778,1,Acinetobacter baumannii
GCA_024650065.1,0,0,0,0,1,0,2,0,3,0,0,6,10,0.4,0,Klebsiella pneumoniae
GCA_003183875.1,0,0,0,0,0,0,2,0,4,1,0,4,8,0.5,0,Escherichia coli
GCA_015537975.1,1,0,1,1,0,0,1,0,4,0,0,3,6,0.0,0,Acinetobacter baumannii
GCA_022694225.1,0,0,0,0,0,0,1,0,0,0,0,2,3,1.0,0,Escherichia coli
GCA_012955825.1,1,0,1,1,0,0,2,0,5,0,0,5,11,0.5454545454545454,0,Acinetobacter baumannii
GCA_029079375.1,1,0,1,1,0,0,2,0,0,0,0,4,7,0.7142857142857143,1,Klebsiella pneumoniae
GCA_022321305.1,1,0,1,1,1,0,5,0,3,0,0,7,15,0.8,1,Klebsiella pneumoniae
GCA_054067335.1,1,0,1,1,0,0,2,0,1,0,0,3,4,0.5,1,Klebsiella pneumoniae
GCA_001611715.1,1,1,0,1,0,0,2,0,2,0,0,5,8,0.875,0,Escherichia coli
GCA_021648785.1,0,0,0,0,1,0,3,0,4,0,1,7,14,0.6428571428571429,0,Klebsiella pneumoniae
GCA_026222935.1,1,1,0,1,1,0,5,0,3,0,1,4,11,0.36363636363636365,1,Klebsiella pneumoniae
GCA_006151945.1,1,1,0,1,1,0,3,0,7,0,1,6,14,0.5714285714285714,1,Klebsiella quasipneumoniae
GCA_041221755.1,1,0,1,1,0,0,1,0,1,0,0,5,7,1.0,1,Klebsiella pneumoniae
GCA_023060035.1,1,0,1,1,0,0,1,0,0,0,0,1,1,1.0,1,Serratia marcescens
GCA_052036585.1,0,0,0,0,0,0,0,0,0,0,0,0,0,0.0,0,Klebsiella pneumoniae
GCA_023572785.1,1,0,1,1,1,0,3,0,2,0,0,5,10,0.8,1,Escherichia coli
GCA_003326435.1,1,0,1,1,1,0,4,0,4,0,0,6,15,0.4666666666666667,1,Klebsiella pneumoniae
GCA_024650505.1,0,0,0,0,0,0,1,0,1,0,0,3,3,0.3333333333333333,0,Klebsiella pneumoniae
GCA_054068395.1,1,0,1,1,1,0,3,0,3,0,1,6,12,0.5,1,Klebsiella pneumoniae
GCA_016055655.1,1,1,0,1,0,0,2,0,4,0,1,5,9,0.4444444444444444,0,Klebsiella pneumoniae
GCA_016990795.1,0,0,0,0,0,0,1,0,3,0,0,4,6,0.3333333333333333,0,Escherichia coli
GCA_052216425.1,1,1,0,1,1,0,3,0,3,0,1,7,13,0.6923076923076923,1,Klebsiella pneumoniae
GCA_042607645.1,1,1,1,2,1,0,5,0,6,0,1,9,22,0.6818181818181818,1,Klebsiella pneumoniae
GCA_052545275.1,1,1,1,2,0,0,2,1,5,0,0,6,13,0.5384615384615384,1,Acinetobacter baumannii
GCA_029079745.1,1,0,1,1,1,0,4,0,2,0,0,5,11,0.6363636363636364,1,Klebsiella pneumoniae
GCA_015537415.1,1,0,1,1,0,0,1,0,1,0,0,2,2,0.0,0,Acinetobacter baumannii
GCA_028440325.1,1,0,1,1,0,0,1,0,3,0,0,3,5,0.0,0,Acinetobacter baumannii
GCA_022023535.1,1,0,1,1,0,0,2,0,2,0,0,5,7,1.0,1,Klebsiella pneumoniae
GCA_042939275.1,1,0,1,1,0,0,2,0,3,0,0,5,8,0.5,1,Acinetobacter baumannii
GCA_052049495.1,1,1,1,2,1,0,5,0,5,0,0,7,18,0.6666666666666666,1,Klebsiella pneumoniae
GCA_021021015.1,1,0,1,1,1,0,3,1,5,0,0,6,16,0.625,1,Klebsiella pneumoniae
GCA_022210205.1,1,0,1,1,1,0,5,0,2,0,1,3,8,0.875,1,Klebsiella pneumoniae
GCA_011037515.1,1,0,1,1,0,0,3,0,2,0,0,5,8,0.75,1,Klebsiella pneumoniae
GCA_009898185.1,1,1,1,2,1,0,5,0,2,0,1,4,9,0.8888888888888888,1,Klebsiella pneumoniae
GCA_014451255.1,1,0,1,1,1,0,4,0,3,0,0,5,12,0.6666666666666666,1,Klebsiella pneumoniae
GCA_053613595.1,1,0,1,1,1,0,3,1,5,0,0,6,16,0.5,1,Klebsiella pneumoniae
GCA_007644335.1,0,0,0,0,0,0,1,0,0,0,1,3,3,1.0,0,Escherichia coli
GCA_007647455.1,0,0,0,0,0,0,0,0,0,0,0,0,0,0.0,0,Escherichia coli
GCA_022694095.1,0,0,0,0,0,0,0,0,0,0,0,0,0,0.0,0,Escherichia coli
GCA_022210405.1,1,0,1,1,0,0,3,0,2,0,0,4,7,0.8571428571428571,1,Klebsiella pneumoniae
GCA_024650155.1,0,0,0,0,1,0,2,1,4,0,0,6,13,0.6153846153846154,0,Klebsiella pneumoniae
GCA_014451175.1,1,0,1,1,1,0,4,0,5,0,1,7,16,0.5,1,Klebsiella pneumoniae
GCA_014500865.1,0,0,0,0,1,0,2,0,3,0,1,5,8,0.875,0,Klebsiella pneumoniae
GCA_051169375.1,1,0,1,1,0,0,1,1,5,0,0,6,12,0.5833333333333334,0,Acinetobacter baumannii
GCA_022210805.1,1,0,1,1,0,0,1,0,0,0,0,2,2,1.0,1,Klebsiella pneumoniae
GCA_009829535.1,1,0,1,1,0,0,2,0,3,0,0,5,9,0.6666666666666666,1,Acinetobacter baumannii
GCA_040223795.1,1,0,1,1,0,0,1,0,3,0,0,3,5,0.0,0,Acinetobacter baumannii
GCA_026223775.1,1,1,0,1,1,0,4,0,2,0,1,4,8,0.875,1,Klebsiella pneumoniae
GCA_002099165.1,1,0,1,1,1,0,4,0,4,1,1,6,12,1.0,1,Klebsiella pneumoniae
GCA_021020855.1,1,0,1,1,1,0,3,1,5,0,0,6,16,0.625,1,Klebsiella pneumoniae
GCA_028440365.1,1,0,1,1,0,0,1,0,0,0,0,1,1,0.0,0,Acinetobacter baumannii
GCA_048976455.1,0,0,0,0,0,0,0,0,0,0,0,0,0,0.0,0,Serratia marcescens
GCA_022758865.1,0,0,0,0,0,0,0,0,0,0,1,1,1,1.0,0,Escherichia coli
GCA_016054825.1,1,0,1,1,0,0,3,0,1,0,1,3,5,0.2,1,Klebsiella pneumoniae
GCA_029477905.1,1,0,1,1,0,0,2,0,4,0,0,6,11,0.36363636363636365,0,Acinetobacter baumannii
GCA_022170325.1,1,0,1,1,0,0,2,0,2,0,1,8,12,0.6666666666666666,1,Klebsiella aerogenes
GCA_023060535.1,0,0,0,0,0,0,0,0,0,1,0,1,1,1.0,0,Enterobacter cloacae
GCA_022209545.1,1,0,1,1,1,0,4,0,2,0,0,4,8,0.625,1,Klebsiella pneumoniae
GCA_016991835.1,0,0,0,0,1,0,2,0,2,0,0,6,8,0.625,0,Escherichia coli
GCA_003326395.1,1,0,1,1,1,0,3,0,3,0,0,6,11,0.5454545454545454,1,Klebsiella pneumoniae
GCA_052049455.1,0,0,0,0,1,0,1,0,3,0,1,6,10,1.0,0,Klebsiella pneumoniae
GCA_051170045.1,1,0,1,1,0,0,1,1,5,0,0,6,12,0.8333333333333334,0,Acinetobacter baumannii
GCA_054066715.1,1,0,1,1,0,0,1,0,0,0,0,2,2,1.0,1,Klebsiella pneumoniae
GCA_009901805.1,0,0,0,0,0,0,1,0,5,1,1,7,13,0.7692307692307693,0,Escherichia coli
GCA_023893895.1,1,0,1,1,0,0,2,0,0,0,1,2,4,0.75,1,Enterobacter hormaechei
GCA_007648905.1,0,0,0,0,0,0,0,0,0,0,0,0,0,0.0,0,Escherichia coli
GCA_052492535.1,1,1,1,2,0,0,2,1,3,0,0,5,10,0.6,1,Acinetobacter baumannii
GCA_022320865.1,1,0,1,1,1,0,4,0,2,0,0,5,10,0.5,1,Klebsiella pneumoniae
GCA_022209885.1,1,0,1,1,0,0,2,0,2,0,0,4,6,1.0,1,Klebsiella pneumoniae
GCA_022758595.1,0,0,0,0,0,0,0,0,0,0,0,0,0,0.0,0,Escherichia coli
GCA_036662835.1,0,0,0,0,1,0,3,0,4,0,1,5,10,1.0,0,Klebsiella pneumoniae
GCA_028440705.1,1,0,1,1,0,0,2,0,3,0,0,5,8,0.5,1,Acinetobacter baumannii
GCA_018423805.1,1,0,1,1,1,0,4,0,2,0,0,5,9,0.6666666666666666,1,Klebsiella pneumoniae
GCA_022210365.1,1,0,1,1,0,0,3,0,2,0,0,4,7,1.0,1,Klebsiella pneumoniae
GCA_035968235.1,1,1,1,2,1,0,4,0,3,0,1,4,9,0.5555555555555556,1,Klebsiella pneumoniae
GCA_018156725.1,1,0,1,1,0,0,1,0,3,0,0,5,8,0.625,0,Acinetobacter baumannii
GCA_029078885.1,1,0,1,1,1,0,3,0,3,0,1,6,12,0.5,1,Klebsiella pneumoniae
GCA_022321135.1,1,0,1,1,1,0,4,0,2,0,0,4,8,0.625,1,Klebsiella pneumoniae
GCA_054832185.1,0,0,0,0,1,0,1,0,1,0,0,6,8,0.875,0,Escherichia coli
GCA_054069775.1,1,0,1,1,0,0,1,0,1,0,0,4,6,0.8333333333333334,1,Klebsiella pneumoniae
GCA_052388975.1,0,0,0,0,1,0,3,0,4,0,0,4,9,1.0,0,Klebsiella quasipneumoniae
GCA_029075925.1,1,0,1,1,1,0,3,0,3,0,0,6,11,0.45454545454545453,1,Klebsiella pneumoniae
GCA_049102505.1,1,0,1,1,1,0,3,0,0,0,0,1,3,0.6666666666666666,1,Klebsiella pneumoniae
GCA_029076365.1,1,0,1,1,1,0,2,0,1,0,0,4,5,0.4,1,Klebsiella pneumoniae
GCA_054832205.1,0,0,0,0,1,1,3,0,2,0,0,6,10,0.6,0,Escherichia coli
GCA_030550975.1,1,0,1,1,0,0,1,1,5,0,0,6,12,0.5833333333333334,0,Acinetobacter baumannii
GCA_020615675.1,1,0,1,1,1,0,2,0,1,0,1,4,5,0.8,1,Klebsiella pneumoniae
GCA_023572255.1,1,0,1,2,0,0,2,0,2,0,0,5,8,0.5,1,Acinetobacter baumannii
GCA_054048905.1,1,0,1,1,1,0,4,0,4,0,1,6,13,0.6923076923076923,1,Klebsiella pneumoniae
GCA_018021315.1,0,0,0,0,1,0,1,0,6,0,1,5,10,0.5,0,Escherichia coli
GCA_052492635.1,1,1,1,2,0,0,2,1,3,0,0,5,10,0.6,1,Acinetobacter baumannii
GCA_028440075.1,1,0,1,1,0,0,2,0,3,0,0,6,10,1.0,1,Acinetobacter baumannii
GCA_041222165.1,0,0,0,0,0,0,3,0,3,0,0,5,10,1.0,0,Klebsiella pneumoniae
GCA_042875785.1,1,0,1,1,0,0,1,0,0,0,0,1,1,1.0,1,Proteus mirabilis
GCA_036281845.1,1,1,0,1,1,0,4,0,3,0,1,4,9,0.8888888888888888,1,Klebsiella aerogenes
GCA_006514375.1,0,0,0,0,0,0,0,0,0,0,0,0,0,0.0,0,Escherichia coli
GCF_001649835.1,1,0,1,1,0,0,2,0,2,0,0,4,6,0.16666666666666666,0,Acinetobacter baumannii
GCA_016991495.1,0,0,0,0,1,0,2,0,1,0,0,6,8,0.875,0,Escherichia coli
GCA_018423825.1,1,0,1,1,1,0,4,0,3,0,0,4,10,0.5,1,Klebsiella pneumoniae
GCA_004359905.1,1,0,1,1,0,0,2,0,3,0,0,5,9,0.6666666666666666,1,Acinetobacter baumannii
GCA_051170325.1,1,0,1,1,0,0,1,1,5,0,0,6,12,0.6666666666666666,1,Acinetobacter baumannii
GCA_002300785.1,1,0,1,1,1,0,4,0,3,0,0,2,7,0.5714285714285714,1,Klebsiella pneumoniae
GCA_022209425.1,1,0,1,1,1,0,4,0,2,0,0,4,8,0.625,1,Klebsiella pneumoniae
GCA_043848795.1,0,0,0,0,1,0,1,0,1,0,0,5,6,0.5,0,Klebsiella pneumoniae
GCF_001907935.1,0,0,0,0,0,0,2,0,3,1,0,7,13,0.8461538461538461,0,Escherichia coli
GCA_011037335.1,1,0,1,1,1,0,3,0,3,0,0,5,10,0.6,1,Klebsiella pneumoniae
GCA_020589815.1,0,0,0,0,1,0,3,0,4,0,1,5,10,0.7,0,Klebsiella pneumoniae
GCA_007648005.1,0,0,0,0,0,0,0,0,0,0,0,0,0,0.0,0,Escherichia coli
GCA_042938265.1,1,0,1,1,0,0,2,0,5,0,0,7,14,0.5714285714285714,0,Acinetobacter baumannii
GCA_003204795.1,1,0,1,1,0,0,3,0,2,0,0,3,6,1.0,1,Serratia marcescens
GCA_054066795.1,1,0,1,1,0,0,3,0,2,0,1,6,10,0.8,1,Klebsiella pneumoniae
GCA_051169765.1,1,0,1,1,0,0,1,1,5,0,0,6,12,0.5833333333333334,0,Acinetobacter baumannii
GCA_051170405.1,1,0,1,1,0,0,1,1,5,0,0,6,12,0.8333333333333334,0,Acinetobacter baumannii
GCA_040151215.1,1,1,1,2,0,0,2,0,2,0,0,5,9,0.7777777777777778,1,Acinetobacter baumannii
GCA_054067435.1,1,0,1,1,1,0,2,0,1,0,0,4,6,0.6666666666666666,1,Klebsiella pneumoniae
GCA_016992015.1,0,0,0,0,0,0,1,0,4,0,0,6,11,0.8181818181818182,0,Escherichia coli
GCA_029079805.1,1,0,1,1,0,0,2,0,1,0,0,3,4,1.0,1,Klebsiella pneumoniae
GCA_018223905.1,0,0,0,0,1,0,3,0,2,0,0,3,6,0.5,0,Klebsiella sp.
GCA_029080065.1,1,0,1,1,1,0,4,0,3,0,1,7,14,0.7142857142857143,1,Klebsiella pneumoniae
GCA_054066955.1,1,0,1,1,1,0,2,0,1,0,0,4,5,0.4,1,Klebsiella pneumoniae
GCA_042607815.1,1,1,0,1,1,0,4,0,5,0,0,8,18,1.0,1,Klebsiella pneumoniae
GCA_011038215.1,1,0,1,1,1,0,4,0,3,0,0,4,10,0.4,1,Klebsiella pneumoniae
GCA_022210765.1,1,0,1,1,1,0,3,0,2,0,0,4,7,0.5714285714285714,1,Klebsiella pneumoniae
GCA_052048795.1,1,0,1,1,1,0,4,0,5,0,0,5,16,0.75,1,Klebsiella pneumoniae
GCA_016485265.1,1,0,1,1,0,0,1,0,4,0,0,3,6,0.5,0,Acinetobacter baumannii
GCA_015536935.1,1,0,1,1,0,0,2,0,3,0,0,6,10,0.4,1,Acinetobacter baumannii
GCA_024651025.1,0,0,0,0,0,0,0,0,1,0,0,2,3,0.6666666666666666,0,Klebsiella pneumoniae
GCA_015537175.1,1,0,1,1,0,0,2,0,4,0,0,6,11,0.8181818181818182,1,Acinetobacter baumannii
GCA_022170345.1,1,0,1,1,1,0,4,0,3,0,1,6,11,0.6363636363636364,1,Klebsiella aerogenes
GCA_008180245.1,0,0,0,0,0,0,0,0,0,0,0,0,0,0.0,0,Escherichia coli
GCA_029078855.1,1,0,1,1,1,0,3,1,5,0,0,6,16,0.6875,1,Klebsiella pneumoniae
GCA_016881445.1,1,0,1,1,0,0,1,0,1,0,0,5,6,0.8333333333333334,1,Klebsiella pneumoniae
GCA_042607605.1,1,1,1,2,1,0,5,0,6,0,1,9,22,1.0,1,Klebsiella pneumoniae
GCA_017566015.1,1,0,1,1,0,0,2,0,3,0,0,8,12,0.6666666666666666,0,Klebsiella pneumoniae
GCA_016991715.1,0,0,0,0,1,0,1,0,2,0,0,6,9,0.4444444444444444,0,Escherichia coli
GCA_026223755.1,1,1,0,1,1,0,4,0,3,0,1,5,10,0.5,0,Klebsiella pneumoniae
GCA_029079895.1,1,0,1,1,1,0,4,0,2,0,0,4,8,0.875,1,Klebsiella pneumoniae
GCA_015537165.1,1,0,1,1,0,0,1,0,3,0,0,5,8,0.625,0,Acinetobacter baumannii
GCA_022210005.1,1,0,1,1,0,0,3,0,2,0,0,4,7,1.0,1,Klebsiella pneumoniae
GCA_009932305.1,0,0,0,0,1,0,1,0,3,1,0,7,9,0.4444444444444444,0,Escherichia coli
GCA_004118895.1,0,0,0,0,0,1,2,0,0,0,0,1,2,0.0,0,Escherichia coli
GCA_029076065.1,1,0,1,1,1,0,4,1,3,0,0,5,15,0.6,1,Klebsiella pneumoniae
GCA_007646555.1,0,0,0,0,0,0,1,0,0,0,0,2,2,1.0,0,Escherichia coli
GCA_031630255.1,1,1,0,1,0,0,4,0,6,0,1,7,20,0.95,1,Serratia marcescens
GCA_052048935.1,1,0,1,1,0,0,3,1,5,0,0,5,14,0.9285714285714286,1,Klebsiella pneumoniae
GCA_019202075.1,0,0,0,0,1,1,5,0,3,0,1,7,14,0.5,0,Escherichia coli
GCA_041222155.1,1,0,1,1,0,0,3,0,3,0,0,5,10,1.0,1,Klebsiella pneumoniae
GCA_019201955.1,0,0,0,0,0,0,0,0,0,0,0,0,0,0.0,0,Escherichia coli
GCA_022209765.1,1,1,0,1,1,0,6,0,6,0,1,5,15,0.6,1,Klebsiella pneumoniae
GCA_052183875.1,0,0,0,0,1,0,2,0,2,0,1,6,8,0.875,0,Escherichia coli
GCA_022304455.1,1,0,1,1,1,0,3,0,4,0,0,4,9,0.6666666666666666,1,Klebsiella pneumoniae
GCA_016881535.1,1,0,1,1,1,0,4,0,6,0,0,7,17,1.0,1,Klebsiella pneumoniae
GCA_015538135.1,1,0,1,1,0,0,1,0,1,0,0,3,3,0.3333333333333333,0,Acinetobacter baumannii
GCA_052183255.1,0,0,0,0,1,0,2,0,2,0,1,5,7,1.0,0,Escherichia coli
GCA_051842245.1,1,0,1,1,0,0,1,1,5,0,0,6,12,0.5833333333333334,0,Acinetobacter baumannii
GCA_015538255.1,1,0,1,1,0,0,2,0,4,0,0,5,10,0.8,0,Acinetobacter baumannii
GCA_026223555.1,1,1,0,1,1,0,5,0,5,0,1,5,13,0.6153846153846154,1,Klebsiella pneumoniae
GCA_052049075.1,1,0,1,1,1,0,3,1,5,0,0,6,16,0.625,1,Klebsiella pneumoniae
GCA_029078755.1,1,0,1,1,0,0,2,0,2,0,0,3,5,0.4,1,Klebsiella pneumoniae
GCA_040148955.1,0,0,0,0,0,0,0,0,0,0,0,0,0,0.0,0,Escherichia coli
GCA_011037315.1,1,0,1,1,0,0,2,0,2,0,0,4,7,0.5714285714285714,1,Klebsiella pneumoniae
GCA_037890765.1,1,0,1,1,0,1,3,0,0,0,0,1,3,0.6666666666666666,1,Escherichia coli
GCA_029083905.1,1,0,1,1,0,0,1,0,0,0,0,1,1,1.0,1,Citrobacter koseri
GCA_022694125.1,0,0,0,0,0,0,0,0,0,0,0,0,0,0.0,0,Escherichia coli
GCA_007648135.1,0,0,0,0,0,0,0,0,0,0,0,0,0,0.0,0,Escherichia coli
GCA_026223735.1,1,1,1,2,1,0,5,0,4,0,1,7,17,0.35294117647058826,1,Klebsiella pneumoniae
GCA_028439905.1,1,0,1,1,0,0,2,0,3,0,0,6,10,0.6,1,Acinetobacter baumannii
GCA_002461645.1,0,0,0,0,0,0,0,0,2,0,0,2,3,1.0,0,Escherichia coli
GCA_019202015.1,0,0,0,0,1,1,3,0,5,0,0,7,16,0.75,0,Escherichia coli
GCA_021021135.1,1,0,1,1,1,0,3,1,5,0,0,6,16,0.625,1,Klebsiella pneumoniae
GCA_019202555.1,1,1,0,1,0,0,3,0,4,0,0,6,14,0.9285714285714286,1,Escherichia coli
GCA_054832245.1,0,0,0,0,1,0,2,0,5,0,1,7,15,0.8,0,Escherichia coli
GCA_031630395.1,1,1,0,1,1,0,4,0,5,0,1,7,19,0.5263157894736842,0,Escherichia coli
GCA_052184635.1,0,0,0,0,1,1,2,0,3,0,0,6,11,0.8181818181818182,0,Escherichia coli
GCA_022210945.1,1,0,1,1,0,0,3,0,2,0,0,4,7,1.0,1,Klebsiella pneumoniae
GCA_052388635.1,0,0,0,0,0,0,0,0,0,0,0,0,0,0.0,0,Klebsiella pneumoniae
GCA_002469015.1,0,0,0,0,0,0,1,0,2,0,0,3,4,1.0,0,Escherichia coli
GCA_003651355.1,0,0,0,0,0,0,0,0,0,0,0,0,0,0.0,0,Escherichia coli
GCA_023061015.1,1,0,1,1,1,0,3,1,4,0,0,6,14,0.7142857142857143,1,Klebsiella pneumoniae
GCA_016485145.1,1,0,1,1,0,0,2,0,5,0,0,5,11,0.45454545454545453,1,Acinetobacter baumannii
GCA_028440295.1,1,0,1,1,0,0,2,0,4,0,0,6,11,0.8181818181818182,0,Acinetobacter baumannii
GCA_029076085.1,1,0,1,1,0,0,3,0,1,0,1,3,5,0.2,1,Klebsiella pneumoniae
GCA_004116595.1,0,0,0,0,0,0,1,0,3,0,0,6,9,0.0,0,Escherichia coli
GCA_016991455.1,0,0,0,0,1,0,2,0,1,0,1,4,5,0.6,0,Escherichia coli
GCA_048970255.1,0,0,0,0,0,0,0,0,0,0,0,0,0,0.0,0,Klebsiella pneumoniae
GCA_014451215.1,1,0,1,1,1,0,4,0,3,0,1,6,13,0.6923076923076923,1,Klebsiella pneumoniae
GCA_018423905.1,1,0,1,1,1,0,3,0,2,0,0,6,10,0.5,1,Klebsiella pneumoniae
GCA_029079775.1,1,0,1,1,1,0,3,0,3,0,0,3,8,0.375,1,Klebsiella pneumoniae
GCA_052388615.1,0,0,0,0,0,0,0,0,0,0,0,0,0,0.0,0,Klebsiella pneumoniae
GCA_011038155.1,1,0,1,1,1,0,4,0,3,0,0,4,10,0.4,1,Klebsiella pneumoniae
GCA_016056145.1,1,0,1,1,0,0,2,0,3,0,0,5,8,0.875,0,Acinetobacter baumannii
GCA_022321445.1,1,0,1,1,1,0,4,0,2,0,0,5,10,0.5,1,Klebsiella pneumoniae
GCA_011037945.1,1,0,1,1,1,0,3,1,5,0,0,6,16,0.625,0,Klebsiella pneumoniae
GCA_012274355.1,0,0,0,0,0,0,0,0,0,0,0,0,0,0.0,0,Klebsiella variicola
GCA_022022975.1,1,0,1,1,1,0,3,0,4,0,0,4,9,0.4444444444444444,1,Klebsiella pneumoniae
GCA_031630375.1,1,1,0,1,0,0,2,0,3,0,0,7,11,0.5454545454545454,0,Morganella morganii
GCA_011037535.1,1,0,1,1,1,0,4,0,5,0,0,6,15,0.8,1,Klebsiella pneumoniae
GCA_031630355.1,1,1,0,1,0,0,1,0,1,0,1,4,4,0.0,0,Proteus vulgaris
GCA_016484955.1,1,0,1,1,0,0,2,0,4,0,0,6,11,0.8181818181818182,1,Acinetobacter baumannii
GCA_043848815.1,1,0,1,1,1,0,4,0,2,0,0,5,10,0.9,1,Klebsiella pneumoniae
GCA_051170525.1,1,0,1,1,0,0,1,1,5,0,0,6,12,0.5833333333333334,0,Acinetobacter baumannii
GCA_011037295.1,1,0,1,1,1,0,4,0,3,0,0,5,12,0.5,1,Klebsiella pneumoniae
GCA_003204755.1,1,0,1,1,0,0,1,0,3,0,0,6,8,0.375,1,Serratia marcescens
GCA_900322615.1,0,0,0,0,1,0,3,0,2,0,0,3,6,1.0,0,Klebsiella pneumoniae
GCA_002104215.1,1,0,1,1,1,0,4,0,3,0,0,5,10,0.4,1,Klebsiella pneumoniae
GCA_026223095.1,1,1,0,1,1,0,2,0,1,0,1,3,4,1.0,1,Klebsiella pneumoniae
GCA_021206795.1,1,0,1,1,1,0,2,0,1,0,0,5,7,0.7142857142857143,1,Klebsiella pneumoniae
GCA_051170705.1,1,0,1,1,0,0,1,1,5,0,0,6,12,0.5833333333333334,0,Acinetobacter baumannii
GCA_054066455.1,1,0,1,1,1,0,4,0,2,0,0,5,10,0.8,1,Klebsiella pneumoniae
GCA_022209665.1,1,1,0,1,1,0,6,0,3,0,1,4,11,0.8181818181818182,1,Klebsiella pneumoniae
GCA_026222955.1,1,1,0,1,1,0,3,0,4,0,1,6,13,0.23076923076923078,1,Klebsiella pneumoniae
GCA_015666515.1,1,0,1,1,0,0,1,0,3,0,0,4,7,0.7142857142857143,1,Acinetobacter baumannii
GCA_007648805.1,0,0,0,0,0,0,0,0,0,0,0,0,0,0.0,0,Escherichia coli
GCA_054048845.1,1,0,1,1,1,0,4,0,4,0,1,6,14,0.6428571428571429,1,Klebsiella pneumoniae
GCA_051170425.1,1,0,1,1,0,0,1,1,5,0,0,6,12,0.5833333333333334,0,Acinetobacter baumannii
GCA_005217765.1,1,0,1,1,1,0,4,0,5,0,1,5,12,0.5833333333333334,1,Klebsiella variicola
GCA_019249915.1,0,0,0,0,1,1,3,0,4,0,0,7,15,0.6666666666666666,0,Escherichia coli
GCA_016055215.1,1,0,1,1,0,0,1,0,0,0,0,1,1,1.0,1,Klebsiella pneumoniae
GCA_015537755.1,1,0,1,1,0,0,1,0,2,0,0,3,4,0.0,0,Acinetobacter baumannii
GCA_015537085.1,1,0,1,1,0,0,1,0,3,0,0,4,7,0.7142857142857143,0,Acinetobacter baumannii
GCA_051170025.1,1,0,1,1,0,0,1,1,5,0,0,6,12,0.5833333333333334,0,Acinetobacter baumannii
GCA_019201935.1,0,0,0,0,0,0,0,0,0,0,0,0,0,0.0,0,Escherichia coli
GCA_052183145.1,0,0,0,0,1,0,1,0,4,0,0,6,11,0.5454545454545454,0,Escherichia coli
GCA_016055295.1,1,1,0,1,1,0,2,1,1,0,1,4,6,0.5,0,Klebsiella pneumoniae
GCA_015538325.1,1,0,1,1,0,0,2,0,4,0,0,6,11,0.9090909090909091,1,Acinetobacter baumannii
GCA_012274365.1,0,0,0,0,0,0,0,0,0,0,0,0,0,0.0,0,Klebsiella variicola
GCA_021020815.1,1,0,1,1,1,0,3,1,5,0,0,6,17,0.7058823529411765,1,Klebsiella pneumoniae
GCA_016074895.1,1,1,0,1,0,0,2,0,1,0,0,3,4,1.0,1,Citrobacter freundii
GCA_029079565.1,1,0,1,1,1,0,3,1,3,0,0,6,15,0.6666666666666666,1,Klebsiella pneumoniae
GCA_007648855.1,0,0,0,0,0,0,0,0,0,0,0,0,0,0.0,0,Escherichia coli
GCA_007648925.1,0,0,0,0,0,0,0,0,0,0,0,0,0,0.0,0,Escherichia coli
GCA_026222835.1,1,1,0,1,1,0,6,0,2,0,1,7,15,0.5333333333333333,1,Klebsiella pneumoniae
GCA_007647855.1,0,0,0,0,0,0,0,0,0,0,0,0,0,0.0,0,Escherichia coli
GCA_015666535.1,1,0,1,1,0,0,2,0,4,0,0,4,8,0.25,0,Acinetobacter baumannii
GCA_023060285.1,1,0,1,1,1,0,3,0,6,0,1,9,18,0.5,1,Enterobacter hormaechei
GCA_054069295.1,0,0,0,0,1,0,1,0,2,0,0,3,4,0.75,0,Klebsiella pneumoniae
GCA_021736165.1,0,0,0,0,0,0,1,0,3,0,0,6,10,1.0,0,Escherichia coli
GCA_031630695.1,1,1,0,1,1,0,5,0,7,0,1,8,23,0.5652173913043478,1,Citrobacter freundii
GCA_007646745.1,0,0,0,0,0,0,0,0,0,0,0,0,0,0.0,0,Escherichia coli
GCA_029076245.1,1,0,1,1,1,0,3,0,3,0,0,5,10,0.4,1,Klebsiella pneumoniae
GCA_007647225.1,0,0,0,0,0,0,0,0,0,0,0,1,1,1.0,0,Escherichia coli
GCA_900322605.1,1,0,1,1,0,0,2,0,0,0,1,4,7,0.8571428571428571,1,Klebsiella pneumoniae
GCA_052388775.1,0,0,0,0,1,0,2,0,2,0,1,5,7,1.0,0,Klebsiella pneumoniae
GCA_051170845.1,1,0,1,1,0,0,1,1,5,0,0,6,12,0.8333333333333334,0,Acinetobacter baumannii
GCA_002490265.1,0,0,0,0,1,0,3,0,2,0,0,5,8,0.75,0,Escherichia coli
GCA_012955925.1,1,0,1,1,1,0,2,0,1,0,0,2,3,0.6666666666666666,1,Klebsiella pneumoniae
GCA_016991055.1,0,0,0,0,1,1,3,0,3,0,0,5,10,0.8,0,Escherichia coli
GCA_028439875.1,1,0,1,1,0,0,2,0,4,0,0,5,10,0.7,1,Acinetobacter baumannii
GCA_009898245.1,1,0,1,1,0,0,1,0,0,0,0,2,3,0.6666666666666666,0,Acinetobacter baumannii
GCA_021020915.1,1,0,1,1,1,0,3,1,5,0,0,6,17,0.7058823529411765,1,Klebsiella pneumoniae
GCA_016055835.1,1,0,1,1,0,0,2,0,3,0,0,6,10,0.6,0,Acinetobacter baumannii
GCA_054069115.1,1,0,1,1,1,0,4,0,4,0,1,6,13,0.6153846153846154,1,Klebsiella pneumoniae
GCA_041901385.1,1,1,0,1,0,0,3,0,4,0,1,9,18,0.8888888888888888,1,Citrobacter freundii
GCA_000805715.1,1,1,0,1,0,0,2,0,5,0,1,8,20,0.6,0,Providencia rettgeri
GCA_012955905.1,1,0,1,1,1,0,4,0,3,0,1,7,13,0.6923076923076923,1,Klebsiella pneumoniae
GCA_012277115.1,1,0,1,1,0,0,2,0,4,0,0,4,8,0.625,0,Acinetobacter baumannii
GCA_021736035.1,0,0,0,0,0,0,1,0,2,0,0,6,9,1.0,0,Escherichia coli
GCA_052185135.1,0,0,0,0,1,0,2,0,2,0,0,6,8,1.0,0,Escherichia coli
GCA_041221935.1,0,0,0,0,1,0,3,1,4,0,0,6,15,1.0,0,Klebsiella pneumoniae
GCA_041890445.1,0,0,0,0,0,0,1,0,1,0,0,4,4,0.0,0,Escherichia coli
GCA_053347475.1,0,0,0,0,0,0,1,0,0,0,0,2,2,0.0,0,Escherichia coli
GCA_022694335.1,0,0,0,0,0,0,1,0,1,0,0,2,2,1.0,0,Escherichia coli
GCA_003789125.1,1,0,1,1,1,0,3,0,2,0,0,5,9,0.6666666666666666,1,Klebsiella pneumoniae
GCA_053613415.1,0,0,0,0,1,0,1,0,1,0,1,5,7,0.7142857142857143,0,Klebsiella pneumoniae
GCA_030550955.1,1,0,1,1,0,0,1,1,5,0,0,6,14,0.5714285714285714,0,Acinetobacter baumannii
GCA_021735995.1,0,0,0,0,0,0,1,0,3,0,0,6,10,1.0,0,Escherichia coli
GCA_024651125.1,1,0,1,1,1,0,4,0,3,0,1,7,13,0.5384615384615384,1,Klebsiella pneumoniae
GCA_002104705.1,1,0,1,1,1,0,3,0,3,0,0,5,10,0.4,1,Klebsiella pneumoniae
GCA_054048765.1,0,0,0,0,1,0,3,0,1,0,1,4,7,1.0,0,Klebsiella pneumoniae
GCA_021020935.1,1,0,1,1,1,0,3,1,5,0,0,6,17,0.7058823529411765,1,Klebsiella pneumoniae
GCA_004116875.1,0,0,0,0,0,0,1,0,2,0,0,3,4,0.0,0,Escherichia coli
GCA_028440225.1,1,0,1,1,0,0,2,0,4,0,0,5,9,0.8888888888888888,1,Acinetobacter baumannii
GCA_052184755.1,0,0,0,0,1,0,1,0,0,0,1,4,4,0.75,0,Escherichia coli
GCA_015666445.1,1,0,1,1,1,0,4,0,2,0,0,5,10,0.9,1,Klebsiella pneumoniae
GCA_012956605.1,0,0,0,0,1,0,2,1,5,0,0,6,15,0.5333333333333333,0,Klebsiella pneumoniae
GCA_049102525.1,1,0,1,1,1,0,4,0,3,0,1,7,13,0.7692307692307693,1,Klebsiella pneumoniae
GCF_001649895.1,1,0,1,1,0,0,2,0,4,0,0,4,8,0.75,0,Acinetobacter baumannii
GCA_054069855.1,1,0,1,1,0,0,2,0,3,0,0,6,11,0.7272727272727273,1,Klebsiella pneumoniae
GCA_049538175.1,1,0,1,1,1,0,5,0,7,0,0,6,18,0.6666666666666666,1,Klebsiella pneumoniae
GCA_052183325.1,0,0,0,0,1,0,2,0,2,1,1,8,11,0.7272727272727273,0,Escherichia coli
GCA_041221395.1,0,0,0,0,1,0,2,0,1,0,0,4,5,1.0,0,Klebsiella pneumoniae
GCA_016760465.1,0,0,0,0,0,0,1,0,3,1,0,5,7,1.0,0,Escherichia coli
GCA_029079165.1,1,0,1,1,1,0,4,0,4,0,1,6,13,0.6153846153846154,1,Klebsiella pneumoniae
GCA_031630275.1,1,1,0,1,1,0,4,0,6,0,1,7,16,0.5625,1,Raoultella ornithinolytica
GCA_018423705.1,1,0,1,1,1,0,3,0,3,0,0,6,11,0.5454545454545454,1,Klebsiella pneumoniae
GCA_002922935.1,1,0,1,1,0,0,1,0,0,0,0,1,1,1.0,1,Acinetobacter baumannii
GCA_022209865.1,1,0,1,1,0,0,2,0,2,0,0,3,5,1.0,1,Klebsiella pneumoniae
GCA_036575035.1,1,1,0,1,1,0,4,0,3,0,1,3,8,0.75,0,Klebsiella quasipneumoniae
GCA_022210225.1,1,0,1,1,1,0,3,0,2,0,0,4,7,0.7142857142857143,1,Klebsiella pneumoniae
GCA_051842205.1,1,0,1,1,0,0,1,0,3,0,0,5,8,0.375,0,Acinetobacter baumannii
GCA_023060255.1,1,1,0,1,1,0,3,0,3,0,1,5,9,0.3333333333333333,0,Klebsiella pneumoniae
GCA_007647205.1,0,0,0,0,0,0,0,0,0,0,0,0,0,0.0,0,Escherichia coli
GCA_024813735.1,0,0,0,0,1,0,3,0,3,0,1,6,10,0.6,0,Klebsiella pneumoniae
GCA_042607425.1,1,1,1,2,1,0,5,0,3,0,1,3,9,1.0,1,Klebsiella pneumoniae
GCA_022170505.1,1,0,1,1,1,0,4,0,3,0,1,6,11,0.6363636363636364,1,Klebsiella aerogenes
GCA_007858995.1,0,0,0,0,0,0,0,0,0,0,0,0,0,0.0,0,Escherichia coli
GCA_004116815.1,0,0,0,0,0,0,0,0,1,0,0,5,6,0.8333333333333334,0,Escherichia coli
GCA_007648815.1,0,0,0,0,0,0,0,0,0,0,0,0,0,0.0,0,Escherichia coli
GCA_022210725.1,1,0,1,1,0,0,2,0,2,0,0,5,9,0.7777777777777778,1,Klebsiella pneumoniae
GCA_013626195.1,0,0,0,0,1,0,3,0,3,0,1,8,14,0.7142857142857143,0,Klebsiella pneumoniae
GCA_003204765.1,0,0,0,0,1,0,2,0,2,0,0,4,6,0.5,0,Serratia marcescens
GCA_019202415.1,0,0,0,0,1,0,1,0,3,0,1,8,15,0.6666666666666666,0,Escherichia coli
GCA_007648375.1,0,0,0,0,0,0,0,0,0,0,0,0,0,0.0,0,Escherichia coli
GCA_029079005.1,1,0,1,1,1,0,4,0,4,0,1,6,13,0.5384615384615384,1,Klebsiella pneumoniae
GCA_003204725.1,0,0,0,0,0,0,0,0,2,0,0,5,6,0.3333333333333333,0,Serratia marcescens
GCA_051169445.1,1,0,1,1,0,0,1,1,5,0,0,6,12,0.8333333333333334,0,Acinetobacter baumannii
GCA_012276745.1,1,0,1,1,0,0,2,0,4,0,0,4,8,0.5,0,Acinetobacter baumannii
GCA_019201765.1,0,0,0,0,0,0,1,0,4,1,0,6,9,0.7777777777777778,0,Escherichia coli
GCA_007648915.1,0,0,0,0,0,0,0,0,0,0,0,0,0,0.0,0,Escherichia coli
GCA_007644325.1,0,0,0,0,0,0,1,0,0,0,0,2,2,1.0,0,Escherichia coli
GCA_042607805.1,1,1,1,2,1,0,5,0,4,0,0,4,11,1.0,1,Klebsiella pneumoniae
GCA_018423765.1,1,0,1,1,1,0,3,0,3,0,0,5,10,0.6,1,Klebsiella pneumoniae
GCA_031630515.1,1,1,0,1,1,0,4,0,3,0,1,3,8,0.875,1,Escherichia coli
GCA_051169745.1,1,0,1,1,0,0,1,1,5,0,0,6,12,0.5833333333333334,0,Acinetobacter baumannii
GCA_028440285.1,1,0,1,1,0,0,2,0,4,0,0,6,11,0.8181818181818182,0,Acinetobacter baumannii
GCA_009183705.1,0,0,0,0,1,0,1,0,3,0,0,4,6,1.0,0,Proteus mirabilis
GCA_036575145.1,1,1,0,1,0,0,1,0,1,0,0,3,3,1.0,1,Klebsiella pneumoniae
GCA_054068455.1,1,0,1,1,0,0,2,0,0,0,0,2,4,1.0,1,Klebsiella pneumoniae
GCA_007647565.1,0,0,0,0,0,0,0,0,0,0,0,0,0,0.0,0,Escherichia coli
GCA_024650245.1,0,0,0,0,0,0,1,0,2,0,0,5,6,0.8333333333333334,0,Klebsiella pneumoniae
GCA_023572385.1,1,0,1,1,1,0,4,0,2,0,0,5,10,1.0,1,Klebsiella pneumoniae
GCA_020589895.1,1,0,1,1,1,0,4,0,2,0,1,6,10,0.6,1,Klebsiella pneumoniae
GCA_052183935.1,0,0,0,0,1,0,2,0,4,0,0,6,12,0.9166666666666666,0,Escherichia coli
GCA_022321815.1,1,0,1,1,1,0,3,0,2,0,1,7,12,0.5833333333333334,1,Klebsiella pneumoniae
GCA_041026665.1,1,0,1,1,1,0,3,1,5,0,0,6,17,1.0,1,Klebsiella pneumoniae
GCA_052048815.1,1,0,1,1,1,0,3,0,3,0,1,7,12,0.5,1,Klebsiella pneumoniae
GCA_023572405.1,1,1,0,1,1,0,4,0,4,0,1,9,18,0.4444444444444444,1,Klebsiella oxytoca
GCA_029079685.1,1,0,1,1,1,0,3,1,5,0,0,6,16,0.5625,1,Klebsiella pneumoniae
GCA_023060595.1,0,0,0,0,0,0,0,0,0,0,0,0,0,0.0,0,Serratia marcescens
GCA_051169315.1,1,0,1,1,0,0,1,1,5,0,0,6,12,0.8333333333333334,0,Acinetobacter baumannii
GCA_023572545.1,1,0,1,1,0,0,2,1,4,0,0,7,12,0.9166666666666666,1,Providencia stuartii
GCA_019201865.1,0,0,0,0,0,0,1,0,2,0,0,6,8,0.625,0,Escherichia coli
GCA_022210825.1,1,0,1,1,0,0,3,0,2,0,0,4,7,1.0,1,Klebsiella pneumoniae
GCA_026223515.1,1,1,0,1,1,0,4,0,4,0,1,6,13,0.5384615384615384,0,Klebsiella pneumoniae
GCA_002250465.1,1,0,1,1,0,0,2,0,4,0,0,5,9,0.3333333333333333,0,Acinetobacter baumannii
GCA_028439955.1,0,0,0,0,0,0,0,0,1,0,0,1,1,0.0,0,Acinetobacter baumannii
GCA_054069025.1,1,0,1,1,1,0,3,0,4,0,0,6,14,0.7857142857142857,1,Klebsiella pneumoniae
GCA_052036485.1,1,0,1,1,1,0,3,0,3,0,0,5,9,0.3333333333333333,1,Klebsiella pneumoniae
GCF_000988155.1,1,0,1,1,0,0,2,0,2,0,0,3,5,0.8,1,Acinetobacter baumannii
GCA_016054995.1,1,0,1,1,1,0,3,0,3,0,1,5,9,0.2222222222222222,1,Klebsiella pneumoniae
GCA_015537945.1,1,0,1,1,0,0,1,0,3,0,0,4,6,0.6666666666666666,0,Acinetobacter baumannii
GCA_024650655.1,0,0,0,0,0,0,0,0,1,0,0,3,4,0.75,0,Klebsiella pneumoniae
GCA_052049395.1,1,0,1,1,1,0,3,1,4,0,0,6,12,0.8333333333333334,1,Klebsiella pneumoniae
GCA_051169845.1,1,0,1,1,0,0,1,1,5,0,0,6,12,0.8333333333333334,0,Acinetobacter baumannii
GCA_011037685.1,1,0,1,1,1,0,6,1,4,0,1,6,16,0.5,0,Klebsiella pneumoniae
GCA_052184995.1,0,0,0,0,0,0,0,0,0,0,0,0,0,0.0,0,Escherichia coli
GCA_022694415.1,0,0,0,0,0,0,0,0,0,0,0,0,0,0.0,0,Escherichia coli
GCA_031921605.1,1,1,0,1,0,0,1,0,1,0,0,5,6,0.8333333333333334,1,Providencia stuartii
GCA_041387235.1,1,0,1,1,1,0,3,0,6,0,1,6,16,0.75,1,Klebsiella pneumoniae
GCA_026223205.1,1,1,0,1,1,0,3,0,2,0,1,4,7,0.8571428571428571,1,Klebsiella pneumoniae
GCA_031010935.1,1,0,1,1,1,0,4,0,4,0,1,5,11,0.5454545454545454,1,Klebsiella pneumoniae
GCA_016056125.1,1,0,1,1,0,0,1,0,3,0,0,3,5,0.0,0,Acinetobacter baumannii
GCA_029079365.1,1,0,1,1,1,0,2,0,1,0,0,5,7,0.5714285714285714,1,Klebsiella pneumoniae
GCA_022210105.1,1,0,1,1,1,0,4,0,2,0,0,4,8,0.625,1,Klebsiella pneumoniae
GCA_007648825.1,0,0,0,0,0,0,0,0,0,0,0,0,0,0.0,0,Escherichia coli
GCA_014145355.1,0,0,0,0,0,0,1,0,3,0,0,6,10,1.0,0,Escherichia coli
GCA_052492835.1,1,1,1,2,0,0,2,1,6,0,0,6,14,0.42857142857142855,1,Acinetobacter baumannii
GCA_022401485.1,0,0,0,0,0,0,0,0,0,0,0,0,0,0.0,0,Yersinia enterocolitica
GCA_031011045.1,1,0,1,1,1,0,3,0,3,0,0,5,9,0.3333333333333333,1,Klebsiella pneumoniae
GCA_015538055.1,1,0,1,1,0,0,1,0,4,0,0,3,6,0.0,0,Acinetobacter baumannii
GCA_016990955.1,0,0,0,0,1,0,1,0,1,0,0,6,7,0.8571428571428571,0,Escherichia coli
GCA_030550965.1,1,0,1,1,0,0,1,1,4,0,0,5,10,0.3,0,Acinetobacter baumannii
GCA_015666405.1,1,0,1,1,1,0,4,0,4,0,0,4,10,0.6,1,Klebsiella pneumoniae
GCA_011038455.1,1,0,1,1,1,0,4,0,3,0,0,4,10,0.4,1,Klebsiella pneumoniae
GCA_003204715.1,1,0,1,1,0,0,1,0,3,0,0,5,7,0.14285714285714285,1,Serratia marcescens
GCA_003325635.1,0,0,0,0,0,0,0,0,2,0,0,2,3,0.0,0,Acinetobacter baumannii
GCA_026223645.1,1,1,0,1,1,0,4,0,3,0,1,3,8,0.875,1,Klebsiella quasipneumoniae
GCA_023572305.1,1,0,1,1,0,0,1,0,2,0,0,5,7,0.0,0,Acinetobacter baumannii
GCA_011149675.1,0,0,0,0,1,0,1,0,3,0,0,4,6,0.0,0,Proteus mirabilis
GCA_011038015.1,1,0,1,1,1,0,3,1,5,0,0,6,15,0.6,1,Klebsiella pneumoniae
GCA_011038415.1,1,0,1,1,1,0,5,0,3,0,0,6,14,0.35714285714285715,0,Klebsiella pneumoniae
GCA_026222745.1,1,1,0,1,1,0,6,0,4,0,1,7,16,0.5625,1,Klebsiella pneumoniae
GCA_024652125.1,0,0,0,0,0,0,0,0,1,0,0,2,2,0.0,0,Klebsiella pneumoniae
GCA_019202445.1,0,0,0,0,1,1,2,0,3,0,0,6,11,0.9090909090909091,0,Escherichia coli
GCA_013085885.1,0,0,0,0,0,0,0,0,0,0,0,0,0,0.0,0,Citrobacter freundii
GCA_054067195.1,1,0,1,1,0,0,3,0,4,0,1,6,13,0.6153846153846154,1,Klebsiella pneumoniae
GCA_048976395.1,0,0,0,0,0,0,0,0,0,0,0,0,0,0.0,0,Serratia marcescens
GCA_019201705.1,1,1,0,1,0,0,3,0,4,0,0,7,16,1.0,1,Escherichia coli
GCA_014145345.1,0,0,0,0,0,0,1,0,3,0,0,6,10,1.0,0,Escherichia coli
GCA_011038425.1,1,0,1,1,1,0,4,0,3,0,0,4,10,0.4,1,Klebsiella pneumoniae
GCA_009754965.1,1,0,1,1,0,0,2,0,6,0,0,6,14,0.5,0,Acinetobacter baumannii
GCA_019830985.1,0,0,0,0,0,0,2,0,4,0,0,6,12,0.75,0,Escherichia coli
GCA_054551795.1,1,0,1,1,1,0,4,0,4,0,1,7,16,0.375,1,Enterobacter roggenkampii
GCA_016055235.1,1,0,1,1,1,0,4,0,2,0,0,5,10,1.0,1,Klebsiella pneumoniae
GCA_052183435.1,0,0,0,0,1,0,2,0,4,1,0,8,13,1.0,0,Escherichia coli
GCA_040493735.1,1,1,0,1,1,0,4,0,5,0,0,8,19,0.7894736842105263,1,Klebsiella pneumoniae
GCA_022023415.1,1,0,1,1,1,0,4,0,4,0,0,6,13,0.5384615384615384,1,Klebsiella pneumoniae
GCA_042607745.1,1,1,1,2,1,0,5,0,3,0,0,6,14,1.0,1,Klebsiella pneumoniae
GCA_022210045.1,1,0,1,1,1,0,4,0,3,0,0,5,12,0.5,1,Klebsiella pneumoniae
GCA_007646625.1,0,0,0,0,0,0,0,0,0,0,0,0,0,0.0,0,Escherichia coli
GCA_021021035.1,1,0,1,1,1,0,3,1,5,0,0,6,16,0.625,1,Klebsiella pneumoniae
GCA_007644225.1,0,0,0,0,0,0,1,0,0,0,0,2,2,1.0,0,Escherichia coli
GCA_900322645.1,1,0,1,1,1,0,2,0,3,0,0,3,6,0.6666666666666666,1,Klebsiella pneumoniae
GCA_003204985.1,1,0,1,1,0,0,1,0,3,0,0,6,8,0.375,1,Serratia marcescens
GCA_051169515.1,1,0,1,1,0,0,1,1,5,0,0,6,12,0.8333333333333334,0,Acinetobacter baumannii
GCA_052183815.1,0,0,0,0,1,0,2,0,4,0,0,4,8,0.375,0,Escherichia coli
GCA_016760455.1,0,0,0,0,0,0,1,0,3,1,0,5,7,1.0,0,Escherichia coli
GCA_036759715.2,1,1,1,2,1,0,5,0,4,0,1,7,19,0.7368421052631579,1,Klebsiella pneumoniae
GCA_007648385.1,0,0,0,0,0,0,0,0,0,0,0,0,0,0.0,0,Escherichia coli
GCA_022023515.1,1,0,1,1,1,0,4,0,4,0,1,5,11,0.6363636363636364,1,Klebsiella pneumoniae
GCA_031630455.1,1,1,0,1,0,1,2,0,1,0,0,4,6,0.8333333333333334,1,Escherichia coli
GCA_043848715.1,0,0,0,0,1,0,2,0,2,0,0,2,4,1.0,0,Escherichia coli
GCA_020589615.1,1,0,1,1,1,0,4,0,6,0,1,7,18,0.6666666666666666,1,Klebsiella pneumoniae
GCA_051170585.1,1,0,1,1,0,0,1,0,2,0,0,4,6,0.8333333333333334,0,Acinetobacter baumannii
GCA_019202375.1,0,0,0,0,1,1,4,0,5,0,0,6,15,0.6666666666666666,0,Escherichia coli
GCA_022023615.1,1,0,1,1,0,0,4,0,4,0,0,6,13,0.6923076923076923,1,Klebsiella pneumoniae
GCA_018423745.1,1,0,1,1,1,0,4,0,3,0,0,5,10,0.6,1,Klebsiella pneumoniae
GCA_007644155.1,0,0,0,0,0,0,0,0,0,0,0,0,0,0.0,0,Escherichia coli
GCA_026222865.1,0,0,0,0,0,0,0,0,0,0,0,0,0,0.0,0,Klebsiella pneumoniae
GCA_021021075.1,1,0,1,1,1,0,3,1,5,0,0,6,16,0.625,1,Klebsiella pneumoniae
GCA_016054925.1,0,0,0,0,1,0,1,0,1,0,0,6,7,0.8571428571428571,0,Acinetobacter baumannii
GCA_052184795.1,0,0,0,0,1,1,3,0,2,0,0,6,10,0.6,0,Escherichia coli
GCA_022758445.1,0,0,0,0,0,1,1,0,0,0,0,1,1,0.0,0,Escherichia coli
GCA_007647075.1,0,0,0,0,0,0,0,0,0,0,0,0,0,0.0,0,Escherichia coli
GCA_054832285.1,0,0,0,0,1,1,4,0,2,0,1,3,7,0.5714285714285714,0,Escherichia coli
GCA_015538345.1,1,0,1,1,0,0,1,0,1,0,0,3,4,0.5,0,Acinetobacter baumannii
GCA_023060195.1,1,1,1,2,1,0,5,0,6,0,1,8,23,0.34782608695652173,1,Enterobacter hormaechei
GCA_054066675.1,0,0,0,0,0,0,0,0,0,0,0,1,1,1.0,0,Klebsiella pneumoniae
GCA_024650825.1,0,0,0,0,1,0,5,0,3,0,0,6,14,0.6428571428571429,0,Klebsiella pneumoniae
GCA_030550895.1,1,0,1,1,0,0,1,1,4,0,0,6,11,0.6363636363636364,0,Acinetobacter baumannii
GCA_052183755.1,0,0,0,0,1,0,1,0,0,0,1,5,6,0.6666666666666666,0,Escherichia coli
GCA_042876055.1,0,0,0,0,0,0,0,0,0,0,0,0,0,0.0,0,Proteus mirabilis
GCA_026222995.1,1,1,0,1,0,0,2,0,4,0,1,6,11,0.8181818181818182,1,Klebsiella variicola
GCA_054066935.1,1,0,1,1,1,0,3,1,4,0,0,5,14,0.7857142857142857,1,Klebsiella pneumoniae
GCA_009829555.1,1,0,1,1,0,0,2,0,2,0,0,4,6,0.8333333333333334,0,Acinetobacter baumannii
GCA_008180225.1,0,0,0,0,0,0,1,0,0,0,1,4,4,1.0,0,Escherichia coli
GCA_054068025.1,1,0,1,1,1,0,3,0,3,0,1,7,12,0.5,1,Klebsiella pneumoniae
GCA_054477975.1,0,0,0,0,0,0,1,0,2,0,0,4,5,1.0,0,Escherichia coli
GCA_054612235.1,1,0,1,1,1,0,4,0,5,0,1,7,17,0.4117647058823529,1,Enterobacter roggenkampii
GCA_021020865.1,1,0,1,1,1,0,6,1,7,0,1,8,26,0.5384615384615384,0,Klebsiella pneumoniae
GCA_022023015.1,1,0,1,2,1,0,4,1,5,0,0,6,18,0.6111111111111112,0,Klebsiella pneumoniae
GCA_052388575.1,0,0,0,0,0,0,0,0,0,0,0,0,0,0.0,0,Klebsiella pneumoniae
GCA_017353385.1,0,0,0,0,0,0,0,0,0,0,0,0,0,0.0,0,Escherichia coli
GCA_015666415.1,1,0,1,1,1,0,4,0,2,0,0,5,10,0.9,1,Klebsiella pneumoniae
GCA_052115825.1,1,0,1,1,0,0,2,0,1,0,0,5,6,0.5,0,Acinetobacter baumannii
GCA_022758645.1,0,0,0,0,0,0,0,0,0,0,0,0,0,0.0,0,Escherichia coli
GCA_054067255.1,1,0,1,1,1,0,3,0,1,0,1,5,8,0.5,1,Klebsiella pneumoniae
GCA_015537575.1,1,0,1,1,0,0,1,0,4,0,0,3,7,0.0,0,Acinetobacter baumannii
GCA_029079525.1,1,0,1,1,1,0,3,0,1,0,0,4,7,0.5714285714285714,1,Klebsiella pneumoniae
GCA_022321075.1,1,0,1,1,1,0,4,0,2,0,0,5,10,0.7,1,Klebsiella pneumoniae
GCA_051169905.1,1,0,1,1,0,0,1,1,5,0,0,6,12,0.8333333333333334,0,Acinetobacter baumannii
GCA_051169715.1,1,0,1,1,0,0,1,1,5,0,0,6,12,0.8333333333333334,0,Acinetobacter baumannii
GCA_022758805.1,0,0,0,0,0,0,0,0,0,0,0,0,0,0.0,0,Escherichia coli
GCA_022758845.1,0,0,0,0,0,1,1,0,0,0,0,1,1,0.0,0,Escherichia coli
GCA_052048835.1,0,0,0,0,0,0,0,0,0,0,0,0,0,0.0,0,Klebsiella pneumoniae
GCA_011038115.1,1,0,1,1,1,0,3,1,5,0,0,6,16,0.5625,1,Klebsiella pneumoniae
GCA_007648125.1,0,0,0,0,0,0,0,0,0,0,0,0,0,0.0,0,Escherichia coli
GCA_052049215.1,0,0,0,0,1,0,1,0,3,0,1,6,10,1.0,0,Klebsiella pneumoniae
GCA_022401425.1,0,0,0,0,0,0,0,0,0,0,0,0,0,0.0,0,Yersinia enterocolitica
GCA_052185035.1,0,0,0,0,1,0,1,0,0,0,1,4,4,0.5,0,Escherichia coli
GCA_054068015.1,0,0,0,0,0,0,0,0,0,0,0,0,0,0.0,0,Klebsiella pneumoniae
GCA_054069715.1,0,0,0,0,0,0,1,1,3,0,0,5,8,0.875,0,Klebsiella pneumoniae
GCA_903932265.1,0,0,0,0,0,0,1,0,0,0,0,3,3,1.0,0,Escherichia coli
GCA_051170245.1,1,0,1,1,0,0,1,1,5,0,0,6,12,0.5833333333333334,0,Acinetobacter baumannii
GCA_001611725.1,0,0,0,0,0,0,1,0,3,0,0,8,11,1.0,0,Escherichia coli
GCA_022022875.1,1,0,1,1,1,0,4,1,5,0,0,6,17,0.47058823529411764,1,Klebsiella pneumoniae
GCA_052492595.1,1,1,1,2,0,0,2,1,6,0,0,6,14,0.5,1,Acinetobacter baumannii
GCA_027945645.1,1,0,1,1,1,0,3,0,3,0,0,6,11,0.45454545454545453,1,Klebsiella pneumoniae
GCA_052183615.1,0,0,0,0,1,0,1,0,0,0,1,2,3,0.3333333333333333,0,Escherichia coli
GCA_002895205.1,0,0,0,0,0,0,0,0,0,0,0,0,0,0.0,0,Escherichia albertii
GCA_016485185.1,1,0,1,1,0,0,2,0,4,0,0,6,11,0.8181818181818182,1,Acinetobacter baumannii
GCA_052184655.1,0,0,0,0,1,0,2,0,2,0,0,3,5,0.6,0,Escherichia coli
GCA_023060175.1,1,0,1,1,1,0,4,0,4,0,0,5,13,0.3076923076923077,0,Klebsiella pneumoniae
GCA_048970135.1,1,0,1,1,0,0,2,0,2,0,0,3,5,1.0,1,Klebsiella pneumoniae
GCA_024655315.1,1,0,1,1,0,0,2,0,4,0,1,7,13,0.5384615384615384,1,Enterobacter hormaechei
GCA_031150045.1,0,0,0,0,0,0,0,0,0,0,0,0,0,0.0,0,Klebsiella aerogenes
GCA_011037395.1,1,0,1,1,1,0,2,0,3,0,0,5,9,0.6666666666666666,1,Klebsiella pneumoniae
GCA_003321425.1,1,0,1,1,0,0,1,0,2,0,0,4,6,0.5,1,Klebsiella pneumoniae
GCA_052184225.1,0,0,0,0,1,0,2,0,3,0,1,6,10,0.8,0,Escherichia coli
GCA_006152055.1,1,1,0,1,1,0,4,0,3,0,1,3,8,0.875,1,Klebsiella pneumoniae
GCA_007648065.1,0,0,0,0,0,0,0,0,2,0,0,2,3,1.0,0,Escherichia coli
GCA_022321535.1,1,0,1,1,1,0,3,0,4,0,0,5,11,0.2727272727272727,1,Klebsiella pneumoniae
GCA_051169105.1,1,0,1,1,0,0,1,1,5,0,0,6,12,0.5833333333333334,0,Acinetobacter baumannii
GCA_052388735.1,0,0,0,0,1,0,2,0,2,0,1,5,7,1.0,0,Klebsiella pneumoniae
GCA_011037495.1,1,0,1,1,0,0,2,0,1,0,0,5,7,0.7142857142857143,1,Klebsiella pneumoniae
GCA_022209925.1,1,0,1,1,1,0,3,1,5,0,0,6,17,0.7647058823529411,1,Klebsiella pneumoniae
GCA_022321835.1,1,0,1,1,1,0,5,0,2,0,1,5,10,0.4,0,Klebsiella pneumoniae
GCA_003183865.1,0,0,0,0,1,0,1,0,5,1,0,7,11,0.8181818181818182,0,Escherichia coli
GCA_052183895.1,0,0,0,0,1,0,1,0,2,0,0,5,6,0.5,0,Escherichia coli
GCA_022023035.1,1,0,1,1,1,0,3,1,5,0,0,6,16,0.875,1,Klebsiella pneumoniae
GCA_021736125.1,0,0,0,0,0,0,1,0,2,0,1,8,10,1.0,0,Escherichia coli
GCA_043848855.1,1,0,1,1,1,0,2,0,1,0,0,5,7,0.5714285714285714,1,Klebsiella pneumoniae
GCA_016991255.1,0,0,0,0,1,1,3,0,2,0,0,6,10,0.6,0,Escherichia coli
GCA_024813555.1,1,0,1,1,1,0,3,1,1,0,1,8,14,0.6428571428571429,1,Klebsiella pneumoniae
GCA_003204865.1,1,0,1,1,0,0,1,0,2,0,0,4,5,1.0,1,Serratia marcescens
GCA_054068475.1,1,0,1,1,1,0,3,0,3,0,0,6,11,0.45454545454545453,1,Klebsiella pneumoniae
GCA_014894765.1,0,0,0,0,0,0,0,0,2,1,0,5,6,1.0,0,Escherichia coli
GCA_006517515.1,0,0,0,0,1,0,3,0,4,0,1,6,12,0.5833333333333334,0,Klebsiella pneumoniae
GCA_003020825.1,1,0,1,1,0,0,1,0,1,0,0,2,2,1.0,1,Klebsiella quasipneumoniae
GCA_052183835.1,0,0,0,0,1,0,2,0,1,0,0,5,6,0.6666666666666666,0,Escherichia coli
GCA_007647635.1,0,0,0,0,0,0,0,0,0,0,0,0,0,0.0,0,Escherichia coli
GCA_052943315.2,0,0,0,0,0,0,1,0,2,0,0,5,6,1.0,0,Escherichia coli
GCA_016991595.1,0,0,0,0,0,0,1,0,3,0,0,5,8,1.0,0,Escherichia coli
GCA_022209385.1,1,0,1,1,1,0,5,0,2,0,1,3,8,0.875,1,Klebsiella pneumoniae
GCA_026191975.1,1,1,0,1,1,0,3,0,2,0,0,4,7,0.7142857142857143,0,Klebsiella pneumoniae
GCA_003651285.1,0,0,0,0,0,0,0,0,0,0,0,0,0,0.0,0,Escherichia coli
GCA_006517605.1,0,0,0,0,0,0,0,0,0,0,0,0,0,0.0,0,Klebsiella aerogenes
GCA_000188875.2,0,0,0,0,0,0,1,0,0,0,0,1,1,1.0,0,Escherichia coli
