sample,n_beta_lactam_total,pct_esbl,pct_A_serino_carbapenemase,pct_BD_carbapenemase,pct_C_ampc,pct_nao_hidrolise,pct_beta_lactam_plasmidial,n_aminoglicosideo,gc_diff_plasmid_cromossomo
GCA_016991395.1,17,0.0,0.0,0.0,0.1764705882352941,0.8235294117647058,0.1764705882352941,0,-1.6299999999999957
GCA_047394525.1,18,0.2222222222222222,0.0,0.0555555555555555,0.0,0.6666666666666666,0.5555555555555556,5,-3.8400000000000034
GCA_016056105.1,17,0.1764705882352941,0.0588235294117647,0.0,0.0,0.7058823529411765,0.4705882352941176,2,-0.4599999999999937
GCA_003173295.1,16,0.0,0.0,0.0,0.0625,0.9375,0.125,0,-2.259999999999998
GCA_011037375.1,17,0.1764705882352941,0.0588235294117647,0.0,0.0,0.7058823529411765,0.2941176470588235,3,-0.519999999999996
GCA_003171695.1,4,0.5,0.0,0.0,0.0,0.5,0.25,5,5.550000000000004
GCA_015537995.1,8,0.125,0.0,0.25,0.125,0.5,0.0,5,-0.8099999999999952
GCA_015537765.1,7,0.0,0.0,0.2857142857142857,0.1428571428571428,0.5714285714285714,0.0,2,-0.3299999999999983
GCA_022321225.1,25,0.52,0.0,0.0,0.0,0.48,0.24,4,-0.3800000000000025
GCA_016055795.1,16,0.125,0.0,0.0625,0.0,0.75,0.125,6,-3.700000000000003
GCA_015538125.1,7,0.0,0.0,0.2857142857142857,0.1428571428571428,0.5714285714285714,0.0,4,-0.5499999999999972
GCA_019202555.1,19,0.0526315789473684,0.0,0.0526315789473684,0.0526315789473684,0.7894736842105263,0.1578947368421052,4,-1.8800000000000023
GCA_024650505.1,14,0.0714285714285714,0.0,0.0,0.0,0.8571428571428571,0.3571428571428571,1,0.4099999999999966
GCA_015537535.1,7,0.0,0.0,0.2857142857142857,0.1428571428571428,0.5714285714285714,0.0,2,0.2000000000000028
GCA_011149675.1,3,0.3333333333333333,0.0,0.0,0.0,0.6666666666666666,0.0,4,1.2099999999999935
GCA_028440045.1,7,0.1428571428571428,0.0,0.2857142857142857,0.1428571428571428,0.4285714285714285,0.1428571428571428,5,-0.0399999999999991
GCA_019202435.1,16,0.0,0.0,0.0625,0.0625,0.875,0.0625,4,-1.1499999999999986
GCA_022210405.1,22,0.1818181818181818,0.0909090909090909,0.0,0.0,0.6363636363636364,0.6363636363636364,4,-0.4400000000000048
GCA_054067475.1,17,0.1764705882352941,0.0588235294117647,0.0,0.0,0.7058823529411765,0.3529411764705882,2,-0.5500000000000043
GCA_054832165.1,18,0.0555555555555555,0.0,0.0,0.0555555555555555,0.8333333333333334,0.1111111111111111,3,-1.0599999999999952
GCA_009829535.1,8,0.125,0.0,0.25,0.125,0.5,0.25,4,-0.8200000000000003
GCA_016416045.1,7,0.0,0.0,0.2857142857142857,0.1428571428571428,0.5714285714285714,0.0,4,-0.6299999999999955
GCA_019201715.1,15,0.0,0.0,0.0,0.0666666666666666,0.9333333333333332,0.0,0,-0.1299999999999954
GCA_021568735.1,14,0.1428571428571428,0.0,0.0,0.0,0.8571428571428571,0.3571428571428571,0,-0.9399999999999976
GCA_022022995.1,20,0.3,0.1,0.0,0.0,0.6,0.3,13,-2.6899999999999977
GCA_054068275.1,16,0.1875,0.0625,0.0,0.0,0.75,0.375,6,-1.4299999999999995
GCA_002469015.1,18,0.1111111111111111,0.0,0.0,0.0555555555555555,0.8333333333333334,0.2222222222222222,2,-1.5499999999999972
GCA_013138485.1,17,0.2352941176470588,0.0,0.0,0.0,0.7058823529411765,0.3529411764705882,5,-1.990000000000002
GCF_001649975.1,6,0.0,0.0,0.1666666666666666,0.1666666666666666,0.6666666666666666,0.5,1,0.3599999999999994
GCA_020589895.1,16,0.1875,0.0625,0.0,0.0,0.75,0.3125,2,-0.6099999999999994
GCA_024651125.1,17,0.1764705882352941,0.0588235294117647,0.0,0.0,0.7058823529411765,0.3529411764705882,3,-1.0399999999999991
GCA_030262215.1,4,0.5,0.0,0.0,0.0,0.5,0.25,3,-1.7999999999999972
GCA_042607705.1,15,0.2666666666666666,0.0666666666666666,0.0666666666666666,0.0,0.6,0.3333333333333333,4,-5.910000000000004
GCA_024813835.1,17,0.1764705882352941,0.0588235294117647,0.0,0.0,0.7058823529411765,0.2352941176470588,3,-3.6599999999999966
GCA_018423645.1,18,0.1666666666666666,0.0555555555555555,0.0,0.0,0.6666666666666666,0.2777777777777778,5,-3.3599999999999994
GCA_029079225.1,17,0.1764705882352941,0.0588235294117647,0.0,0.0,0.7058823529411765,0.5294117647058824,4,-2.1300000000000026
GCA_022210625.1,22,0.2727272727272727,0.0909090909090909,0.0,0.0,0.6363636363636364,0.5454545454545454,4,-1.0799999999999983
GCA_024651925.1,17,0.2352941176470588,0.0,0.0,0.0,0.7058823529411765,0.4117647058823529,3,-1.1499999999999986
GCA_014145355.1,17,0.0588235294117647,0.0,0.0,0.0588235294117647,0.8823529411764706,0.1764705882352941,3,-1.4099999999999966
GCA_002529075.1,16,0.125,0.0625,0.0,0.0,0.75,0.3125,2,-1.2800000000000011
GCA_012102235.1,16,0.1875,0.0625,0.0,0.0,0.75,0.3125,6,-0.779999999999994
GCA_054069015.1,17,0.1764705882352941,0.0588235294117647,0.0,0.0,0.7058823529411765,0.2352941176470588,4,-1.269999999999996
GCA_002459605.1,17,0.0588235294117647,0.0,0.0,0.0588235294117647,0.8823529411764706,0.0588235294117647,3,-1.4399999999999975
GCA_026223155.1,14,0.0714285714285714,0.0,0.0714285714285714,0.0,0.8571428571428571,0.2857142857142857,3,-1.9500000000000028
GCA_015538355.1,7,0.0,0.0,0.2857142857142857,0.1428571428571428,0.5714285714285714,0.0,5,-0.1400000000000005
GCA_007648015.1,16,0.0,0.0,0.0,0.0625,0.9375,0.125,0,-3.740000000000002
GCA_042875785.1,3,0.0,0.3333333333333333,0.0,0.0,0.6666666666666666,0.3333333333333333,0,1.519999999999996
GCA_041221385.1,13,0.0769230769230769,0.0769230769230769,0.0,0.0,0.8461538461538461,0.0769230769230769,0,-5.150000000000006
GCA_026223515.1,17,0.1764705882352941,0.0,0.0588235294117647,0.0,0.7058823529411765,0.1176470588235294,4,-9.550000000000004
GCA_052183145.1,17,0.0588235294117647,0.0,0.0,0.0588235294117647,0.8823529411764706,0.0588235294117647,4,-1.0799999999999983
GCA_029079305.1,16,0.1875,0.0625,0.0,0.0,0.75,0.4375,6,-1.8700000000000043
GCA_019201785.1,17,0.0588235294117647,0.0,0.0,0.0588235294117647,0.8823529411764706,0.0,3,-1.7199999999999989
GCA_023059265.1,14,0.0714285714285714,0.0714285714285714,0.0,0.0,0.8571428571428571,0.1428571428571428,2,-0.7999999999999972
GCA_049381405.1,16,0.125,0.0625,0.0,0.0,0.75,0.125,4,-2.519999999999996
GCA_042938265.1,12,0.1666666666666666,0.0,0.3333333333333333,0.1666666666666666,0.3333333333333333,0.0833333333333333,12,2.8999999999999986
GCA_052184275.1,17,0.0588235294117647,0.0,0.0,0.0588235294117647,0.8823529411764706,0.0,3,-3.210000000000001
GCA_024813815.1,16,0.125,0.0625,0.0,0.0,0.75,0.5,2,-1.3200000000000005
GCA_023059275.1,15,0.1333333333333333,0.0,0.0,0.0,0.8,0.2666666666666666,2,-0.9200000000000016
GCA_023893615.1,14,0.1428571428571428,0.0714285714285714,0.0,0.0714285714285714,0.6428571428571429,0.5714285714285714,4,-2.5
GCA_024650765.1,15,0.2,0.0,0.0,0.0,0.8,0.6,4,-2.059999999999995
GCA_028440145.1,7,0.0,0.0,0.2857142857142857,0.1428571428571428,0.5714285714285714,0.1428571428571428,1,1.8300000000000047
GCA_022204885.1,18,0.2222222222222222,0.1111111111111111,0.0,0.0,0.6666666666666666,0.5555555555555556,0,-0.9100000000000036
GCA_018223965.1,13,0.0769230769230769,0.0,0.0,0.0,0.9230769230769232,0.0,0,-5.509999999999998
GCA_007644235.1,16,0.0,0.0,0.0,0.0625,0.9375,0.125,0,-0.8200000000000003
GCA_052184055.1,19,0.1052631578947368,0.0,0.0,0.0526315789473684,0.7894736842105263,0.0,2,-2.729999999999997
GCA_036759715.2,18,0.1111111111111111,0.0555555555555555,0.0555555555555555,0.0,0.7222222222222222,0.3888888888888889,4,-2.960000000000001
GCA_023060975.1,14,0.1428571428571428,0.0714285714285714,0.0,0.0714285714285714,0.6428571428571429,0.2857142857142857,5,-2.1699999999999946
GCA_022182345.1,22,0.2727272727272727,0.0909090909090909,0.0,0.0,0.6363636363636364,0.6818181818181818,6,-2.0799999999999983
GCF_001982585.1,18,0.1111111111111111,0.0,0.0,0.0555555555555555,0.8333333333333334,0.4444444444444444,0,-1.2600000000000051
GCA_048976455.1,4,0.0,0.0,0.0,0.25,0.75,0.0,1,-0.3400000000000034
GCA_051170065.1,7,0.0,0.0,0.2857142857142857,0.1428571428571428,0.5714285714285714,0.0,7,0.3299999999999983
GCA_026191785.1,15,0.0666666666666666,0.0666666666666666,0.0,0.0,0.8,0.1333333333333333,1,-6.009999999999998
GCA_052492535.1,8,0.0,0.0,0.375,0.125,0.5,0.125,5,0.25
GCA_003204805.1,6,0.3333333333333333,0.0,0.0,0.1666666666666666,0.5,0.3333333333333333,3,-0.0499999999999971
GCA_016991915.1,21,0.1904761904761904,0.0,0.0,0.0952380952380952,0.7142857142857143,0.2857142857142857,2,-1.259999999999998
GCA_051170405.1,7,0.0,0.0,0.2857142857142857,0.1428571428571428,0.5714285714285714,0.0,7,-0.0399999999999991
GCA_024651775.1,13,0.0769230769230769,0.0,0.0,0.0,0.9230769230769232,0.2307692307692307,2,-1.009999999999998
GCA_014451175.1,17,0.1764705882352941,0.0588235294117647,0.0,0.0,0.7058823529411765,0.4705882352941176,5,-0.4699999999999988
GCA_029079105.1,16,0.1875,0.0625,0.0,0.0,0.75,0.3125,0,-2.770000000000003
GCA_011037245.1,14,0.0714285714285714,0.0714285714285714,0.0,0.0,0.8571428571428571,0.4285714285714285,1,-0.0300000000000011
GCA_036851855.1,18,0.2222222222222222,0.0,0.0555555555555555,0.0,0.7222222222222222,0.2222222222222222,3,-5.009999999999998
GCA_024813855.1,17,0.1764705882352941,0.0588235294117647,0.0,0.0,0.7058823529411765,0.4705882352941176,2,-0.6199999999999974
GCA_007648245.1,16,0.0,0.0,0.0,0.0625,0.9375,0.25,0,-1.8999999999999984
GCA_007646545.1,17,0.0588235294117647,0.0,0.0,0.0588235294117647,0.8823529411764706,0.1764705882352941,1,-0.8000000000000043
GCA_029076285.1,16,0.125,0.0625,0.0,0.0,0.75,0.4375,3,-2.450000000000003
GCF_001899625.1,17,0.1176470588235294,0.0,0.0,0.0588235294117647,0.8235294117647058,0.1764705882352941,3,-1.2800000000000011
GCA_022209545.1,22,0.2727272727272727,0.0909090909090909,0.0,0.0,0.5454545454545454,0.5909090909090909,4,-0.9600000000000009
GCA_040149235.1,17,0.0588235294117647,0.0,0.0,0.0588235294117647,0.8823529411764706,0.1764705882352941,3,-0.8400000000000034
GCA_029080085.1,16,0.1875,0.0625,0.0,0.0,0.75,0.1875,5,-1.1499999999999986
GCA_026223175.1,16,0.125,0.0,0.0625,0.0,0.75,0.25,5,-0.730000000000004
GCA_054551795.1,14,0.2142857142857142,0.0714285714285714,0.0,0.0714285714285714,0.5714285714285714,0.0714285714285714,4,0.3999999999999986
GCA_024651065.1,14,0.1428571428571428,0.0,0.0,0.0,0.8571428571428571,0.3571428571428571,2,-1.1700000000000017
GCA_054069235.1,17,0.1764705882352941,0.0588235294117647,0.0,0.0,0.7058823529411765,0.2941176470588235,2,-2.469999999999999
GCA_003204865.1,5,0.0,0.2,0.0,0.2,0.6,0.2,3,-1.9600000000000009
GCA_030551015.1,7,0.0,0.0,0.2857142857142857,0.1428571428571428,0.5714285714285714,0.1428571428571428,5,0.509999999999998
GCA_029079055.1,14,0.0714285714285714,0.0714285714285714,0.0,0.0,0.8571428571428571,0.2857142857142857,0,-1.7999999999999972
GCA_022694085.1,16,0.0,0.0,0.0,0.0625,0.9375,0.0,1,-1.25
GCA_052184915.1,16,0.0,0.0,0.0,0.0625,0.9375,0.0,0,-2.039999999999999
GCA_022210045.1,26,0.2307692307692307,0.0769230769230769,0.0,0.0,0.6153846153846154,0.3846153846153846,6,-0.0399999999999991
GCA_031100935.1,10,0.0,0.0,0.4,0.2,0.4,0.0,10,1.2700000000000031
GCA_052943295.1,17,0.0588235294117647,0.0,0.0,0.0588235294117647,0.8823529411764706,0.1176470588235294,2,-3.629999999999996
GCA_030551165.1,7,0.0,0.0,0.2857142857142857,0.1428571428571428,0.5714285714285714,0.0,3,0.259999999999998
GCA_018156665.1,7,0.0,0.0,0.2857142857142857,0.1428571428571428,0.5714285714285714,0.0,4,-0.6000000000000014
GCA_011038015.1,16,0.1875,0.0625,0.0,0.0,0.75,0.3125,6,-2.6299999999999955
GCA_054048995.1,15,0.1333333333333333,0.0666666666666666,0.0,0.0,0.8,0.1333333333333333,1,-0.3499999999999943
GCA_022022915.1,20,0.3,0.1,0.0,0.0,0.6,0.45,14,-1.7700000000000031
GCA_054832125.1,18,0.0555555555555555,0.0,0.0,0.0555555555555555,0.8333333333333334,0.1111111111111111,3,-0.9100000000000036
GCA_045176205.1,14,0.1428571428571428,0.0,0.0,0.0,0.8571428571428571,0.2857142857142857,0,-1.8299999999999983
GCA_031011105.1,22,0.2727272727272727,0.0909090909090909,0.0,0.0,0.6363636363636364,0.4090909090909091,4,-1.0600000000000025
GCA_054832305.1,18,0.0555555555555555,0.0,0.0,0.0555555555555555,0.8333333333333334,0.0555555555555555,3,-1.6700000000000017
GCA_015537345.1,7,0.0,0.0,0.2857142857142857,0.1428571428571428,0.5714285714285714,0.0,1,0.1199999999999974
GCA_007646845.1,16,0.0,0.0,0.0,0.0625,0.9375,0.125,0,-0.9600000000000009
GCF_001715215.1,16,0.125,0.0625,0.0,0.0,0.75,0.375,2,-2.0600000000000023
GCA_028440415.1,7,0.0,0.0,0.2857142857142857,0.1428571428571428,0.5714285714285714,0.1428571428571428,2,-0.5200000000000031
GCA_003326365.1,16,0.1875,0.0625,0.0,0.0,0.75,0.3125,6,-1.7100000000000009
GCA_006152055.1,16,0.1875,0.0,0.0625,0.0,0.75,0.5,3,-0.8099999999999952
GCA_029078885.1,16,0.1875,0.0625,0.0,0.0,0.75,0.5625,3,-2.019999999999996
GCA_029079165.1,17,0.1764705882352941,0.0588235294117647,0.0,0.0,0.7058823529411765,0.3529411764705882,4,-0.0399999999999991
GCA_016760355.1,16,0.0625,0.0,0.0,0.0625,0.875,0.0,3,-0.6199999999999974
GCA_009901805.1,17,0.0588235294117647,0.0,0.0,0.0588235294117647,0.8823529411764706,0.0,5,-0.6500000000000057
GCA_022401485.1,4,0.25,0.0,0.0,0.0,0.75,0.0,0,-0.519999999999996
GCA_001720345.1,16,0.1875,0.0625,0.0,0.0,0.75,0.4375,7,-4.109999999999999
GCA_016991275.1,23,0.1304347826086956,0.0,0.0,0.217391304347826,0.6521739130434783,0.0869565217391304,13,-1.259999999999998
GCA_000188875.2,17,0.0588235294117647,0.0,0.0,0.0588235294117647,0.8823529411764706,0.1764705882352941,0,-1.9400000000000048
GCA_007646715.1,17,0.0588235294117647,0.0,0.0,0.0588235294117647,0.8823529411764706,0.1764705882352941,1,-2.6099999999999994
GCA_022210745.1,24,0.25,0.0833333333333333,0.0,0.0,0.5833333333333334,0.5,4,-1.25
GCA_054068935.1,15,0.1333333333333333,0.0666666666666666,0.0,0.0,0.8,0.4666666666666667,1,-1.1599999999999966
GCA_007644265.1,16,0.0625,0.0,0.0,0.0625,0.875,0.3125,0,-2.049999999999997
GCA_052388855.1,17,0.2352941176470588,0.0588235294117647,0.0,0.0,0.7058823529411765,0.2352941176470588,2,-5.229999999999997
GCA_015537725.1,7,0.0,0.0,0.2857142857142857,0.1428571428571428,0.5714285714285714,0.0,2,0.1000000000000014
GCA_011037535.1,17,0.1764705882352941,0.0588235294117647,0.0,0.0,0.7058823529411765,0.5294117647058824,5,-2.699999999999996
GCA_052183895.1,14,0.0714285714285714,0.0,0.0,0.0714285714285714,0.8571428571428571,0.1428571428571428,2,-1.5700000000000005
GCA_028440295.1,8,0.125,0.0,0.25,0.125,0.5,0.125,5,0.1300000000000025
GCA_022170325.1,17,0.0,0.1176470588235294,0.0,0.1176470588235294,0.6470588235294118,0.4117647058823529,4,-0.3400000000000034
GCA_052183445.1,17,0.0588235294117647,0.0,0.0,0.0588235294117647,0.8823529411764706,0.1764705882352941,2,-0.8099999999999952
GCA_019492145.1,18,0.0555555555555555,0.0,0.0555555555555555,0.1111111111111111,0.7777777777777778,0.1666666666666666,2,-2.9099999999999966
GCA_019202185.1,18,0.0555555555555555,0.0,0.0,0.0555555555555555,0.8333333333333334,0.1111111111111111,2,-0.5899999999999963
GCA_033955015.2,16,0.125,0.0,0.0625,0.0,0.75,0.5625,6,-2.549999999999997
GCA_029083905.1,12,0.0,0.0833333333333333,0.0,0.0,0.9166666666666666,0.0833333333333333,0,-1.3800000000000026
GCA_052048735.1,16,0.1875,0.0625,0.0,0.0,0.75,0.5,6,-1.879999999999996
GCA_054066435.1,17,0.1764705882352941,0.0,0.0588235294117647,0.0,0.7058823529411765,0.3529411764705882,5,-2.259999999999998
GCA_022209565.1,26,0.2307692307692307,0.0769230769230769,0.0,0.0,0.6153846153846154,0.2692307692307692,6,-0.019999999999996
GCA_002119085.1,15,0.2,0.0,0.0,0.0,0.7333333333333333,0.3333333333333333,4,-0.4100000000000037
GCA_007648585.1,17,0.0588235294117647,0.0,0.0,0.0588235294117647,0.8823529411764706,0.1764705882352941,3,-1.4399999999999975
GCA_007648815.1,16,0.0,0.0,0.0,0.0625,0.9375,0.125,0,-1.4299999999999995
GCA_023093575.1,12,0.0,0.0833333333333333,0.0833333333333333,0.0833333333333333,0.6666666666666666,0.25,4,-1.5200000000000031
GCA_016054805.1,16,0.1875,0.0,0.0625,0.0,0.75,0.1875,4,-0.759999999999998
GCA_007647955.1,15,0.0,0.0,0.0,0.0666666666666666,0.9333333333333332,0.0,0,-1.6400000000000006
GCA_051169435.1,7,0.0,0.0,0.2857142857142857,0.1428571428571428,0.5714285714285714,0.0,7,0.4199999999999946
GCA_016054825.1,16,0.125,0.0625,0.0,0.0,0.75,0.3125,1,-1.009999999999998
GCA_019202235.1,16,0.0625,0.0,0.0,0.0625,0.875,0.125,1,-1.3599999999999994
GCA_031630335.1,7,0.1428571428571428,0.0,0.1428571428571428,0.1428571428571428,0.4285714285714285,0.1428571428571428,4,-2.5600000000000023
GCA_029076225.1,17,0.1764705882352941,0.0588235294117647,0.0,0.0,0.7058823529411765,0.1176470588235294,3,-3.219999999999999
GCA_051169215.1,7,0.0,0.0,0.2857142857142857,0.1428571428571428,0.5714285714285714,0.0,3,-0.0300000000000011
GCA_016484985.1,12,0.1666666666666666,0.0,0.3333333333333333,0.1666666666666666,0.3333333333333333,0.0833333333333333,12,0.5200000000000031
GCA_042607615.1,18,0.1111111111111111,0.0555555555555555,0.1111111111111111,0.0,0.6666666666666666,0.2777777777777778,7,-5.100000000000001
GCA_037450415.1,18,0.0555555555555555,0.0,0.0,0.1111111111111111,0.8333333333333334,0.2222222222222222,3,-1.5600000000000025
GCA_031101015.1,10,0.0,0.0,0.4,0.2,0.4,0.0,8,0.5399999999999991
GCA_028440125.1,7,0.1428571428571428,0.0,0.2857142857142857,0.1428571428571428,0.4285714285714285,0.2857142857142857,5,-0.1499999999999985
GCA_011038315.1,16,0.125,0.0625,0.0,0.0,0.75,0.3125,3,-1.5300000000000011
GCA_054067235.1,15,0.1333333333333333,0.0666666666666666,0.0,0.0,0.8,0.3333333333333333,1,-1.9899999999999949
GCA_003697885.1,6,0.0,0.0,0.1666666666666666,0.1666666666666666,0.6666666666666666,0.0,1,-1.1900000000000048
GCA_007647865.1,17,0.0588235294117647,0.0,0.0,0.0588235294117647,0.8823529411764706,0.1764705882352941,2,-1.5399999999999991
GCF_001500225.1,6,0.0,0.0,0.1666666666666666,0.1666666666666666,0.6666666666666666,0.0,2,0.2199999999999988
GCA_004211775.1,16,0.0,0.0,0.0,0.0625,0.9375,0.125,1,-1.8999999999999984
GCA_002484595.1,16,0.0,0.0,0.0,0.0625,0.875,0.1875,1,-1.509999999999998
GCA_052997385.1,18,0.1111111111111111,0.0,0.0,0.0555555555555555,0.8333333333333334,0.1666666666666666,3,-1.2000000000000028
GCA_016054975.1,7,0.0,0.0,0.2857142857142857,0.1428571428571428,0.5714285714285714,0.1428571428571428,3,0.1000000000000014
GCA_054832285.1,18,0.1111111111111111,0.0,0.0,0.0555555555555555,0.8333333333333334,0.0,2,-0.4499999999999957
GCA_011037415.1,17,0.1764705882352941,0.0588235294117647,0.0,0.0,0.7058823529411765,0.4117647058823529,3,-1.0400000000000065
GCA_023060155.1,18,0.1666666666666666,0.0555555555555555,0.0555555555555555,0.0,0.6666666666666666,0.3888888888888889,5,-2.3999999999999986
GCA_022210105.1,24,0.25,0.0833333333333333,0.0,0.0,0.5833333333333334,0.4166666666666667,4,-1.3099999999999952
GCA_016485365.1,12,0.1666666666666666,0.0,0.3333333333333333,0.1666666666666666,0.3333333333333333,0.0833333333333333,12,0.3999999999999986
GCA_031630595.1,15,0.1333333333333333,0.0,0.0666666666666666,0.0666666666666666,0.6,0.3333333333333333,5,-3.3399999999999963
GCA_021736065.1,17,0.0588235294117647,0.0,0.0,0.0588235294117647,0.8823529411764706,0.0588235294117647,4,-0.9100000000000036
GCA_024652695.1,17,0.2352941176470588,0.0,0.0,0.0,0.7058823529411765,0.4117647058823529,2,-1.3500000000000014
GCA_031630315.1,7,0.2857142857142857,0.1428571428571428,0.1428571428571428,0.0,0.2857142857142857,0.2857142857142857,5,3.3599999999999994
GCA_019201835.1,17,0.0588235294117647,0.0,0.0,0.0588235294117647,0.8823529411764706,0.0588235294117647,2,0.3900000000000005
GCA_022209765.1,22,0.2727272727272727,0.0,0.0909090909090909,0.0,0.5454545454545454,0.3636363636363636,14,-1.0700000000000005
GCA_004347325.1,7,0.1428571428571428,0.0,0.1428571428571428,0.1428571428571428,0.5714285714285714,0.0,5,-0.6500000000000057
GCA_040149225.1,16,0.0,0.0,0.0,0.0625,0.9375,0.0,0,-2.140000000000001
GCA_017565865.1,14,0.0714285714285714,0.0,0.0,0.0,0.8571428571428571,0.5,2,-0.5300000000000011
GCA_052492675.1,8,0.0,0.0,0.375,0.125,0.5,0.25,7,0.1200000000000045
GCA_022170285.1,21,0.1904761904761904,0.0952380952380952,0.0,0.0952380952380952,0.5238095238095238,0.3333333333333333,6,-2.5600000000000023
GCA_011037615.1,16,0.125,0.0625,0.0,0.0,0.75,0.4375,4,-1.1700000000000017
GCA_007648285.1,16,0.0,0.0,0.0,0.0625,0.9375,0.125,0,-1.3800000000000026
GCA_054067025.1,16,0.125,0.0625,0.0,0.0,0.75,0.25,3,-3.1299999999999955
GCA_022304395.1,26,0.4615384615384615,0.0769230769230769,0.0,0.0,0.4615384615384615,0.1153846153846153,11,-2.039999999999999
GCA_016991335.1,21,0.1904761904761904,0.0,0.0,0.0952380952380952,0.7142857142857143,0.1904761904761904,4,-0.7000000000000028
GCA_029078855.1,16,0.1875,0.0625,0.0,0.0,0.75,0.375,6,-1.3500000000000014
GCA_012955845.1,8,0.125,0.0,0.25,0.125,0.5,0.125,6,-0.8700000000000045
GCA_016992015.1,19,0.1052631578947368,0.0,0.0,0.1052631578947368,0.7894736842105263,0.1052631578947368,9,-0.3400000000000034
GCA_006517515.1,16,0.1875,0.0,0.0,0.0,0.75,0.4375,4,-1.7000000000000028
GCA_031010915.1,22,0.2727272727272727,0.0909090909090909,0.0,0.0,0.5454545454545454,0.5454545454545454,6,-1.0399999999999991
GCA_011038035.1,16,0.1875,0.0625,0.0,0.0,0.75,0.5,5,-0.5999999999999943
GCA_002736085.1,17,0.0588235294117647,0.0,0.0,0.0588235294117647,0.8823529411764706,0.0,3,-2.6599999999999966
GCA_007647045.1,14,0.0,0.0,0.0,0.0,1.0,0.1428571428571428,1,-2.450000000000003
GCA_029078945.1,16,0.125,0.0625,0.0,0.0,0.75,0.4375,4,-1.9399999999999973
GCA_043848715.1,17,0.1176470588235294,0.0,0.0,0.0588235294117647,0.8235294117647058,0.1176470588235294,2,-1.6599999999999966
GCA_026222775.1,14,0.1428571428571428,0.0,0.0714285714285714,0.0,0.7857142857142857,0.5714285714285714,3,-0.7800000000000011
GCA_022209885.1,18,0.2222222222222222,0.1111111111111111,0.0,0.0,0.6666666666666666,0.6111111111111112,4,-1.0599999999999952
GCA_007648445.1,16,0.0,0.0,0.0,0.0625,0.9375,0.0,0,-1.0499999999999972
GCA_054067555.1,15,0.1333333333333333,0.0666666666666666,0.0,0.0,0.8,0.3333333333333333,0,-0.5800000000000054
GCA_031630735.1,13,0.1538461538461538,0.0,0.0769230769230769,0.0769230769230769,0.6923076923076923,0.3076923076923077,4,0.8699999999999974
GCA_052184385.1,17,0.0588235294117647,0.0,0.0,0.0588235294117647,0.8823529411764706,0.1764705882352941,0,-3.3300000000000054
GCA_024652205.1,13,0.0769230769230769,0.0,0.0,0.0,0.9230769230769232,0.3076923076923077,1,-1.1099999999999994
GCA_029079245.1,12,0.0,0.0833333333333333,0.0,0.0,0.9166666666666666,0.6666666666666666,1,-1.5499999999999972
GCA_024651145.1,16,0.1875,0.0,0.0,0.0,0.75,0.4375,4,-0.2899999999999991
GCA_003321105.1,17,0.1764705882352941,0.0588235294117647,0.0,0.0,0.7058823529411765,0.2352941176470588,5,-3.3200000000000003
GCA_012955905.1,17,0.1764705882352941,0.0588235294117647,0.0,0.0,0.7058823529411765,0.4117647058823529,3,-2.010000000000005
GCF_001649815.1,6,0.0,0.0,0.1666666666666666,0.1666666666666666,0.6666666666666666,0.0,2,0.7899999999999991
GCA_041901425.1,12,0.1666666666666666,0.0,0.0833333333333333,0.0,0.6666666666666666,0.3333333333333333,2,-3.520000000000003
GCA_043848795.1,13,0.1538461538461538,0.0,0.0,0.0,0.8461538461538461,0.3846153846153846,1,-0.6000000000000014
GCA_022023215.1,20,0.3,0.1,0.0,0.0,0.6,0.35,13,-2.3200000000000003
GCA_054069815.1,17,0.1764705882352941,0.0588235294117647,0.0,0.0,0.7058823529411765,0.2352941176470588,2,-2.260000000000005
GCA_026223435.1,18,0.2222222222222222,0.0,0.0555555555555555,0.0,0.6666666666666666,0.2777777777777778,6,-1.269999999999996
GCA_015537665.1,8,0.125,0.0,0.25,0.125,0.5,0.0,5,-1.1400000000000006
GCA_016990455.1,20,0.0,0.0,0.0,0.15,0.75,0.15,2,-0.3900000000000005
GCA_023061055.1,17,0.0588235294117647,0.0,0.0,0.0588235294117647,0.8823529411764706,0.0588235294117647,4,-2.190000000000005
GCA_036925215.1,17,0.0,0.0,0.0,0.0588235294117647,0.8823529411764706,0.1764705882352941,3,-0.9199999999999946
GCA_016990795.1,19,0.1052631578947368,0.0,0.0,0.1052631578947368,0.7894736842105263,0.1052631578947368,5,-0.9200000000000016
GCA_052492795.1,8,0.0,0.0,0.375,0.125,0.5,0.25,7,0.1000000000000014
GCA_028440325.1,7,0.0,0.0,0.2857142857142857,0.1428571428571428,0.5714285714285714,0.1428571428571428,4,-0.3800000000000025
GCA_051386075.1,12,0.0833333333333333,0.0,0.0,0.0,0.9166666666666666,0.0,0,-3.68
GCA_012102985.1,10,0.0,0.0,0.0,0.0,1.0,0.3,0,-0.1799999999999997
GCA_053059375.1,18,0.1111111111111111,0.0,0.0,0.0555555555555555,0.8333333333333334,0.1666666666666666,4,-1.9200000000000017
GCA_026223235.1,18,0.1666666666666666,0.0555555555555555,0.0555555555555555,0.0,0.6666666666666666,0.5,2,-2.0700000000000003
GCA_054177555.1,17,0.0588235294117647,0.0,0.0,0.0588235294117647,0.8823529411764706,0.1764705882352941,2,-1.25
GCA_021020915.1,16,0.1875,0.0625,0.0,0.0,0.75,0.375,6,-1.4699999999999989
GCA_052184375.1,17,0.0588235294117647,0.0,0.0,0.0588235294117647,0.8823529411764706,0.0588235294117647,0,-0.1699999999999946
GCA_031011045.1,20,0.2,0.1,0.0,0.0,0.6,0.45,6,-0.730000000000004
GCA_019830985.1,27,0.3703703703703703,0.0,0.0,0.074074074074074,0.5555555555555556,0.074074074074074,13,-1.4500000000000028
GCA_018021315.1,21,0.238095238095238,0.0,0.0,0.0952380952380952,0.6666666666666666,0.1428571428571428,12,-1.8999999999999984
GCA_042607725.1,15,0.2,0.0666666666666666,0.0666666666666666,0.0,0.6666666666666666,0.2666666666666666,8,-6.130000000000003
GCA_003204685.1,5,0.0,0.2,0.0,0.2,0.6,0.2,3,-1.6599999999999966
GCA_022544755.1,15,0.1333333333333333,0.0666666666666666,0.0,0.0,0.8,0.2,1,-2.529999999999994
GCA_024650485.1,13,0.0769230769230769,0.0,0.0,0.0,0.9230769230769232,0.2307692307692307,2,-1.6099999999999994
GCF_001649765.1,8,0.125,0.0,0.25,0.125,0.5,0.125,5,0.5799999999999983
GCA_051169945.1,7,0.0,0.0,0.2857142857142857,0.1428571428571428,0.5714285714285714,0.0,7,0.4400000000000048
GCA_022758745.1,17,0.0588235294117647,0.0,0.0,0.0588235294117647,0.8823529411764706,0.1764705882352941,2,-1.7199999999999989
GCA_016055605.1,16,0.125,0.0625,0.0,0.0,0.75,0.25,3,-2.3400000000000034
GCA_007646875.1,16,0.0,0.0,0.0,0.0625,0.9375,0.0,0,-1.8800000000000023
GCA_014771895.1,17,0.0,0.0,0.0,0.1176470588235294,0.8823529411764706,0.3529411764705882,0,-0.740000000000002
GCA_016055575.1,15,0.0666666666666666,0.0666666666666666,0.0,0.0,0.8,0.1333333333333333,2,-4.730000000000004
GCA_031630255.1,8,0.125,0.0,0.125,0.125,0.375,0.625,7,-2.6699999999999946
GCF_002018995.1,8,0.125,0.0,0.25,0.125,0.5,0.125,5,0.6000000000000014
GCA_029079665.1,17,0.1176470588235294,0.1176470588235294,0.0,0.0,0.7058823529411765,0.4117647058823529,4,-1.8099999999999952
GCA_015537915.1,7,0.0,0.0,0.2857142857142857,0.1428571428571428,0.5714285714285714,0.1428571428571428,5,-0.3400000000000034
GCA_022210005.1,20,0.2,0.1,0.0,0.0,0.6,0.6,4,-1.0200000000000031
GCA_023060995.1,14,0.0714285714285714,0.0714285714285714,0.0,0.0,0.8571428571428571,0.2857142857142857,2,-1.4500000000000028
GCA_021020875.1,17,0.1764705882352941,0.0588235294117647,0.0,0.0,0.7058823529411765,0.2941176470588235,3,-2.5600000000000023
GCA_011394875.1,14,0.1428571428571428,0.0,0.0,0.0,0.8571428571428571,0.4285714285714285,1,-2.3299999999999983
GCA_016485025.1,12,0.1666666666666666,0.0,0.3333333333333333,0.1666666666666666,0.3333333333333333,0.3333333333333333,10,-0.0300000000000011
GCA_054068355.1,16,0.125,0.0625,0.0,0.0,0.75,0.25,2,-3.43
GCA_022022935.1,23,0.3043478260869565,0.0869565217391304,0.0,0.0,0.6086956521739131,0.4347826086956521,12,-3.489999999999995
GCA_024386135.1,17,0.0,0.0588235294117647,0.0,0.0588235294117647,0.8823529411764706,0.1764705882352941,0,-2.5900000000000034
GCA_012956625.1,15,0.2,0.0,0.0,0.0,0.8,0.4,6,-1.4499999999999955
GCA_007646535.1,15,0.0666666666666666,0.0,0.0,0.0666666666666666,0.8666666666666667,0.1333333333333333,2,-0.1300000000000025
GCA_002251715.1,16,0.125,0.0625,0.0,0.0,0.75,0.3125,3,-1.1900000000000048
GCA_054066585.1,16,0.125,0.0625,0.0,0.0,0.75,0.4375,3,-0.3799999999999954
GCA_024655335.1,13,0.1538461538461538,0.0769230769230769,0.0,0.0769230769230769,0.6153846153846154,0.4615384615384615,4,-2.469999999999999
GCA_022210565.1,20,0.3,0.1,0.0,0.0,0.6,0.65,4,-1.0799999999999983
GCA_051170505.1,7,0.0,0.0,0.2857142857142857,0.1428571428571428,0.5714285714285714,0.0,7,0.3200000000000003
GCA_002289105.1,15,0.1333333333333333,0.0666666666666666,0.0,0.0,0.8,0.4,1,-1.019999999999996
GCA_026223735.1,18,0.1666666666666666,0.0555555555555555,0.0555555555555555,0.0,0.6666666666666666,0.3333333333333333,4,-1.5399999999999991
GCA_003321225.1,16,0.1875,0.0,0.0,0.0,0.75,0.3125,3,-0.5700000000000003
GCA_016056145.1,8,0.125,0.0,0.25,0.125,0.5,0.125,4,-0.4500000000000028
GCA_012276745.1,8,0.125,0.0,0.25,0.125,0.5,0.125,5,-0.769999999999996
GCA_022209925.1,20,0.3,0.1,0.0,0.0,0.6,0.4,12,-1.0200000000000031
GCA_007648515.1,16,0.0,0.0,0.0,0.0625,0.9375,0.125,0,-1.9500000000000028
GCA_052492475.1,8,0.0,0.0,0.375,0.125,0.5,0.25,8,0.1600000000000037
GCA_015537855.1,7,0.0,0.0,0.2857142857142857,0.1428571428571428,0.5714285714285714,0.1428571428571428,2,-0.3199999999999932
GCA_022321815.1,20,0.2,0.1,0.0,0.0,0.6,0.4,4,-0.8599999999999994
GCA_019201765.1,16,0.0625,0.0,0.0,0.0625,0.875,0.0625,4,-2.75
GCA_026222865.1,13,0.0769230769230769,0.0,0.0,0.0,0.9230769230769232,0.3076923076923077,0,-2.020000000000003
GCA_022209705.1,22,0.1818181818181818,0.0909090909090909,0.0,0.0,0.6363636363636364,0.4545454545454545,4,-1.0700000000000005
GCA_036575245.1,16,0.1875,0.0,0.0625,0.0,0.75,0.125,3,-5.809999999999995
GCA_022758365.1,17,0.0588235294117647,0.0,0.0,0.0588235294117647,0.8823529411764706,0.0588235294117647,3,-0.1300000000000025
GCA_052184795.1,18,0.0555555555555555,0.0,0.0,0.0555555555555555,0.8333333333333334,0.0,2,0.1899999999999977
GCA_028440285.1,8,0.125,0.0,0.25,0.125,0.5,0.125,5,0.6099999999999994
GCA_022209665.1,22,0.2727272727272727,0.0,0.0909090909090909,0.0,0.5454545454545454,0.4090909090909091,10,-1.019999999999996
GCA_022758485.1,17,0.0588235294117647,0.0,0.0,0.0588235294117647,0.8823529411764706,0.0,2,-0.9200000000000016
GCA_022321495.1,23,0.3043478260869565,0.0869565217391304,0.0,0.0,0.5217391304347826,0.4782608695652174,6,0.25
GCA_022182625.1,20,0.1,0.1,0.0,0.0,0.8,0.5,2,-0.2800000000000011
GCA_900322665.1,15,0.2,0.0,0.0,0.0,0.8,0.3333333333333333,1,-2.969999999999999
GCA_026222915.1,15,0.0666666666666666,0.0,0.0666666666666666,0.0,0.8666666666666667,0.0666666666666666,0,-7.210000000000001
GCA_036575125.1,17,0.1764705882352941,0.0,0.0588235294117647,0.0,0.7647058823529411,0.1764705882352941,4,-5.810000000000002
GCA_011037395.1,15,0.1333333333333333,0.0666666666666666,0.0,0.0,0.8,0.2666666666666666,3,-1.0
GCA_054067735.1,17,0.1764705882352941,0.0,0.0588235294117647,0.0,0.7647058823529411,0.3529411764705882,3,-2.8300000000000054
GCA_041221935.1,17,0.2352941176470588,0.0588235294117647,0.0,0.0,0.7058823529411765,0.2352941176470588,5,-5.420000000000002
GCA_016055685.1,8,0.125,0.0,0.25,0.125,0.5,0.0,4,-0.3299999999999983
GCA_029079635.1,15,0.1333333333333333,0.0666666666666666,0.0,0.0,0.8,0.4,2,-1.490000000000002
GCA_022210425.1,24,0.25,0.0833333333333333,0.0,0.0,0.5833333333333334,0.5,4,-1.4799999999999969
GCA_024650985.1,14,0.0714285714285714,0.0,0.0,0.0,0.8571428571428571,0.5,3,-1.0399999999999991
GCF_001649705.1,8,0.125,0.0,0.25,0.125,0.5,0.125,3,0.5
GCA_011812785.1,18,0.0555555555555555,0.0,0.0,0.1111111111111111,0.7777777777777778,0.2222222222222222,7,-1.5499999999999972
GCA_013180445.1,16,0.125,0.0625,0.0,0.0,0.75,0.0625,3,-5.0
GCA_003789125.1,16,0.125,0.0625,0.0,0.0,0.75,0.375,2,-0.6799999999999997
GCA_051106255.1,17,0.0588235294117647,0.0,0.0,0.0588235294117647,0.8823529411764706,0.0588235294117647,0,-1.1299999999999957
GCA_007647075.1,16,0.0,0.0,0.0,0.0625,0.9375,0.0,0,-0.5900000000000034
GCA_040151215.1,8,0.0,0.0,0.375,0.125,0.5,0.125,3,-0.1200000000000045
GCA_021735985.1,17,0.0588235294117647,0.0,0.0,0.0588235294117647,0.8823529411764706,0.1764705882352941,4,-0.740000000000002
GCA_015537295.1,8,0.125,0.0,0.25,0.125,0.5,0.0,2,-0.8400000000000034
GCA_007647475.1,17,0.0588235294117647,0.0,0.0,0.0588235294117647,0.8823529411764706,0.0588235294117647,4,-0.1000000000000014
GCA_004282835.1,9,0.2222222222222222,0.0,0.2222222222222222,0.1111111111111111,0.4444444444444444,0.2222222222222222,5,0.8900000000000006
GCA_026223485.1,14,0.1428571428571428,0.0,0.0,0.0,0.7857142857142857,0.2142857142857142,6,-2.769999999999996
GCA_016485345.1,12,0.1666666666666666,0.0,0.3333333333333333,0.1666666666666666,0.3333333333333333,0.25,12,0.4399999999999977
GCA_024055765.1,11,0.0909090909090909,0.0,0.0,0.0909090909090909,0.8181818181818182,0.4545454545454545,0,-0.5200000000000031
GCA_028864005.1,17,0.0588235294117647,0.0,0.0,0.0588235294117647,0.8823529411764706,0.2941176470588235,2,-1.8699999999999968
GCA_018920475.1,13,0.0769230769230769,0.0,0.0,0.0,0.9230769230769232,0.4615384615384615,0,0.509999999999998
GCA_015537485.1,6,0.0,0.0,0.1666666666666666,0.1666666666666666,0.6666666666666666,0.0,1,-0.0300000000000011
GCA_026223265.1,20,0.15,0.0,0.1,0.0,0.65,0.15,5,-7.269999999999996
GCA_002104185.1,15,0.1333333333333333,0.0666666666666666,0.0,0.0,0.8,0.5333333333333333,5,-0.8000000000000043
GCA_007647625.1,16,0.0,0.0,0.0,0.0625,0.9375,0.0,0,-0.8200000000000003
GCA_016485145.1,12,0.1666666666666666,0.0,0.3333333333333333,0.1666666666666666,0.3333333333333333,0.25,12,0.25
GCA_007647855.1,16,0.0,0.0,0.0,0.0625,0.9375,0.125,0,-1.93
GCA_024651975.1,16,0.1875,0.0,0.0,0.0,0.75,0.375,2,-1.1499999999999986
GCA_016881655.1,16,0.125,0.0625,0.0,0.0,0.75,0.1875,2,-5.119999999999997
GCA_040149085.1,17,0.0588235294117647,0.0,0.0,0.0588235294117647,0.8823529411764706,0.0588235294117647,2,-0.1900000000000048
GCA_052049135.1,17,0.2352941176470588,0.0588235294117647,0.0,0.0,0.7058823529411765,0.4705882352941176,5,-2.3299999999999983
GCA_015537965.1,7,0.0,0.0,0.2857142857142857,0.1428571428571428,0.5714285714285714,0.1428571428571428,3,-0.8299999999999983
GCA_009183705.1,3,0.3333333333333333,0.0,0.0,0.0,0.6666666666666666,0.3333333333333333,3,-0.1000000000000014
GCA_052048915.1,16,0.1875,0.0625,0.0,0.0,0.75,0.375,5,-1.1400000000000006
GCA_029075925.1,16,0.125,0.0625,0.0,0.0,0.75,0.4375,3,-0.8500000000000014
GCA_015537945.1,7,0.0,0.0,0.2857142857142857,0.1428571428571428,0.5714285714285714,0.0,4,0.4600000000000008
GCA_022210265.1,24,0.25,0.0833333333333333,0.0,0.0,0.5833333333333334,0.4166666666666667,4,-1.2899999999999991
GCA_016991075.1,21,0.0952380952380952,0.0,0.0,0.0952380952380952,0.7142857142857143,0.0476190476190476,8,-1.1199999999999974
GCA_022023335.1,20,0.2,0.1,0.0,0.0,0.6,0.3,5,-2.8200000000000003
GCA_023060205.1,16,0.125,0.0625,0.0,0.0,0.75,0.0625,3,-0.9500000000000028
GCA_022023315.1,16,0.125,0.125,0.0,0.0,0.75,0.125,0,-1.740000000000002
GCA_003183865.1,17,0.0588235294117647,0.0,0.0,0.0588235294117647,0.8823529411764706,0.0,5,-1.1300000000000026
GCF_002018935.1,8,0.125,0.0,0.25,0.125,0.5,0.125,5,0.0500000000000042
GCA_054832315.1,18,0.0555555555555555,0.0,0.0,0.0555555555555555,0.8333333333333334,0.1111111111111111,2,-0.5300000000000011
GCA_054069515.1,17,0.1764705882352941,0.0588235294117647,0.0,0.0,0.7058823529411765,0.3529411764705882,4,-1.8099999999999952
GCA_016055335.1,8,0.125,0.0,0.25,0.125,0.5,0.125,5,0.0699999999999931
GCA_022210725.1,20,0.2,0.1,0.0,0.0,0.7,0.65,4,-1.1600000000000037
GCA_031150025.1,11,0.0,0.0,0.0,0.0909090909090909,0.9090909090909092,0.1818181818181818,0,-1.4099999999999966
GCA_029079365.1,15,0.1333333333333333,0.0666666666666666,0.0,0.0,0.8,0.2666666666666666,1,-1.9600000000000009
GCA_022023255.1,25,0.32,0.08,0.0,0.0,0.48,0.44,10,-1.3299999999999983
GCA_019202045.1,16,0.0625,0.0,0.0,0.0,0.9375,0.3125,2,-0.980000000000004
GCA_054067255.1,16,0.125,0.0625,0.0,0.0,0.75,0.25,1,-1.3000000000000045
GCA_023572305.1,7,0.0,0.0,0.2857142857142857,0.1428571428571428,0.5714285714285714,0.0,3,-0.2200000000000059
GCA_052184695.1,18,0.0555555555555555,0.0,0.0,0.0555555555555555,0.8333333333333334,0.0,2,-1.0899999999999963
GCA_014894805.1,14,0.1428571428571428,0.0,0.0,0.0,0.8571428571428571,0.3571428571428571,3,-2.3000000000000043
GCA_023060175.1,17,0.1764705882352941,0.0,0.0588235294117647,0.0,0.7058823529411765,0.4705882352941176,4,-1.1700000000000017
GCA_016991495.1,20,0.2,0.0,0.0,0.1,0.7,0.25,2,-2.230000000000004
GCA_052492595.1,8,0.0,0.0,0.375,0.125,0.5,0.25,8,0.1400000000000005
GCA_030551215.1,7,0.0,0.0,0.2857142857142857,0.1428571428571428,0.5714285714285714,0.0,6,0.2299999999999968
GCA_022758595.1,16,0.0,0.0,0.0,0.0625,0.9375,0.0,0,-3.839999999999996
GCA_054068315.1,16,0.125,0.0625,0.0,0.0,0.75,0.5625,1,-1.6300000000000026
GCA_015537085.1,7,0.0,0.0,0.2857142857142857,0.1428571428571428,0.5714285714285714,0.0,4,-0.3799999999999954
GCA_030551065.1,7,0.0,0.0,0.2857142857142857,0.1428571428571428,0.5714285714285714,0.0,6,-0.2199999999999988
GCA_026191975.1,16,0.1875,0.0,0.0625,0.0,0.75,0.375,2,-1.4299999999999995
GCA_022758505.1,16,0.0,0.0,0.0,0.0625,0.9375,0.25,0,-1.4499999999999955
GCA_003095455.1,16,0.1875,0.0625,0.0,0.0,0.75,0.125,4,-1.8699999999999968
GCA_036575145.1,14,0.0714285714285714,0.0,0.0714285714285714,0.0,0.8571428571428571,0.0714285714285714,1,-4.82
GCA_022305095.1,17,0.3529411764705882,0.0,0.0,0.0,0.6470588235294118,0.6470588235294118,4,-1.4400000000000048
GCA_009829545.1,8,0.0,0.0,0.375,0.125,0.5,0.125,3,-1.1000000000000014
GCA_011812915.1,16,0.0625,0.0,0.0,0.0625,0.875,0.1875,2,-1.7899999999999991
GCA_023572385.1,17,0.1764705882352941,0.0588235294117647,0.0,0.0,0.7058823529411765,0.5882352941176471,2,-1.25
GCA_003204615.1,7,0.2857142857142857,0.0,0.0,0.1428571428571428,0.4285714285714285,0.4285714285714285,4,-2.9099999999999966
GCA_052036485.1,16,0.125,0.0625,0.0,0.0,0.75,0.4375,3,-1.8100000000000025
GCA_016055295.1,15,0.1333333333333333,0.0,0.0666666666666666,0.0,0.8,0.0666666666666666,2,0.4100000000000037
GCA_026223095.1,15,0.1333333333333333,0.0,0.0666666666666666,0.0,0.8,0.3333333333333333,1,-2.410000000000004
GCA_015538025.1,8,0.125,0.0,0.25,0.125,0.5,0.125,5,-0.6000000000000014
GCA_029079575.1,16,0.125,0.0625,0.0,0.0,0.75,0.4375,3,-0.9799999999999968
GCA_019202675.1,17,0.1176470588235294,0.0,0.0,0.0588235294117647,0.8235294117647058,0.0,6,-2.5800000000000054
GCA_029078915.1,16,0.1875,0.0625,0.0,0.0,0.75,0.375,6,-1.529999999999994
GCA_007647225.1,16,0.0,0.0,0.0,0.0625,0.9375,0.125,0,-3.460000000000001
GCA_054067815.1,16,0.125,0.0625,0.0,0.0,0.75,0.4375,2,-2.699999999999996
GCA_015666615.1,16,0.125,0.0625,0.0,0.0,0.75,0.3125,4,-0.480000000000004
GCA_051169195.1,7,0.0,0.0,0.2857142857142857,0.1428571428571428,0.5714285714285714,0.0,7,0.1799999999999997
GCA_022694045.1,17,0.0588235294117647,0.0,0.0,0.0588235294117647,0.8823529411764706,0.1764705882352941,3,-0.9099999999999966
GCA_012956605.1,15,0.2,0.0,0.0,0.0,0.8,0.4,6,-1.0900000000000034
GCA_013425885.1,4,0.0,0.25,0.0,0.25,0.5,0.0,2,-59.61
GCA_028440555.1,8,0.125,0.0,0.25,0.125,0.5,0.125,3,-0.769999999999996
GCA_052183715.1,18,0.1111111111111111,0.0,0.0,0.0555555555555555,0.8333333333333334,0.1111111111111111,2,-1.3299999999999983
GCA_024584885.1,16,0.0,0.0,0.0,0.0625,0.9375,0.0,0,-1.4500000000000028
GCA_052049115.1,15,0.1333333333333333,0.0666666666666666,0.0,0.0,0.8,0.2666666666666666,6,-1.490000000000002
GCA_007646755.1,15,0.0,0.0,0.0,0.0666666666666666,0.9333333333333332,0.1333333333333333,0,-2.259999999999998
GCA_029075995.1,14,0.0714285714285714,0.0714285714285714,0.0,0.0,0.8571428571428571,0.2857142857142857,0,-1.6600000000000037
GCA_007647635.1,16,0.0,0.0,0.0,0.0625,0.9375,0.0,0,-1.6500000000000057
GCA_053347475.1,17,0.0588235294117647,0.0,0.0,0.0588235294117647,0.8823529411764706,0.0,0,-0.2999999999999971
GCA_015536865.1,7,0.0,0.0,0.2857142857142857,0.1428571428571428,0.5714285714285714,0.0,4,-0.7199999999999989
GCA_020589755.1,17,0.1764705882352941,0.0588235294117647,0.0,0.0,0.7058823529411765,0.2941176470588235,4,-2.019999999999996
GCA_027945645.1,16,0.125,0.0625,0.0,0.0,0.75,0.4375,3,-1.3199999999999932
GCA_003325575.1,7,0.0,0.0,0.2857142857142857,0.1428571428571428,0.5714285714285714,0.0,7,-0.0800000000000054
GCA_003326435.1,14,0.1428571428571428,0.0714285714285714,0.0,0.0,0.7142857142857143,0.3571428571428571,4,-3.0500000000000043
GCA_003321315.1,15,0.1333333333333333,0.0666666666666666,0.0,0.0,0.8,0.2,4,-2.8500000000000014
GCA_022210665.1,22,0.2727272727272727,0.0909090909090909,0.0,0.0,0.6363636363636364,0.5454545454545454,4,-1.0600000000000025
GCA_029079885.1,17,0.1764705882352941,0.0588235294117647,0.0,0.0,0.7058823529411765,0.5294117647058824,4,-0.8299999999999983
GCA_026223135.1,16,0.1875,0.0,0.0625,0.0,0.75,0.25,3,-2.710000000000001
GCA_052036425.1,18,0.1666666666666666,0.0555555555555555,0.0555555555555555,0.0,0.6666666666666666,0.3888888888888889,5,-2.8799999999999955
GCA_015537155.1,8,0.125,0.0,0.25,0.125,0.5,0.125,4,-0.4699999999999988
GCA_052048835.1,13,0.0769230769230769,0.0,0.0,0.0,0.9230769230769232,0.4615384615384615,0,-0.990000000000002
GCA_052184635.1,17,0.0,0.0588235294117647,0.0,0.0588235294117647,0.8823529411764706,0.1176470588235294,3,-0.1299999999999954
GCA_021464705.1,16,0.25,0.0625,0.0,0.0,0.625,0.625,5,-1.8800000000000023
GCA_022209805.1,22,0.2727272727272727,0.0,0.0909090909090909,0.0,0.5454545454545454,0.4090909090909091,14,-1.1600000000000037
GCA_003204885.1,5,0.0,0.2,0.0,0.2,0.6,0.2,4,-1.2899999999999991
GCA_042607735.1,18,0.1666666666666666,0.0555555555555555,0.0555555555555555,0.0,0.6666666666666666,0.3888888888888889,4,-3.18
GCA_051169415.1,7,0.0,0.0,0.2857142857142857,0.1428571428571428,0.5714285714285714,0.0,7,0.0599999999999951
GCA_011037215.1,19,0.2105263157894736,0.0526315789473684,0.0,0.0,0.631578947368421,0.2105263157894736,3,-1.25
GCA_029079545.1,16,0.125,0.0625,0.0,0.0,0.75,0.5625,4,-0.490000000000002
GCA_024651825.1,16,0.1875,0.0,0.0,0.0,0.75,0.3125,4,-1.5799999999999983
GCA_023060195.1,15,0.1333333333333333,0.0,0.1333333333333333,0.0666666666666666,0.6,0.2666666666666666,7,-2.049999999999997
GCA_007648325.1,15,0.0,0.0,0.0,0.0666666666666666,0.9333333333333332,0.1333333333333333,0,-1.86
GCA_007647565.1,16,0.0,0.0,0.0,0.0625,0.9375,0.125,0,-0.9500000000000028
GCA_011038175.1,17,0.1764705882352941,0.0588235294117647,0.0,0.0,0.7058823529411765,0.1176470588235294,3,-1.949999999999996
GCA_019249955.1,17,0.0,0.0,0.0,0.1176470588235294,0.8823529411764706,0.0588235294117647,0,-1.9600000000000009
GCA_053613595.1,15,0.2,0.0666666666666666,0.0,0.0,0.7333333333333333,0.2,6,-2.3200000000000003
GCA_015536935.1,8,0.125,0.0,0.25,0.125,0.5,0.125,4,-0.4399999999999977
GCA_016055995.1,17,0.1764705882352941,0.0588235294117647,0.0,0.0,0.7058823529411765,0.2352941176470588,3,-1.4699999999999989
GCA_030755775.1,11,0.1818181818181818,0.0,0.2727272727272727,0.0909090909090909,0.3636363636363636,0.3636363636363636,6,0.259999999999998
GCA_022210575.1,22,0.2727272727272727,0.0909090909090909,0.0,0.0,0.6363636363636364,0.6818181818181818,4,-1.1300000000000026
GCA_014931695.1,12,0.0833333333333333,0.0833333333333333,0.0,0.0833333333333333,0.75,0.1666666666666666,3,-2.509999999999998
GCA_052184515.1,17,0.0588235294117647,0.0,0.0,0.0588235294117647,0.8823529411764706,0.0588235294117647,5,-3.799999999999997
GCA_016055835.1,8,0.125,0.0,0.25,0.125,0.5,0.125,4,0.0499999999999971
GCA_002029935.1,6,0.0,0.1666666666666666,0.0,0.1666666666666666,0.5,0.0,2,-2.8000000000000043
GCA_016991595.1,19,0.1052631578947368,0.0,0.0,0.1052631578947368,0.7894736842105263,0.1578947368421052,7,-0.8200000000000003
GCA_042991535.1,18,0.2222222222222222,0.1111111111111111,0.0,0.0,0.6666666666666666,0.6111111111111112,4,-1.259999999999998
GCA_018271545.1,14,0.0714285714285714,0.0,0.0,0.0714285714285714,0.8571428571428571,0.5,9,-3.480000000000004
GCA_002467725.1,16,0.0,0.0,0.0,0.0625,0.9375,0.125,0,-2.240000000000002
GCA_019201935.1,14,0.0,0.0,0.0,0.0714285714285714,0.9285714285714286,0.0,0,-1.0100000000000051
GCA_015538275.1,7,0.0,0.0,0.2857142857142857,0.1428571428571428,0.5714285714285714,0.0,5,-0.9200000000000016
GCA_028440335.1,8,0.125,0.0,0.25,0.125,0.5,0.25,3,0.1300000000000025
GCA_023572615.1,16,0.1875,0.0625,0.0,0.0,0.75,0.3125,6,-1.6499999999999986
GCA_007646955.1,16,0.0,0.0,0.0,0.0625,0.9375,0.0,0,-1.9600000000000009
GCA_054478335.1,17,0.0588235294117647,0.0,0.0,0.0588235294117647,0.8823529411764706,0.1176470588235294,2,-1.949999999999996
GCA_004116935.1,17,0.0588235294117647,0.0,0.0,0.0588235294117647,0.8823529411764706,0.0588235294117647,2,0.75
GCA_015537505.1,7,0.0,0.0,0.2857142857142857,0.1428571428571428,0.5714285714285714,0.0,5,0.2299999999999968
GCA_022694365.1,16,0.0,0.0,0.0,0.0625,0.9375,0.125,0,-1.740000000000002
GCA_021206795.1,15,0.1333333333333333,0.0666666666666666,0.0,0.0,0.8,0.5333333333333333,1,-0.9299999999999996
GCA_031630455.1,17,0.0,0.0,0.0588235294117647,0.0588235294117647,0.8823529411764706,0.0588235294117647,1,-0.990000000000002
GCA_051169295.1,7,0.0,0.0,0.2857142857142857,0.1428571428571428,0.5714285714285714,0.1428571428571428,7,0.4100000000000037
GCA_007858995.1,16,0.0,0.0,0.0,0.0625,0.9375,0.0,0,-1.9500000000000028
GCF_001472755.1,16,0.125,0.0625,0.0,0.0625,0.6875,0.375,3,-1.1799999999999995
GCA_016760405.1,17,0.0588235294117647,0.0,0.0,0.0588235294117647,0.8823529411764706,0.0,3,-3.1599999999999966
GCA_031010955.1,18,0.2222222222222222,0.1111111111111111,0.0,0.0,0.6666666666666666,0.5555555555555556,2,-0.5200000000000031
GCA_022210545.1,20,0.2,0.1,0.0,0.0,0.6,0.55,4,-1.279999999999994
GCA_031009665.1,18,0.2222222222222222,0.1111111111111111,0.0,0.0,0.6666666666666666,0.6111111111111112,2,-0.6700000000000017
GCA_016054995.1,16,0.125,0.0625,0.0,0.0,0.75,0.3125,3,-2.140000000000001
GCA_054066715.1,14,0.0714285714285714,0.0714285714285714,0.0,0.0,0.8571428571428571,0.5,0,-0.3999999999999986
GCA_026223775.1,17,0.1764705882352941,0.0,0.0588235294117647,0.0,0.7647058823529411,0.4705882352941176,2,-2.0799999999999983
GCA_054048845.1,17,0.1764705882352941,0.0588235294117647,0.0,0.0,0.7058823529411765,0.5294117647058824,4,-2.259999999999998
GCA_900322615.1,16,0.1875,0.0,0.0,0.0,0.75,0.4375,2,-1.1799999999999995
GCA_003095615.1,12,0.0833333333333333,0.0833333333333333,0.0,0.0,0.8333333333333334,0.0833333333333333,5,-3.1599999999999966
GCA_015537175.1,8,0.125,0.0,0.25,0.125,0.5,0.375,5,-0.9600000000000009
GCA_022321135.1,20,0.3,0.1,0.0,0.0,0.6,0.2,4,-0.8000000000000043
GCA_007647025.1,16,0.0,0.0,0.0,0.0625,0.9375,0.25,0,-0.7100000000000009
GCA_022694305.1,16,0.0,0.0,0.0,0.0625,0.9375,0.0,0,-1.1799999999999995
GCA_014500865.1,16,0.1875,0.0,0.0,0.0,0.8125,0.375,3,-1.3300000000000054
GCA_019202475.1,15,0.0,0.0,0.0666666666666666,0.0666666666666666,0.8666666666666667,0.0666666666666666,0,-0.990000000000002
GCA_028440525.1,8,0.125,0.0,0.25,0.125,0.5,0.125,5,-0.2000000000000028
GCA_002154935.1,12,0.1666666666666666,0.0,0.0,0.0833333333333333,0.75,0.4166666666666667,3,-2.6300000000000026
GCA_012274365.1,11,0.0,0.0,0.0,0.0,1.0,0.2727272727272727,0,-0.3300000000000054
GCA_052184135.1,18,0.1111111111111111,0.0,0.0,0.0555555555555555,0.8333333333333334,0.2222222222222222,2,-1.029999999999994
GCA_054068995.1,16,0.125,0.0625,0.0,0.0,0.75,0.3125,2,-0.8099999999999952
GCA_015536965.1,8,0.125,0.0,0.25,0.125,0.5,0.125,6,-0.5700000000000003
GCA_042607505.1,18,0.1666666666666666,0.0555555555555555,0.0555555555555555,0.0,0.6666666666666666,0.3333333333333333,6,-3.739999999999995
GCA_031921625.1,3,0.0,0.0,0.3333333333333333,0.0,0.6666666666666666,0.3333333333333333,2,5.0
GCA_052184875.1,18,0.1111111111111111,0.0,0.0,0.0555555555555555,0.8333333333333334,0.2222222222222222,3,-3.1099999999999994
GCA_052049035.1,16,0.1875,0.0625,0.0,0.0,0.75,0.4375,6,-1.5499999999999972
GCA_011037475.1,17,0.1764705882352941,0.0588235294117647,0.0,0.0,0.7058823529411765,0.3529411764705882,4,-1.9699999999999989
GCA_051170465.1,7,0.0,0.0,0.2857142857142857,0.1428571428571428,0.5714285714285714,0.0,7,0.0900000000000034
GCA_028440005.1,8,0.125,0.0,0.25,0.125,0.5,0.25,4,-1.2999999999999972
GCA_052943315.2,17,0.0588235294117647,0.0,0.0,0.0588235294117647,0.8823529411764706,0.0588235294117647,2,-3.460000000000001
GCA_021021175.1,16,0.1875,0.0625,0.0,0.0,0.75,0.4375,6,-1.509999999999998
GCA_051842225.1,7,0.0,0.0,0.2857142857142857,0.1428571428571428,0.5714285714285714,0.0,7,-0.3500000000000014
GCA_052048815.1,16,0.1875,0.0625,0.0,0.0,0.75,0.5625,3,-0.7100000000000009
GCA_003789135.1,10,0.1,0.1,0.0,0.0,0.8,0.6,0,-1.1099999999999994
GCF_001649955.1,8,0.125,0.0,0.25,0.125,0.5,0.125,5,0.4200000000000017
GCA_007644245.1,16,0.0,0.0,0.0,0.0625,0.9375,0.0,0,-3.0
GCA_052049045.1,17,0.1764705882352941,0.0588235294117647,0.0,0.0,0.7058823529411765,0.4705882352941176,5,-1.8999999999999984
GCA_021021015.1,16,0.1875,0.0625,0.0,0.0,0.75,0.4375,6,-1.490000000000002
GCA_012955925.1,15,0.1333333333333333,0.0666666666666666,0.0,0.0,0.8,0.5333333333333333,1,0.7000000000000028
GCA_041218905.1,16,0.125,0.0625,0.0,0.0,0.75,0.1875,1,-5.240000000000002
GCF_001649795.1,7,0.1428571428571428,0.0,0.2857142857142857,0.1428571428571428,0.4285714285714285,0.4285714285714285,5,0.490000000000002
GCA_024652015.1,15,0.1333333333333333,0.0,0.0,0.0,0.8,0.4,3,-0.0700000000000002
GCA_023061085.1,14,0.1428571428571428,0.0714285714285714,0.0,0.0714285714285714,0.6428571428571429,0.4285714285714285,4,-3.86
GCA_020615465.1,16,0.1875,0.0625,0.0,0.0,0.75,0.625,0,-0.7100000000000009
GCA_015537775.1,7,0.0,0.0,0.2857142857142857,0.1428571428571428,0.5714285714285714,0.0,1,0.0
GCA_028435975.1,7,0.0,0.0,0.2857142857142857,0.1428571428571428,0.5714285714285714,0.0,4,-0.4699999999999988
GCA_022023495.1,23,0.3043478260869565,0.0869565217391304,0.0,0.0,0.5217391304347826,0.217391304347826,7,-1.1300000000000026
GCA_016485045.1,12,0.1666666666666666,0.0,0.3333333333333333,0.1666666666666666,0.3333333333333333,0.1666666666666666,12,0.3900000000000005
GCA_021020745.1,16,0.1875,0.0625,0.0,0.0,0.75,0.4375,6,-1.5700000000000005
GCA_028435895.1,8,0.125,0.0,0.25,0.125,0.5,0.125,4,-1.0700000000000005
GCA_016055975.1,15,0.1333333333333333,0.0666666666666666,0.0,0.0,0.8,0.4666666666666667,2,-0.6000000000000014
GCA_015537125.1,7,0.0,0.0,0.2857142857142857,0.1428571428571428,0.5714285714285714,0.0,2,-0.480000000000004
GCA_030550955.1,7,0.0,0.0,0.2857142857142857,0.1428571428571428,0.5714285714285714,0.0,7,-0.3699999999999974
GCA_022210865.1,20,0.2,0.1,0.0,0.0,0.6,0.6,4,-1.730000000000004
GCA_022023435.1,22,0.2727272727272727,0.0909090909090909,0.0,0.0,0.5454545454545454,0.5,6,0.009999999999998
GCA_007646785.1,16,0.0,0.0,0.0,0.0625,0.9375,0.0,1,-1.529999999999994
GCA_009932305.1,16,0.0625,0.0,0.0,0.0625,0.875,0.0625,3,-1.6299999999999957
GCA_015537145.1,7,0.0,0.0,0.2857142857142857,0.1428571428571428,0.5714285714285714,0.0,4,0.0300000000000011
GCA_051047975.1,16,0.0625,0.0,0.125,0.0,0.8125,0.0625,0,-6.349999999999994
GCA_003651265.1,16,0.0,0.0,0.0,0.0625,0.9375,0.125,0,-2.710000000000001
GCA_017909485.1,7,0.0,0.0,0.2857142857142857,0.1428571428571428,0.5714285714285714,0.0,1,-0.3800000000000025
GCA_011037455.1,14,0.0714285714285714,0.0714285714285714,0.0,0.0,0.8571428571428571,0.4285714285714285,1,-1.7199999999999989
GCA_042991555.1,22,0.2727272727272727,0.0909090909090909,0.0,0.0,0.5454545454545454,0.2727272727272727,4,-1.5399999999999991
GCA_054048975.1,17,0.1764705882352941,0.0588235294117647,0.0,0.0,0.7058823529411765,0.5294117647058824,4,-2.289999999999999
GCF_001649675.1,8,0.125,0.0,0.25,0.125,0.5,0.125,4,0.8299999999999983
GCA_054048925.1,16,0.125,0.0625,0.0,0.0,0.75,0.375,3,-1.8100000000000025
GCA_003204555.1,5,0.0,0.2,0.0,0.2,0.6,0.2,4,-1.740000000000002
GCA_011037345.1,14,0.0714285714285714,0.0714285714285714,0.0,0.0,0.8571428571428571,0.5714285714285714,2,0.1799999999999997
GCA_016056175.1,17,0.1764705882352941,0.0588235294117647,0.0,0.0,0.7058823529411765,0.4705882352941176,6,-2.75
GCA_015538235.1,7,0.0,0.0,0.2857142857142857,0.1428571428571428,0.5714285714285714,0.0,4,-0.4899999999999949
GCA_014926265.1,16,0.0,0.0,0.0,0.0625,0.9375,0.25,2,-0.4499999999999957
GCA_023572235.1,17,0.1764705882352941,0.0588235294117647,0.0588235294117647,0.0,0.7058823529411765,0.4117647058823529,7,-1.8100000000000025
GCA_040149135.1,16,0.0,0.0,0.0,0.0625,0.9375,0.0,1,-1.1599999999999966
GCA_024650885.1,15,0.1333333333333333,0.0,0.0,0.0,0.8,0.2,3,-1.3999999999999986
GCA_007644335.1,17,0.0588235294117647,0.0,0.0,0.0588235294117647,0.8823529411764706,0.0588235294117647,0,-2.0
GCA_052388875.1,14,0.1428571428571428,0.0,0.0,0.0,0.8571428571428571,0.3571428571428571,3,-0.7199999999999989
GCA_000355235.1,17,0.0588235294117647,0.0,0.0,0.0588235294117647,0.8823529411764706,0.0588235294117647,2,-1.1300000000000026
GCA_002951555.1,16,0.1875,0.0625,0.0,0.0,0.75,0.1875,2,-6.130000000000003
GCF_001700405.1,17,0.0,0.0,0.0,0.1176470588235294,0.8823529411764706,0.0,0,2.270000000000003
GCA_000512165.1,16,0.25,0.0625,0.0,0.0,0.6875,0.25,4,-9.119999999999996
GCA_054478115.1,16,0.0,0.0,0.0,0.0625,0.9375,0.0,0,-3.61
GCA_004116895.1,17,0.0588235294117647,0.0,0.0,0.0588235294117647,0.8823529411764706,0.0588235294117647,2,1.1700000000000017
GCA_018156705.1,7,0.0,0.0,0.2857142857142857,0.1428571428571428,0.5714285714285714,0.0,2,-0.5700000000000003
GCA_029079345.1,17,0.1764705882352941,0.0588235294117647,0.0,0.0,0.7058823529411765,0.2352941176470588,3,-1.5500000000000045
GCA_004116695.1,17,0.0,0.0,0.0,0.1176470588235294,0.8823529411764706,0.0,3,-8.269999999999996
GCA_023572275.1,8,0.125,0.0,0.25,0.125,0.5,0.125,6,-0.1700000000000017
GCA_020615675.1,15,0.1333333333333333,0.0666666666666666,0.0,0.0,0.8,0.4,1,-2.3100000000000023
GCA_041221405.1,16,0.1875,0.0625,0.0,0.0,0.75,0.1875,2,-4.759999999999998
GCA_042607665.1,18,0.1666666666666666,0.0555555555555555,0.0555555555555555,0.0,0.6666666666666666,0.3333333333333333,6,-2.3399999999999963
GCA_022210225.1,20,0.3,0.1,0.0,0.0,0.6,0.6,4,-1.0600000000000025
GCA_003204645.1,5,0.0,0.0,0.0,0.2,0.6,0.4,3,-0.8300000000000054
GCA_016055895.1,17,0.1764705882352941,0.0588235294117647,0.0,0.0,0.7058823529411765,0.2941176470588235,4,-1.3999999999999986
GCA_051169125.1,7,0.0,0.0,0.2857142857142857,0.1428571428571428,0.5714285714285714,0.0,7,0.4099999999999966
GCA_023572545.1,4,0.25,0.25,0.0,0.0,0.5,0.25,6,1.2700000000000031
GCA_028440105.1,8,0.125,0.0,0.25,0.125,0.5,0.25,4,-0.2800000000000011
GCA_003284835.1,17,0.1764705882352941,0.0588235294117647,0.0,0.0,0.7058823529411765,0.4117647058823529,2,-1.5
GCA_007648065.1,16,0.0,0.0,0.0,0.0625,0.9375,0.125,2,-1.879999999999996
GCA_030551235.1,7,0.0,0.0,0.2857142857142857,0.1428571428571428,0.5714285714285714,0.0,6,0.1299999999999954
GCA_003326315.1,16,0.1875,0.0625,0.0,0.0,0.75,0.25,6,-1.93
GCA_049102505.1,20,0.2,0.1,0.0,0.0,0.6,0.15,0,-0.5600000000000023
GCA_022758395.1,16,0.0,0.0,0.0,0.0625,0.9375,0.0,0,-3.18
GCA_019201865.1,17,0.0588235294117647,0.0,0.0,0.0588235294117647,0.8823529411764706,0.0588235294117647,2,0.740000000000002
GCA_054069555.1,15,0.1333333333333333,0.0666666666666666,0.0,0.0,0.8,0.3333333333333333,1,-0.6300000000000026
GCA_019202635.1,15,0.0666666666666666,0.0,0.0,0.0666666666666666,0.8666666666666667,0.2,4,-0.6199999999999974
GCA_016485285.1,12,0.1666666666666666,0.0,0.3333333333333333,0.1666666666666666,0.3333333333333333,0.0833333333333333,10,0.4600000000000008
GCA_054068815.1,17,0.1764705882352941,0.0588235294117647,0.0,0.0,0.7058823529411765,0.5294117647058824,4,-2.18
GCA_018156725.1,7,0.0,0.0,0.2857142857142857,0.1428571428571428,0.5714285714285714,0.0,4,-0.5300000000000011
GCA_041212775.1,16,0.1875,0.0625,0.0,0.0,0.75,0.1875,4,-5.729999999999997
GCA_043848745.1,14,0.2142857142857142,0.0,0.0,0.0,0.7857142857142857,0.3571428571428571,2,0.0300000000000011
GCA_052184195.1,18,0.0555555555555555,0.0,0.0,0.1111111111111111,0.8333333333333334,0.1111111111111111,0,-1.4200000000000017
GCA_003204935.1,5,0.0,0.2,0.0,0.2,0.6,0.2,4,-2.549999999999997
GCA_036575035.1,18,0.1666666666666666,0.0,0.0555555555555555,0.0,0.7777777777777778,0.0555555555555555,3,-6.950000000000003
GCA_009361775.1,18,0.1111111111111111,0.0555555555555555,0.0,0.0,0.7777777777777778,0.0555555555555555,3,-5.039999999999999
GCA_015537245.1,8,0.0,0.0,0.375,0.125,0.5,0.125,4,-0.2899999999999991
GCA_003651355.1,16,0.0,0.0,0.0,0.0625,0.9375,0.0,0,0.2800000000000011
GCA_015666585.1,17,0.1764705882352941,0.0588235294117647,0.0,0.0,0.7058823529411765,0.4117647058823529,4,-1.2199999999999989
GCA_041213435.1,15,0.1333333333333333,0.0666666666666666,0.0,0.0,0.8,0.1333333333333333,3,-7.660000000000004
GCA_005217765.1,15,0.1333333333333333,0.0666666666666666,0.0,0.0,0.7333333333333333,0.2,5,-6.230000000000004
GCA_052184225.1,17,0.1176470588235294,0.0,0.0,0.0588235294117647,0.8235294117647058,0.1176470588235294,3,-3.020000000000003
GCA_007646945.1,16,0.0,0.0,0.0,0.0625,0.9375,0.25,0,-1.3900000000000006
GCA_052183325.1,18,0.1111111111111111,0.0,0.0,0.0555555555555555,0.8333333333333334,0.1666666666666666,2,-2.240000000000002
GCA_054048945.1,17,0.1764705882352941,0.0588235294117647,0.0,0.0,0.7058823529411765,0.2941176470588235,5,-1.0900000000000034
GCA_054066485.1,15,0.0666666666666666,0.0666666666666666,0.0,0.0,0.8,0.2666666666666666,3,0.1000000000000014
GCA_054478005.1,17,0.0588235294117647,0.0,0.0,0.0588235294117647,0.8823529411764706,0.0588235294117647,1,-2.960000000000001
GCA_054069025.1,16,0.1875,0.0625,0.0,0.0,0.75,0.1875,4,-1.3800000000000026
GCA_004347305.1,7,0.0,0.0,0.2857142857142857,0.1428571428571428,0.5714285714285714,0.0,3,-0.3200000000000003
GCA_022023455.1,16,0.125,0.125,0.0,0.0,0.75,0.5,0,-1.3200000000000005
GCA_000250195.2,16,0.0,0.0,0.0,0.0625,0.9375,0.125,0,-3.3299999999999983
GCA_029076275.1,16,0.125,0.0625,0.0,0.0,0.75,0.4375,4,-1.0700000000000005
GCA_029076345.1,17,0.1764705882352941,0.0588235294117647,0.0,0.0,0.7058823529411765,0.3529411764705882,3,-0.7299999999999969
GCA_022320745.1,21,0.1904761904761904,0.1428571428571428,0.0,0.0,0.5714285714285714,0.1904761904761904,48,-1.480000000000004
GCA_052185355.1,17,0.0588235294117647,0.0,0.0,0.0588235294117647,0.8823529411764706,0.1764705882352941,6,-2.8299999999999983
GCA_054832245.1,15,0.1333333333333333,0.0,0.0,0.0666666666666666,0.8,0.0666666666666666,5,-3.3000000000000043
GCA_900322625.1,16,0.125,0.0625,0.0,0.0,0.75,0.5625,2,-0.480000000000004
GCA_004359905.1,8,0.125,0.0,0.25,0.125,0.5,0.125,4,-0.1499999999999985
GCF_001270405.1,1,1.0,0.0,0.0,0.0,0.0,0.0,1,-0.059999999999988
GCA_003020825.1,15,0.0666666666666666,0.0666666666666666,0.0,0.0,0.8666666666666667,0.0666666666666666,1,-6.770000000000003
GCA_051169635.1,7,0.0,0.0,0.2857142857142857,0.1428571428571428,0.5714285714285714,0.0,7,-0.1400000000000005
GCA_002900305.1,16,0.0,0.0,0.0,0.0625,0.9375,0.0,0,-50.44
GCA_011037655.1,17,0.1764705882352941,0.0588235294117647,0.0,0.0,0.7058823529411765,0.3529411764705882,4,-2.469999999999999
GCA_031630535.1,11,0.0909090909090909,0.0,0.0909090909090909,0.0909090909090909,0.7272727272727273,0.3636363636363636,2,-2.520000000000003
GCA_002154825.1,17,0.1764705882352941,0.0588235294117647,0.0,0.0,0.7058823529411765,0.5294117647058824,4,-4.140000000000001
GCA_029477905.1,7,0.1428571428571428,0.0,0.2857142857142857,0.1428571428571428,0.4285714285714285,0.0,5,-0.740000000000002
GCA_011037275.1,15,0.0666666666666666,0.0666666666666666,0.0,0.0,0.8,0.3333333333333333,2,-2.0
GCA_019250015.1,15,0.0,0.0,0.0,0.1333333333333333,0.8666666666666667,0.2,0,-1.3000000000000045
GCA_023093655.1,11,0.0909090909090909,0.0909090909090909,0.0,0.0,0.8181818181818182,0.3636363636363636,1,-1.3399999999999963
GCA_015666325.1,17,0.1764705882352941,0.0588235294117647,0.0,0.0,0.7058823529411765,0.4705882352941176,2,-1.9699999999999989
GCA_029079045.1,17,0.1764705882352941,0.0588235294117647,0.0,0.0,0.7058823529411765,0.3529411764705882,4,-3.240000000000002
GCA_015537255.1,7,0.0,0.0,0.2857142857142857,0.1428571428571428,0.5714285714285714,0.0,2,-2.0799999999999983
GCA_024055755.1,14,0.1428571428571428,0.0,0.0714285714285714,0.0714285714285714,0.6428571428571429,0.2142857142857142,5,-0.8299999999999983
GCA_052492755.1,8,0.0,0.0,0.375,0.125,0.5,0.125,8,0.2000000000000028
GCA_018223925.1,13,0.0769230769230769,0.0,0.0,0.0,0.9230769230769232,0.2307692307692307,0,0.2999999999999971
GCF_002019005.1,7,0.1428571428571428,0.0,0.2857142857142857,0.1428571428571428,0.4285714285714285,0.1428571428571428,4,0.75
GCA_029079685.1,16,0.1875,0.0625,0.0,0.0,0.75,0.25,6,-1.5
GCA_023060375.1,7,0.0,0.0,0.2857142857142857,0.1428571428571428,0.5714285714285714,0.1428571428571428,4,-0.0399999999999991
GCA_016055595.1,8,0.125,0.0,0.25,0.125,0.5,0.125,5,-0.1899999999999977
GCA_041949855.1,19,0.2631578947368421,0.0526315789473684,0.0,0.0,0.631578947368421,0.5263157894736842,6,-4.399999999999999
GCA_016991935.1,17,0.1176470588235294,0.0,0.0,0.1176470588235294,0.7647058823529411,0.2352941176470588,6,-0.6199999999999974
GCA_016485105.1,10,0.0,0.0,0.4,0.2,0.4,0.0,4,0.3999999999999986
GCA_014451315.1,17,0.1764705882352941,0.0588235294117647,0.0,0.0,0.7058823529411765,0.3529411764705882,6,-0.8300000000000054
GCA_029080005.1,16,0.125,0.0625,0.0,0.0,0.75,0.5,5,-1.2899999999999991
GCA_007646855.1,16,0.0,0.0,0.0,0.0625,0.9375,0.125,0,-0.740000000000002
GCA_016990835.1,21,0.1904761904761904,0.0,0.0,0.0952380952380952,0.7142857142857143,0.238095238095238,20,-0.5999999999999943
GCA_022209645.1,20,0.3,0.0,0.1,0.0,0.6,0.45,6,-1.3699999999999974
GCA_024651025.1,13,0.0769230769230769,0.0,0.0,0.0,0.9230769230769232,0.2307692307692307,1,-0.8299999999999983
GCA_002763515.1,21,0.0952380952380952,0.0,0.0,0.0952380952380952,0.8095238095238095,0.0952380952380952,2,1.6700000000000017
GCF_001420385.1,6,0.1666666666666666,0.0,0.1666666666666666,0.1666666666666666,0.5,0.1666666666666666,3,-0.4399999999999977
GCA_002289165.1,21,0.238095238095238,0.0476190476190476,0.0,0.0,0.6666666666666666,0.3809523809523809,3,-0.4099999999999966
GCA_022321645.1,24,0.4166666666666667,0.0833333333333333,0.0,0.0,0.5,0.5,12,-2.549999999999997
GCA_003651345.1,16,0.0,0.0,0.0,0.0625,0.9375,0.125,0,-0.5799999999999983
GCA_022321535.1,21,0.238095238095238,0.0952380952380952,0.0,0.0,0.5714285714285714,0.2857142857142857,6,-2.460000000000001
GCA_019202035.1,17,0.0588235294117647,0.0,0.0,0.0588235294117647,0.8823529411764706,0.1764705882352941,0,-1.6600000000000037
GCA_054067695.1,16,0.125,0.0625,0.0,0.0,0.75,0.25,3,-6.32
GCA_029079565.1,16,0.1875,0.0625,0.0,0.0,0.75,0.375,4,-1.3200000000000005
GCA_052183375.1,18,0.0555555555555555,0.0,0.0,0.0555555555555555,0.8333333333333334,0.1111111111111111,2,0.6799999999999997
GCA_031630635.1,12,0.0,0.0,0.0833333333333333,0.1666666666666666,0.75,0.3333333333333333,7,-3.0700000000000003
GCA_016991615.1,20,0.15,0.0,0.0,0.1,0.75,0.15,9,-0.8900000000000006
GCA_012274425.1,11,0.0,0.0,0.0,0.0,1.0,0.0,0,4.399999999999999
GCA_900322635.1,13,0.0769230769230769,0.0,0.0,0.0,0.9230769230769232,0.2307692307692307,3,-0.0700000000000002
GCA_013180385.1,15,0.2,0.0,0.0,0.0,0.8,0.1333333333333333,4,-6.939999999999998
GCA_022023275.1,23,0.3043478260869565,0.0869565217391304,0.0,0.0,0.5217391304347826,0.2608695652173913,8,-1.529999999999994
GCA_028440185.1,8,0.125,0.0,0.25,0.125,0.5,0.25,5,0.3000000000000042
GCA_007648165.1,16,0.0,0.0,0.0,0.0625,0.9375,0.0,0,0.3900000000000005
GCA_003812485.1,10,0.3,0.0,0.2,0.1,0.4,0.0,7,-2.0900000000000034
GCA_041221275.1,14,0.0714285714285714,0.0714285714285714,0.0,0.0,0.8571428571428571,0.0714285714285714,1,-4.759999999999998
GCA_016990875.1,21,0.238095238095238,0.0,0.0,0.0952380952380952,0.6666666666666666,0.0476190476190476,9,-1.5700000000000005
GCA_016056195.1,16,0.1875,0.0,0.0,0.0,0.75,0.375,4,-2.009999999999998
GCA_042875995.1,2,0.0,0.0,0.0,0.0,1.0,0.0,0,-5.950000000000003
GCA_054478315.1,16,0.0,0.0,0.0,0.0625,0.9375,0.0,0,-3.830000000000005
GCA_023060475.1,13,0.1538461538461538,0.0,0.0769230769230769,0.0769230769230769,0.6923076923076923,0.3076923076923077,3,-3.86
GCA_023806685.1,13,0.0769230769230769,0.0769230769230769,0.0,0.0769230769230769,0.6923076923076923,0.3076923076923077,4,-3.5799999999999983
GCA_015536855.1,7,0.0,0.0,0.2857142857142857,0.1428571428571428,0.5714285714285714,0.0,1,-0.3499999999999943
GCA_015666535.1,8,0.125,0.0,0.25,0.125,0.5,0.0,5,-1.0300000000000011
GCA_024655285.1,13,0.0769230769230769,0.0769230769230769,0.0,0.0769230769230769,0.6923076923076923,0.1538461538461538,3,0.2099999999999937
GCA_004116855.1,16,0.0,0.0,0.0,0.0625,0.9375,0.0,0,-50.62
GCA_036575155.1,18,0.1666666666666666,0.0,0.0555555555555555,0.0,0.7777777777777778,0.1111111111111111,3,-6.649999999999999
GCA_041221895.1,16,0.125,0.125,0.0,0.0,0.75,0.1875,2,-4.219999999999999
GCA_022210445.1,24,0.25,0.0833333333333333,0.0,0.0,0.6666666666666666,0.3333333333333333,10,-0.4199999999999946
GCA_015538055.1,7,0.0,0.0,0.2857142857142857,0.1428571428571428,0.5714285714285714,0.0,5,-0.3900000000000005
GCA_015537095.1,8,0.125,0.0,0.25,0.125,0.5,0.25,5,-0.2199999999999988
GCA_021020725.1,16,0.125,0.0625,0.0,0.0,0.75,0.3125,2,-1.5900000000000034
GCA_014500805.1,14,0.0714285714285714,0.0714285714285714,0.0,0.0,0.8571428571428571,0.2857142857142857,4,-1.2800000000000011
GCA_015536975.1,7,0.0,0.0,0.2857142857142857,0.1428571428571428,0.5714285714285714,0.0,5,-0.5599999999999952
GCA_002895205.1,15,0.0,0.0,0.0,0.0666666666666666,0.9333333333333332,0.0,0,-49.86
GCA_052492855.1,8,0.0,0.0,0.375,0.125,0.5,0.25,7,0.240000000000002
GCA_022210605.1,20,0.2,0.1,0.0,0.0,0.6,0.6,4,-1.1099999999999994
GCA_004116595.1,17,0.0588235294117647,0.0,0.0,0.0588235294117647,0.8823529411764706,0.0,3,-50.76
GCA_022209405.1,27,0.4074074074074074,0.074074074074074,0.0,0.0,0.4444444444444444,0.4074074074074074,4,-2.75
GCA_026223115.1,16,0.1875,0.0,0.0625,0.0,0.75,0.5625,2,-1.4299999999999995
GCA_015537675.1,7,0.0,0.0,0.2857142857142857,0.1428571428571428,0.5714285714285714,0.0,2,-0.3700000000000045
GCA_024505625.1,5,0.0,0.0,0.2,0.2,0.6,0.2,3,0.3900000000000005
GCA_022758815.1,16,0.0,0.0,0.0,0.0625,0.9375,0.0,0,-1.1500000000000057
GCA_002631045.1,15,0.1333333333333333,0.0,0.0666666666666666,0.0,0.8,0.5333333333333333,3,-0.8999999999999986
GCA_016881495.1,15,0.1333333333333333,0.0666666666666666,0.0,0.0,0.8,0.0666666666666666,0,-4.490000000000002
GCA_052049335.1,16,0.1875,0.0,0.0,0.0,0.75,0.125,4,-3.059999999999995
GCA_031570175.1,6,0.1666666666666666,0.0,0.1666666666666666,0.1666666666666666,0.5,0.1666666666666666,4,-0.75
GCA_015666405.1,17,0.1764705882352941,0.0588235294117647,0.0,0.0,0.7058823529411765,0.4117647058823529,4,-1.3599999999999994
GCA_011037755.1,17,0.1764705882352941,0.0588235294117647,0.0,0.0,0.7058823529411765,0.4117647058823529,2,-0.9299999999999996
GCA_016991855.1,21,0.1904761904761904,0.0,0.0,0.0952380952380952,0.7142857142857143,0.238095238095238,13,-0.4500000000000028
GCA_018223865.1,17,0.0588235294117647,0.0,0.0,0.0588235294117647,0.8823529411764706,0.0588235294117647,3,-0.990000000000002
GCA_022758585.1,16,0.0,0.0,0.0,0.0625,0.9375,0.0,0,-1.910000000000004
GCA_007004165.1,1,1.0,0.0,0.0,0.0,0.0,0.0,1,-0.0700000000000073
GCA_053613395.1,16,0.125,0.0625,0.0,0.0,0.75,0.1875,3,-0.2899999999999991
GCA_007647805.1,15,0.0,0.0,0.0,0.0666666666666666,0.9333333333333332,0.1333333333333333,0,-1.2600000000000051
GCA_016991885.1,20,0.2,0.0,0.0,0.1,0.7,0.2,19,-1.5799999999999983
GCA_003204595.1,5,0.0,0.2,0.0,0.2,0.6,0.2,4,-2.0899999999999963
GCA_021021195.1,16,0.1875,0.0,0.0,0.0,0.75,0.5625,5,-1.1900000000000048
GCA_031009645.1,18,0.2222222222222222,0.1111111111111111,0.0,0.0,0.6666666666666666,0.4444444444444444,2,-1.0799999999999983
GCA_024651005.1,16,0.125,0.0,0.0,0.0,0.75,0.375,3,-1.0799999999999983
GCA_022023295.1,14,0.0,0.1428571428571428,0.0,0.0,0.8571428571428571,0.0714285714285714,0,0.240000000000002
GCA_011038365.1,16,0.1875,0.0625,0.0,0.0,0.75,0.125,5,-2.8500000000000014
GCA_026223255.1,18,0.1666666666666666,0.0555555555555555,0.0555555555555555,0.0,0.6666666666666666,0.2222222222222222,2,-5.829999999999998
GCA_031150065.1,12,0.0,0.0,0.0,0.0833333333333333,0.9166666666666666,0.25,0,-0.4399999999999977
GCA_022660815.1,8,0.25,0.0,0.125,0.125,0.5,0.0,5,-39.04
GCA_022321725.1,20,0.2,0.1,0.0,0.0,0.6,0.35,4,-0.4899999999999949
GCA_028439905.1,8,0.125,0.0,0.25,0.125,0.5,0.25,4,-1.259999999999998
GCA_007647035.1,16,0.0,0.0,0.0,0.0625,0.9375,0.25,0,-1.3700000000000043
GCA_012781995.1,8,0.125,0.0,0.25,0.125,0.5,0.0,5,-0.3999999999999986
GCA_022023635.1,16,0.125,0.125,0.0,0.0,0.75,0.125,0,-2.3700000000000045
GCA_003321135.1,16,0.1875,0.0625,0.0,0.0,0.75,0.25,5,-0.8700000000000045
GCA_025950435.1,9,0.1111111111111111,0.0,0.3333333333333333,0.1111111111111111,0.4444444444444444,0.1111111111111111,4,-0.6899999999999977
GCA_051170105.1,7,0.0,0.0,0.2857142857142857,0.1428571428571428,0.5714285714285714,0.0,7,0.25
GCA_054551855.1,14,0.2142857142857142,0.0714285714285714,0.0,0.0714285714285714,0.5714285714285714,0.0714285714285714,5,-0.029999999999994
GCA_023060495.1,12,0.0833333333333333,0.0,0.0,0.0833333333333333,0.75,0.4166666666666667,2,0.6199999999999974
GCA_026223355.1,17,0.1764705882352941,0.0,0.0588235294117647,0.0,0.7647058823529411,0.5882352941176471,1,-1.1700000000000017
GCA_051170545.1,7,0.0,0.0,0.2857142857142857,0.1428571428571428,0.5714285714285714,0.0,6,0.1000000000000014
GCA_024650955.1,16,0.1875,0.0,0.0,0.0,0.75,0.25,4,-1.5700000000000005
GCA_022758865.1,16,0.0,0.0,0.0,0.0625,0.9375,0.125,0,-0.7199999999999989
GCA_011037315.1,15,0.0666666666666666,0.0666666666666666,0.0,0.0,0.8,0.2666666666666666,2,0.4699999999999988
GCA_042991495.1,14,0.1428571428571428,0.0,0.0,0.0,0.8571428571428571,0.4285714285714285,0,-3.8800000000000026
GCA_053613655.1,16,0.1875,0.0625,0.0,0.0,0.6875,0.375,5,-1.0699999999999932
GCA_000316425.1,15,0.0,0.0,0.0,0.0666666666666666,0.9333333333333332,0.1333333333333333,0,-2.9200000000000017
GCA_054478155.1,17,0.0588235294117647,0.0,0.0,0.0588235294117647,0.8823529411764706,0.0588235294117647,2,-0.6900000000000048
GCA_029080095.1,16,0.1875,0.0625,0.0,0.0,0.75,0.3125,6,-1.8399999999999963
GCA_030462605.1,17,0.1764705882352941,0.0588235294117647,0.0,0.0,0.7058823529411765,0.1176470588235294,2,-4.460000000000001
GCA_007648485.1,15,0.0,0.0,0.0,0.0666666666666666,0.9333333333333332,0.1333333333333333,0,-1.990000000000002
GCA_026222995.1,13,0.0769230769230769,0.0,0.0769230769230769,0.0,0.8461538461538461,0.4615384615384615,4,-3.960000000000001
GCA_016991135.1,23,0.2608695652173913,0.0,0.0,0.0869565217391304,0.6521739130434783,0.0869565217391304,16,-0.2199999999999988
GCA_003321215.1,16,0.1875,0.0625,0.0,0.0,0.75,0.5625,2,-1.1000000000000014
GCA_051170045.1,7,0.0,0.0,0.2857142857142857,0.1428571428571428,0.5714285714285714,0.0,7,-0.4499999999999957
GCA_029078975.1,14,0.0714285714285714,0.0714285714285714,0.0,0.0,0.8571428571428571,0.5,2,-1.2999999999999972
GCA_011601045.1,16,0.1875,0.0625,0.0,0.0,0.75,0.3125,6,-0.7199999999999989
GCA_007648225.1,16,0.0,0.0,0.0,0.0625,0.9375,0.125,0,-1.029999999999994
GCA_016991235.1,23,0.1304347826086956,0.0,0.0,0.217391304347826,0.6521739130434783,0.0434782608695652,0,-1.6000000000000014
GCA_022209685.1,18,0.1111111111111111,0.1111111111111111,0.0,0.0,0.7777777777777778,0.4444444444444444,0,-1.279999999999994
GCA_022305015.1,25,0.44,0.08,0.0,0.0,0.48,0.24,5,-0.2299999999999968
GCA_022694035.1,17,0.0588235294117647,0.0,0.0,0.0588235294117647,0.8823529411764706,0.1764705882352941,2,-1.8800000000000023
GCA_054068695.1,18,0.2222222222222222,0.0555555555555555,0.0,0.0,0.6666666666666666,0.3888888888888889,4,-2.890000000000001
GCA_016990475.1,21,0.0952380952380952,0.0,0.0,0.0952380952380952,0.7142857142857143,0.0476190476190476,6,-1.1400000000000006
GCA_052048715.1,17,0.1764705882352941,0.0588235294117647,0.0,0.0,0.7058823529411765,0.1764705882352941,6,-2.030000000000001
GCA_018223915.1,13,0.0769230769230769,0.0,0.0,0.0,0.9230769230769232,0.0,0,-1.0200000000000031
GCA_003326285.1,16,0.1875,0.0625,0.0,0.0,0.75,0.25,6,-2.219999999999999
GCA_015681415.1,19,0.2105263157894736,0.1052631578947368,0.0,0.1052631578947368,0.4736842105263157,0.4736842105263157,6,-1.949999999999996
GCA_016055395.1,17,0.1764705882352941,0.0,0.0588235294117647,0.0,0.7058823529411765,0.4705882352941176,4,-1.7299999999999969
GCA_003204795.1,6,0.1666666666666666,0.1666666666666666,0.0,0.1666666666666666,0.5,0.3333333333333333,3,-1.3799999999999957
GCA_037938235.1,15,0.1333333333333333,0.0666666666666666,0.0666666666666666,0.0666666666666666,0.6,0.2666666666666666,4,-1.490000000000002
GCA_038397905.1,10,0.1,0.1,0.0,0.1,0.7,0.4,2,-3.3200000000000003
GCA_016881525.1,16,0.125,0.0625,0.0,0.0,0.75,0.1875,3,-4.600000000000001
GCA_022209525.1,24,0.25,0.0833333333333333,0.0,0.0,0.6666666666666666,0.5416666666666666,4,-1.2100000000000009
GCA_013180435.1,16,0.1875,0.0,0.0,0.0,0.75,0.125,3,-5.480000000000004
GCA_017909475.1,7,0.0,0.0,0.2857142857142857,0.1428571428571428,0.5714285714285714,0.1428571428571428,4,-0.1999999999999957
GCA_015537275.1,8,0.125,0.0,0.25,0.125,0.5,0.25,4,0.3400000000000034
GCA_029079845.1,16,0.1875,0.0625,0.0,0.0,0.75,0.3125,4,-0.9399999999999976
GCA_009829595.1,7,0.0,0.0,0.2857142857142857,0.1428571428571428,0.5714285714285714,0.1428571428571428,4,-0.3299999999999983
GCA_051169175.1,7,0.0,0.0,0.2857142857142857,0.1428571428571428,0.5714285714285714,0.0,7,0.2100000000000008
GCA_041358095.1,16,0.1875,0.0625,0.0,0.0,0.75,0.125,6,-1.8899999999999928
GCA_054066795.1,16,0.125,0.0625,0.0,0.0,0.75,0.5,2,-1.8999999999999984
GCA_024650425.1,15,0.2,0.0,0.0,0.0,0.8,0.5333333333333333,2,-1.0899999999999963
GCA_041215515.1,17,0.2352941176470588,0.0588235294117647,0.0,0.0,0.7058823529411765,0.2352941176470588,6,-5.469999999999999
GCA_013180525.1,17,0.1764705882352941,0.0588235294117647,0.0,0.0,0.7058823529411765,0.0588235294117647,3,-4.799999999999997
GCA_022170305.1,22,0.1818181818181818,0.0909090909090909,0.0,0.0909090909090909,0.5,0.2272727272727272,8,-2.3100000000000023
GCA_016991015.1,19,0.1052631578947368,0.0,0.0,0.1052631578947368,0.7894736842105263,0.2105263157894736,7,-1.2899999999999991
GCA_018224045.1,13,0.0769230769230769,0.0,0.0,0.0,0.9230769230769232,0.4615384615384615,0,-1.6799999999999995
GCA_022758895.1,17,0.0588235294117647,0.0,0.0,0.0588235294117647,0.8823529411764706,0.0,2,-2.259999999999998
GCA_009857775.1,16,0.1875,0.0,0.0,0.0,0.75,0.25,5,-0.0700000000000002
GCA_028402465.1,8,0.125,0.0,0.25,0.125,0.5,0.0,5,-0.1099999999999994
GCA_019334205.1,13,0.0769230769230769,0.0,0.0,0.0,0.9230769230769232,0.0769230769230769,0,-2.200000000000003
GCF_001472725.1,14,0.0,0.0714285714285714,0.0,0.0714285714285714,0.7857142857142857,0.0714285714285714,2,-1.4600000000000009
GCA_052183645.1,17,0.0588235294117647,0.0,0.0,0.0588235294117647,0.8823529411764706,0.0,0,-2.5
GCA_021020975.1,16,0.125,0.0625,0.0,0.0,0.75,0.4375,3,-1.7999999999999972
GCA_021245835.1,16,0.1875,0.0625,0.0,0.0,0.75,0.4375,5,-0.9299999999999996
GCA_031011005.1,18,0.2222222222222222,0.1111111111111111,0.0,0.0,0.6666666666666666,0.6111111111111112,2,-0.8499999999999943
GCA_007648615.1,16,0.0,0.0,0.0,0.0625,0.9375,0.0,1,-1.769999999999996
GCA_024389435.1,18,0.0555555555555555,0.0555555555555555,0.0,0.0555555555555555,0.8333333333333334,0.0555555555555555,2,-1.0900000000000034
GCA_016991375.1,20,0.1,0.0,0.0,0.15,0.75,0.15,2,-0.8200000000000003
GCA_031011025.1,21,0.238095238095238,0.0952380952380952,0.0,0.0,0.6666666666666666,0.3333333333333333,4,-1.1599999999999966
GCA_043848735.1,15,0.2,0.0666666666666666,0.0,0.0,0.7333333333333333,0.4666666666666667,2,-0.9200000000000016
GCA_024813735.1,16,0.1875,0.0,0.0,0.0,0.75,0.375,3,-0.8599999999999994
GCA_040148955.1,16,0.0,0.0,0.0,0.0625,0.9375,0.0,0,-1.6699999999999946
GCA_011037945.1,16,0.1875,0.0625,0.0,0.0,0.75,0.375,6,-1.4799999999999969
GCF_001649555.1,4,0.25,0.0,0.0,0.0,0.75,0.0,0,-46.64
GCA_018423665.1,14,0.0714285714285714,0.0714285714285714,0.0,0.0,0.8571428571428571,0.4285714285714285,0,-2.049999999999997
GCA_011037595.1,16,0.125,0.0625,0.0,0.0,0.75,0.375,3,-1.2399999999999949
GCA_003651425.1,18,0.0555555555555555,0.0,0.0,0.0555555555555555,0.8333333333333334,0.2222222222222222,0,-0.7899999999999991
GCA_042875775.1,3,0.3333333333333333,0.0,0.0,0.0,0.6666666666666666,0.3333333333333333,3,3.039999999999999
GCA_007646925.1,15,0.0,0.0,0.0,0.0666666666666666,0.9333333333333332,0.0,0,-2.3800000000000026
GCA_003432105.1,18,0.2222222222222222,0.0555555555555555,0.0,0.0,0.6666666666666666,0.1111111111111111,4,-2.059999999999995
GCA_001758135.1,7,0.1428571428571428,0.0,0.1428571428571428,0.1428571428571428,0.5714285714285714,0.1428571428571428,4,0.6400000000000006
GCA_054478215.1,17,0.0588235294117647,0.0,0.0,0.0588235294117647,0.8823529411764706,0.0588235294117647,2,-2.259999999999998
GCA_052049455.1,14,0.1428571428571428,0.0,0.0,0.0,0.8571428571428571,0.5,3,-1.0799999999999983
GCA_041986685.1,17,0.1764705882352941,0.0588235294117647,0.0,0.0,0.7058823529411765,0.2352941176470588,4,-0.9600000000000009
GCA_029076375.1,17,0.1764705882352941,0.0588235294117647,0.0,0.0,0.7058823529411765,0.2352941176470588,3,-2.6700000000000017
GCA_009829555.1,8,0.125,0.0,0.25,0.125,0.5,0.125,3,-0.5700000000000003
GCA_900322645.1,15,0.1333333333333333,0.0666666666666666,0.0,0.0,0.8,0.6,3,-1.7199999999999989
GCA_022210885.1,22,0.1818181818181818,0.0909090909090909,0.0,0.0,0.6363636363636364,0.0909090909090909,6,-3.140000000000001
GCA_003325665.1,7,0.0,0.0,0.2857142857142857,0.1428571428571428,0.5714285714285714,0.0,4,-0.3099999999999951
GCA_026191935.1,16,0.1875,0.0,0.0,0.0,0.75,0.5,3,-0.6500000000000057
GCA_014323625.1,14,0.0714285714285714,0.0714285714285714,0.0,0.0,0.8571428571428571,0.3571428571428571,2,-1.3099999999999952
GCA_011037955.1,15,0.2,0.0666666666666666,0.0,0.0,0.7333333333333333,0.4666666666666667,6,-1.6500000000000057
GCA_007647585.1,16,0.0,0.0,0.0,0.0625,0.9375,0.125,0,-0.6799999999999997
GCA_029078755.1,15,0.0666666666666666,0.0666666666666666,0.0,0.0,0.8,0.2666666666666666,2,-1.2899999999999991
GCA_026222745.1,18,0.2222222222222222,0.0,0.0555555555555555,0.0,0.6666666666666666,0.5,4,-2.390000000000001
GCA_022022975.1,20,0.3,0.1,0.0,0.0,0.6,0.15,8,-0.7700000000000031
GCA_022321075.1,22,0.3636363636363636,0.0909090909090909,0.0,0.0,0.5454545454545454,0.5,4,-0.1700000000000017
GCA_052049175.1,15,0.1333333333333333,0.0666666666666666,0.0,0.0,0.8,0.4,6,-1.4299999999999995
GCA_022209605.1,22,0.2727272727272727,0.0909090909090909,0.0,0.0,0.6363636363636364,0.3181818181818182,4,-2.5
GCA_022210945.1,23,0.217391304347826,0.0869565217391304,0.0,0.0,0.6086956521739131,0.6521739130434783,4,-0.9600000000000009
GCA_007646735.1,16,0.0,0.0,0.0,0.0625,0.9375,0.25,0,-1.4299999999999995
GCA_052185135.1,17,0.1176470588235294,0.0,0.0,0.0588235294117647,0.8235294117647058,0.2352941176470588,2,-0.6300000000000026
GCA_022304975.1,14,0.0714285714285714,0.1428571428571428,0.0,0.0,0.7857142857142857,0.6428571428571429,2,-0.0599999999999951
GCA_024650185.1,15,0.1333333333333333,0.0,0.0,0.0,0.8,0.2,1,-1.5300000000000011
GCA_023060115.1,10,0.2,0.1,0.0,0.0,0.7,0.5,2,-0.5399999999999991
GCA_024652625.1,15,0.1333333333333333,0.0,0.0,0.0,0.8,0.4,3,-1.1999999999999955
GCA_042992615.1,14,0.1428571428571428,0.0,0.0,0.0,0.8571428571428571,0.5,2,-0.0600000000000022
GCA_003204715.1,5,0.0,0.2,0.0,0.2,0.6,0.2,4,-2.3599999999999994
GCA_020589645.1,14,0.1428571428571428,0.0,0.0,0.0,0.8571428571428571,0.3571428571428571,6,-1.490000000000002
GCA_002563295.1,14,0.0,0.0,0.0,0.0714285714285714,0.9285714285714286,0.0,0,-0.9799999999999968
GCA_043848855.1,14,0.1428571428571428,0.0714285714285714,0.0,0.0,0.7857142857142857,0.2857142857142857,1,-0.0100000000000051
GCA_015666635.1,15,0.1333333333333333,0.0,0.0666666666666666,0.0,0.8,0.4,2,0.25
GCA_016991175.1,20,0.0,0.1,0.0,0.15,0.75,0.1,10,-0.7199999999999989
GCA_003321095.1,13,0.0769230769230769,0.0769230769230769,0.0,0.0,0.8461538461538461,0.4615384615384615,0,-0.75
GCA_022210805.1,16,0.125,0.125,0.0,0.0,0.75,0.5625,0,-0.3200000000000003
GCA_031630575.1,14,0.1428571428571428,0.0,0.0714285714285714,0.1428571428571428,0.6428571428571429,0.3571428571428571,6,-3.4200000000000017
GCA_015537025.1,8,0.0,0.0,0.25,0.125,0.625,0.125,5,-0.4399999999999977
GCA_040493735.1,18,0.1666666666666666,0.0,0.0555555555555555,0.0,0.7222222222222222,0.4444444444444444,5,-1.910000000000004
GCA_023059285.1,16,0.125,0.0625,0.0,0.0,0.75,0.4375,4,-1.5600000000000025
GCA_024651895.1,16,0.1875,0.0,0.0,0.0,0.75,0.25,3,-1.1600000000000037
GCA_016055275.1,15,0.0666666666666666,0.0666666666666666,0.0,0.0,0.8,0.2,2,-1.25
GCA_016991575.1,20,0.15,0.0,0.0,0.1,0.75,0.0,11,-0.8200000000000003
GCA_052943395.2,17,0.0588235294117647,0.0,0.0,0.0588235294117647,0.8823529411764706,0.0588235294117647,2,-3.4199999999999946
GCA_006517525.1,4,0.25,0.0,0.0,0.0,0.5,0.0,6,0.5700000000000003
GCA_040149285.1,15,0.0,0.0,0.0,0.0666666666666666,0.9333333333333332,0.1333333333333333,1,-2.43
GCA_052049395.1,16,0.1875,0.0625,0.0,0.0,0.75,0.5,5,-1.7100000000000009
GCF_002018965.1,8,0.125,0.0,0.25,0.125,0.5,0.125,5,0.3400000000000034
GCA_031150045.1,12,0.0,0.0,0.0,0.0833333333333333,0.9166666666666666,0.25,0,-0.6099999999999994
GCA_029076245.1,16,0.125,0.0625,0.0,0.0,0.75,0.4375,3,-0.7199999999999989
GCA_007648455.1,16,0.0,0.0,0.0,0.0625,0.9375,0.25,0,-1.3999999999999986
GCA_020615575.1,20,0.15,0.2,0.0,0.0,0.65,0.65,1,-2.5999999999999943
GCA_016055445.1,18,0.2222222222222222,0.0,0.0555555555555555,0.0,0.6666666666666666,0.1666666666666666,4,-3.009999999999998
GCA_054068185.1,17,0.1764705882352941,0.0588235294117647,0.0,0.0,0.7058823529411765,0.4705882352941176,5,-1.019999999999996
GCA_031630395.1,20,0.1,0.0,0.05,0.05,0.75,0.25,5,-0.3200000000000003
GCA_051842265.1,7,0.0,0.0,0.4285714285714285,0.1428571428571428,0.4285714285714285,0.2857142857142857,8,-0.1299999999999954
GCA_051169925.1,7,0.0,0.0,0.2857142857142857,0.1428571428571428,0.5714285714285714,0.0,7,0.0300000000000011
GCA_054068675.1,16,0.125,0.0625,0.0,0.0,0.75,0.3125,2,-0.8100000000000023
GCA_002300785.1,17,0.1764705882352941,0.0588235294117647,0.0,0.0,0.7058823529411765,0.4117647058823529,3,0.8500000000000014
GCA_015537825.1,7,0.0,0.0,0.2857142857142857,0.1428571428571428,0.5714285714285714,0.0,4,-0.0200000000000031
GCA_042607435.1,16,0.125,0.0625,0.0625,0.0,0.6875,0.25,5,-4.449999999999996
GCA_026223675.1,17,0.1764705882352941,0.0,0.0588235294117647,0.0,0.7647058823529411,0.2941176470588235,3,-1.3699999999999974
GCA_011037225.1,17,0.1764705882352941,0.0588235294117647,0.0,0.0,0.7058823529411765,0.2941176470588235,3,0.0300000000000011
GCA_012274345.1,11,0.0,0.0,0.0,0.0,1.0,0.2727272727272727,0,-0.9099999999999966
GCA_015537705.1,8,0.125,0.0,0.25,0.125,0.5,0.0,4,-0.3900000000000005
GCA_042875955.1,2,0.0,0.0,0.0,0.0,1.0,0.0,0,0.4100000000000037
GCA_018423775.1,16,0.125,0.0625,0.0,0.0,0.75,0.3125,3,-0.3500000000000014
GCA_052036645.1,15,0.1333333333333333,0.0666666666666666,0.0,0.0,0.8,0.6,3,-1.2000000000000028
GCA_024651155.1,17,0.1764705882352941,0.0588235294117647,0.0,0.0,0.7058823529411765,0.5294117647058824,4,-0.970000000000006
GCA_054068155.1,16,0.1875,0.0625,0.0,0.0,0.75,0.25,6,-0.9399999999999976
GCA_029079945.1,16,0.125,0.0625,0.0,0.0,0.75,0.375,2,-1.6600000000000037
GCA_042607585.1,18,0.1666666666666666,0.0555555555555555,0.0555555555555555,0.0,0.6666666666666666,0.5,5,-2.75
GCA_007646615.1,16,0.0,0.0,0.0,0.0625,0.9375,0.125,0,-1.7700000000000031
GCA_052943355.2,14,0.0714285714285714,0.0,0.0,0.0714285714285714,0.8571428571428571,0.0714285714285714,2,-4.340000000000003
GCA_007647345.1,17,0.0588235294117647,0.0,0.0,0.0588235294117647,0.8823529411764706,0.0588235294117647,4,0.7800000000000011
GCA_041890475.1,16,0.0625,0.0,0.0,0.0625,0.875,0.0625,2,1.1199999999999974
GCF_002012005.1,19,0.0526315789473684,0.0526315789473684,0.0,0.0526315789473684,0.7894736842105263,0.1578947368421052,2,1.7700000000000031
GCA_024651195.1,17,0.2352941176470588,0.0,0.0,0.0,0.7058823529411765,0.5294117647058824,4,-2.719999999999999
GCA_022023555.1,20,0.3,0.1,0.0,0.0,0.6,0.4,10,-2.020000000000003
GCA_039677705.1,9,0.1111111111111111,0.0,0.3333333333333333,0.1111111111111111,0.4444444444444444,0.3333333333333333,4,0.259999999999998
GCA_024650305.1,16,0.1875,0.0,0.0,0.0,0.75,0.25,3,-1.7899999999999991
GCA_006517665.1,4,0.0,0.0,0.0,0.25,0.75,0.0,0,1.0599999999999952
GCA_003583875.1,14,0.0714285714285714,0.0,0.0,0.0,0.9285714285714286,0.3571428571428571,5,-3.1000000000000014
GCA_031921645.1,6,0.3333333333333333,0.0,0.1666666666666666,0.0,0.3333333333333333,0.6666666666666666,4,2.030000000000001
GCA_052183935.1,17,0.0588235294117647,0.0,0.0,0.0588235294117647,0.8235294117647058,0.1764705882352941,4,-0.3999999999999986
GCA_014500765.1,16,0.125,0.0625,0.0,0.0,0.75,0.3125,4,-1.9699999999999989
GCA_023061095.1,15,0.0666666666666666,0.0666666666666666,0.0,0.0,0.8,0.1333333333333333,1,-1.1400000000000006
GCA_052115825.1,8,0.125,0.0,0.25,0.125,0.5,0.125,2,0.3700000000000045
GCA_015537755.1,7,0.0,0.0,0.2857142857142857,0.1428571428571428,0.5714285714285714,0.0,3,-0.0200000000000031
GCA_016485085.1,10,0.0,0.0,0.4,0.2,0.4,0.1,8,0.2800000000000011
GCA_020866825.1,4,0.5,0.0,0.0,0.0,0.5,0.5,5,12.949999999999996
GCA_022401425.1,4,0.25,0.0,0.0,0.0,0.75,0.25,0,-0.4699999999999988
GCA_016485265.1,9,0.0,0.0,0.4444444444444444,0.2222222222222222,0.3333333333333333,0.1111111111111111,10,0.4399999999999977
GCA_021021055.1,16,0.1875,0.0625,0.0,0.0,0.75,0.4375,6,-1.5899999999999963
GCA_036925195.1,16,0.0,0.0,0.0,0.0625,0.9375,0.125,0,-2.039999999999999
GCA_024813465.1,13,0.0769230769230769,0.0,0.0,0.0,0.9230769230769232,0.3076923076923077,0,-0.9099999999999966
GCA_029079995.1,16,0.125,0.0625,0.0,0.0,0.75,0.4375,3,-1.5
GCA_029076395.1,18,0.2222222222222222,0.0555555555555555,0.0,0.0,0.6666666666666666,0.4444444444444444,5,-0.8800000000000026
GCA_019201665.1,14,0.0,0.0,0.0,0.0714285714285714,0.9285714285714286,0.0,2,-1.5600000000000025
GCA_011038055.1,16,0.1875,0.0625,0.0,0.0,0.75,0.5,6,-2.6000000000000014
GCA_002887435.1,13,0.0769230769230769,0.0,0.0,0.0,0.9230769230769232,0.0,2,-7.100000000000001
GCA_021402995.1,7,0.0,0.0,0.2857142857142857,0.1428571428571428,0.5714285714285714,0.1428571428571428,9,-0.3699999999999974
GCA_011037575.1,17,0.1764705882352941,0.0588235294117647,0.0,0.0,0.7058823529411765,0.3529411764705882,3,-2.1499999999999986
GCA_048966225.1,10,0.0,0.0,0.0,0.1,0.9,0.3,0,-0.8800000000000026
GCA_022023015.1,20,0.3,0.1,0.0,0.0,0.6,0.25,12,-1.3100000000000025
GCA_042607605.1,19,0.1578947368421052,0.0526315789473684,0.0526315789473684,0.0,0.631578947368421,0.3157894736842105,7,-5.100000000000001
GCA_051842245.1,6,0.0,0.0,0.3333333333333333,0.1666666666666666,0.5,0.0,7,0.480000000000004
GCA_051169255.1,7,0.0,0.0,0.2857142857142857,0.1428571428571428,0.5714285714285714,0.0,7,0.2000000000000028
GCA_022023155.1,20,0.3,0.1,0.0,0.0,0.6,0.35,14,-1.1700000000000017
GCA_023059435.1,16,0.125,0.0625,0.0,0.0,0.75,0.5,4,-0.7299999999999969
GCA_045115755.1,4,0.5,0.0,0.0,0.0,0.5,0.5,3,0.3999999999999986
GCA_029079375.1,15,0.0666666666666666,0.0666666666666666,0.0,0.0,0.8,0.3333333333333333,0,-1.4200000000000017
GCA_000803045.1,13,0.0769230769230769,0.0,0.0769230769230769,0.1538461538461538,0.6923076923076923,0.4615384615384615,6,-2.509999999999998
GCA_022210525.1,22,0.2727272727272727,0.0909090909090909,0.0,0.0,0.5454545454545454,0.5909090909090909,4,-1.3799999999999957
GCA_013293985.1,18,0.1111111111111111,0.0,0.0,0.0555555555555555,0.8333333333333334,0.0555555555555555,4,-2.4099999999999966
GCA_042607815.1,14,0.1428571428571428,0.0,0.0714285714285714,0.0,0.7142857142857143,0.2857142857142857,5,-5.109999999999999
GCA_002099165.1,17,0.1764705882352941,0.0588235294117647,0.0,0.0,0.7058823529411765,0.4705882352941176,4,-2.0
GCA_052184095.1,17,0.0588235294117647,0.0,0.0,0.0588235294117647,0.8823529411764706,0.0588235294117647,0,-2.009999999999998
GCA_052183695.1,18,0.1111111111111111,0.0,0.0,0.0555555555555555,0.8333333333333334,0.0555555555555555,5,-3.1699999999999946
GCA_020589835.1,16,0.1875,0.0,0.0,0.0,0.75,0.375,4,-0.8599999999999994
GCA_023572325.1,16,0.1875,0.0,0.0625,0.0,0.75,0.375,3,-2.6699999999999946
GCA_029079015.1,17,0.1764705882352941,0.0588235294117647,0.0,0.0,0.7058823529411765,0.5882352941176471,4,-1.0499999999999972
GCA_024652265.1,13,0.0769230769230769,0.0,0.0,0.0,0.9230769230769232,0.5384615384615384,0,-1.3399999999999963
GCA_054477975.1,17,0.0588235294117647,0.0,0.0,0.0588235294117647,0.8823529411764706,0.0588235294117647,2,-2.410000000000004
GCA_051169865.1,6,0.0,0.0,0.3333333333333333,0.0,0.6666666666666666,0.0,7,0.3399999999999963
GCA_020589635.1,16,0.1875,0.0,0.0,0.0,0.75,0.375,5,-0.9399999999999976
GCA_024651035.1,14,0.1428571428571428,0.0,0.0,0.0,0.8571428571428571,0.3571428571428571,2,-1.3300000000000054
GCA_054068835.1,16,0.125,0.0625,0.0,0.0,0.75,0.375,4,-1.6599999999999966
GCA_016881445.1,14,0.0714285714285714,0.0714285714285714,0.0,0.0,0.8571428571428571,0.0714285714285714,1,-5.280000000000001
GCA_007648925.1,16,0.0,0.0,0.0,0.0625,0.9375,0.125,0,-2.6300000000000026
GCA_011037675.1,17,0.1764705882352941,0.0588235294117647,0.0,0.0,0.7058823529411765,0.5294117647058824,2,-1.3699999999999974
GCA_011037335.1,16,0.125,0.0625,0.0,0.0,0.75,0.5,3,-2.1700000000000017
GCA_023614365.2,15,0.0,0.0,0.0,0.0666666666666666,0.9333333333333332,0.0,4,-1.8200000000000005
GCA_028439875.1,7,0.1428571428571428,0.0,0.2857142857142857,0.1428571428571428,0.4285714285714285,0.1428571428571428,5,-0.5899999999999963
GCA_048158445.1,1,1.0,0.0,0.0,0.0,0.0,0.0,1,-0.2399999999999948
GCA_024650725.1,15,0.1333333333333333,0.0,0.0,0.0,0.8,0.2666666666666666,3,-0.6999999999999957
GCA_022758765.1,16,0.0,0.0,0.0,0.0625,0.9375,0.125,0,-1.1499999999999986
GCF_001662715.1,12,0.0,0.0,0.0,0.0833333333333333,0.9166666666666666,0.0,3,-3.890000000000001
GCA_015537905.1,7,0.0,0.0,0.2857142857142857,0.1428571428571428,0.5714285714285714,0.0,5,-0.3699999999999974
GCA_029078905.1,16,0.1875,0.0625,0.0,0.0,0.75,0.4375,1,-0.8399999999999963
GCA_051152635.1,15,0.1333333333333333,0.0,0.0666666666666666,0.0,0.8,0.3333333333333333,3,-1.8099999999999952
GCA_016485205.1,12,0.1666666666666666,0.0,0.3333333333333333,0.1666666666666666,0.3333333333333333,0.0833333333333333,8,-0.3500000000000014
GCA_022321405.1,18,0.2222222222222222,0.1111111111111111,0.0,0.0,0.6666666666666666,0.4444444444444444,0,-0.3200000000000003
GCA_054478375.1,17,0.0588235294117647,0.0,0.0,0.0588235294117647,0.8823529411764706,0.2352941176470588,2,-2.8500000000000014
GCA_019201915.1,15,0.0666666666666666,0.0,0.0,0.0666666666666666,0.8666666666666667,0.0,4,-2.8700000000000045
GCA_031630655.1,15,0.2,0.0,0.0666666666666666,0.0666666666666666,0.6,0.2666666666666666,5,-2.3100000000000023
GCA_041222165.1,16,0.125,0.0625,0.0,0.0,0.75,0.1875,3,-4.350000000000001
GCA_018423815.1,14,0.0714285714285714,0.0714285714285714,0.0,0.0,0.8571428571428571,0.4285714285714285,2,-0.3699999999999974
GCA_022304995.1,21,0.3333333333333333,0.0952380952380952,0.0,0.0,0.5714285714285714,0.238095238095238,7,-0.2099999999999937
GCA_016055945.1,7,0.0,0.0,0.2857142857142857,0.1428571428571428,0.5714285714285714,0.0,4,-0.5200000000000031
GCA_028440165.1,8,0.125,0.0,0.25,0.125,0.5,0.0,4,-0.8100000000000023
GCA_007648605.1,16,0.0,0.0,0.0,0.0625,0.9375,0.0,1,-1.2800000000000011
GCA_026223585.1,19,0.1578947368421052,0.0,0.0526315789473684,0.0,0.7368421052631579,0.3684210526315789,4,-2.8799999999999955
GCA_022321245.1,23,0.3043478260869565,0.0869565217391304,0.0,0.0,0.5217391304347826,0.4347826086956521,6,0.4499999999999957
GCA_900322595.1,16,0.1875,0.0625,0.0,0.0,0.75,0.25,2,-0.7899999999999991
GCA_054069415.1,16,0.125,0.0625,0.0,0.0,0.75,0.375,4,-1.3200000000000005
GCA_054551815.1,14,0.2142857142857142,0.0714285714285714,0.0,0.0714285714285714,0.5714285714285714,0.0714285714285714,5,-2.280000000000001
GCA_026222955.1,16,0.1875,0.0,0.0625,0.0,0.75,0.3125,4,-1.2000000000000028
GCA_022209905.1,26,0.2307692307692307,0.0769230769230769,0.0,0.0,0.6153846153846154,0.3846153846153846,6,-0.1900000000000048
GCA_011037885.1,16,0.1875,0.0625,0.0,0.0,0.75,0.5,6,-2.519999999999996
GCA_015538205.1,7,0.0,0.0,0.2857142857142857,0.1428571428571428,0.5714285714285714,0.0,4,0.1000000000000014
GCA_021021215.1,17,0.1764705882352941,0.0588235294117647,0.0,0.0,0.7058823529411765,0.4705882352941176,4,-3.1000000000000014
GCA_024385685.1,17,0.0,0.0588235294117647,0.0,0.0588235294117647,0.8823529411764706,0.0588235294117647,0,-1.269999999999996
GCA_016991835.1,22,0.2272727272727272,0.0,0.0,0.0909090909090909,0.6818181818181818,0.2272727272727272,5,-1.3500000000000014
GCA_003321195.1,15,0.1333333333333333,0.0666666666666666,0.0,0.0,0.8,0.4,2,-0.7899999999999991
GCA_011038235.1,18,0.1666666666666666,0.0555555555555555,0.0,0.0,0.6666666666666666,0.1666666666666666,2,-1.009999999999998
GCA_054049035.1,16,0.125,0.0625,0.0,0.0,0.75,0.5625,1,0.029999999999994
GCA_022170485.1,22,0.1818181818181818,0.0909090909090909,0.0,0.0909090909090909,0.5,0.3181818181818182,7,-1.759999999999998
GCA_011037515.1,16,0.125,0.0625,0.0,0.0,0.75,0.3125,2,-2.280000000000001
GCA_054048725.1,13,0.0769230769230769,0.0,0.0,0.0,0.9230769230769232,0.3076923076923077,1,-1.220000000000006
GCA_007648765.1,16,0.0,0.0,0.0,0.0625,0.9375,0.125,0,-1.4400000000000048
GCA_022694415.1,16,0.0,0.0,0.0,0.0625,0.9375,0.0,0,-9.54
GCA_029080065.1,17,0.1764705882352941,0.0588235294117647,0.0,0.0,0.7058823529411765,0.5294117647058824,3,-1.9399999999999973
GCA_052184465.1,18,0.1111111111111111,0.0,0.0,0.0555555555555555,0.8333333333333334,0.2222222222222222,0,-1.2100000000000009
GCA_052184835.1,17,0.0588235294117647,0.0,0.0,0.0588235294117647,0.8823529411764706,0.0588235294117647,0,-1.1499999999999986
GCA_016055345.1,17,0.1764705882352941,0.0,0.0588235294117647,0.0,0.7058823529411765,0.1176470588235294,5,-2.0799999999999983
GCA_054067355.1,16,0.125,0.0625,0.0,0.0,0.75,0.3125,4,-0.4200000000000017
GCA_019202445.1,17,0.0,0.0588235294117647,0.0,0.0588235294117647,0.8823529411764706,0.1764705882352941,3,-0.9299999999999996
GCA_012276735.1,7,0.0,0.0,0.2857142857142857,0.1428571428571428,0.5714285714285714,0.0,4,-0.6600000000000037
GCA_022694175.1,16,0.0,0.0,0.0,0.0625,0.9375,0.0,2,-0.4099999999999966
GCA_054068595.1,16,0.125,0.0625,0.0,0.0,0.75,0.5625,4,-1.480000000000004
GCA_026222735.1,18,0.2222222222222222,0.0,0.0555555555555555,0.0,0.6666666666666666,0.5,5,-3.710000000000001
GCA_019202075.1,20,0.15,0.0,0.0,0.05,0.75,0.1,3,0.0999999999999943
GCA_054068775.1,14,0.0714285714285714,0.0714285714285714,0.0,0.0,0.8571428571428571,0.5,0,-0.0700000000000002
GCA_012274355.1,11,0.0,0.0,0.0,0.0,1.0,0.4545454545454545,0,0.9399999999999976
GCA_016881485.1,16,0.125,0.0625,0.0,0.0,0.75,0.1875,3,-4.93
GCA_022320905.1,24,0.3333333333333333,0.0833333333333333,0.0,0.0,0.5,0.375,5,-0.2600000000000051
GCA_054068715.1,17,0.1764705882352941,0.0588235294117647,0.0,0.0,0.7058823529411765,0.4117647058823529,3,-2.509999999999998
GCA_011038195.1,15,0.1333333333333333,0.0666666666666666,0.0,0.0,0.8,0.3333333333333333,0,-0.6900000000000048
GCF_002006525.1,17,0.0588235294117647,0.0588235294117647,0.0,0.0588235294117647,0.8235294117647058,0.0588235294117647,3,-0.25
GCA_041218425.1,16,0.1875,0.0625,0.0,0.0,0.75,0.1875,2,-4.890000000000001
GCA_007646625.1,16,0.0,0.0,0.0,0.0625,0.9375,0.0,0,-0.3600000000000065
GCA_023060285.1,13,0.0769230769230769,0.0769230769230769,0.0,0.0769230769230769,0.6923076923076923,0.0769230769230769,6,-5.859999999999999
GCF_001662765.1,15,0.1333333333333333,0.0,0.0,0.0666666666666666,0.7333333333333333,0.2,3,-3.719999999999999
GCA_028440255.1,8,0.125,0.0,0.25,0.125,0.5,0.25,4,-0.2199999999999988
GCA_052388735.1,15,0.2,0.0,0.0,0.0,0.8,0.1333333333333333,2,-5.630000000000003
GCA_029079395.1,14,0.0714285714285714,0.0714285714285714,0.0,0.0,0.8571428571428571,0.5,0,-2.5
GCA_006517685.1,2,0.0,0.0,0.0,0.0,1.0,0.0,0,1.029999999999994
GCA_016991455.1,22,0.2272727272727272,0.0,0.0,0.0909090909090909,0.6818181818181818,0.1363636363636363,3,-1.6600000000000037
GCA_052036725.1,18,0.1666666666666666,0.0555555555555555,0.0555555555555555,0.0,0.6666666666666666,0.3333333333333333,5,-2.4200000000000017
GCA_016991215.1,20,0.2,0.0,0.0,0.1,0.7,0.05,2,-1.6900000000000048
GCA_003326305.1,16,0.1875,0.0625,0.0,0.0,0.75,0.375,6,-1.5399999999999991
GCA_022023055.1,20,0.3,0.1,0.0,0.0,0.6,0.2,10,-0.9500000000000028
GCA_054832145.1,17,0.0,0.0588235294117647,0.0,0.0588235294117647,0.8823529411764706,0.0,0,-0.5600000000000023
GCA_054067855.1,15,0.1333333333333333,0.0666666666666666,0.0,0.0,0.8,0.4666666666666667,1,-1.1299999999999957
GCA_003326295.1,17,0.1764705882352941,0.0588235294117647,0.0,0.0,0.7058823529411765,0.5294117647058824,2,-2.979999999999997
GCA_016881465.1,17,0.1764705882352941,0.0588235294117647,0.0,0.0,0.7058823529411765,0.2352941176470588,3,-4.810000000000002
GCA_052183815.1,18,0.0555555555555555,0.0,0.0,0.0555555555555555,0.8333333333333334,0.1111111111111111,4,-0.7000000000000028
GCA_015537575.1,7,0.0,0.0,0.2857142857142857,0.1428571428571428,0.5714285714285714,0.0,5,-0.3700000000000045
GCA_020615495.1,15,0.1333333333333333,0.0666666666666666,0.0,0.0,0.8,0.5333333333333333,3,-2.949999999999996
GCA_022209825.1,18,0.2222222222222222,0.1111111111111111,0.0,0.0,0.6666666666666666,0.5,4,-1.0900000000000034
GCA_028435925.1,7,0.0,0.0,0.2857142857142857,0.1428571428571428,0.5714285714285714,0.0,1,-0.3399999999999963
GCA_034931785.1,8,0.0,0.0,0.375,0.125,0.5,0.0,8,-0.5100000000000051
GCA_054067955.1,17,0.1764705882352941,0.0588235294117647,0.0,0.0,0.7058823529411765,0.2941176470588235,3,-2.68
GCA_029078845.1,17,0.1764705882352941,0.0588235294117647,0.0,0.0,0.7058823529411765,0.5294117647058824,4,-1.490000000000002
GCA_002461645.1,15,0.0,0.0,0.0,0.0666666666666666,0.9333333333333332,0.0,2,-2.539999999999999
GCA_007647325.1,17,0.0588235294117647,0.0,0.0,0.0588235294117647,0.8823529411764706,0.0588235294117647,0,-1.1699999999999946
GCA_029076075.1,16,0.125,0.0625,0.0,0.0,0.75,0.3125,5,-1.740000000000002
GCA_011038515.1,16,0.1875,0.0625,0.0,0.0,0.75,0.25,2,-1.7600000000000051
GCA_052388975.1,17,0.1764705882352941,0.0,0.0,0.0,0.8235294117647058,0.1176470588235294,4,-11.0
GCA_011038295.1,15,0.1333333333333333,0.0,0.0,0.0,0.8,0.2,2,-3.4200000000000017
GCA_003204905.1,6,0.1666666666666666,0.1666666666666666,0.0,0.1666666666666666,0.5,0.3333333333333333,3,-1.480000000000004
GCA_042875835.1,2,0.0,0.0,0.0,0.0,1.0,0.0,0,-1.5399999999999991
GCA_051842205.1,7,0.0,0.0,0.2857142857142857,0.1428571428571428,0.5714285714285714,0.0,4,-0.4099999999999966
GCA_036662855.1,16,0.1875,0.0,0.0,0.0,0.75,0.1875,4,-5.939999999999998
GCA_002490265.1,18,0.1666666666666666,0.0,0.0,0.0555555555555555,0.7777777777777778,0.2222222222222222,2,-2.3800000000000026
GCA_006151965.1,16,0.0625,0.0625,0.0,0.0,0.875,0.1875,1,-1.0499999999999972
GCA_003325635.1,6,0.0,0.0,0.1666666666666666,0.1666666666666666,0.6666666666666666,0.0,3,0.3399999999999963
GCA_041218735.1,17,0.1764705882352941,0.0588235294117647,0.0,0.0,0.7058823529411765,0.2352941176470588,2,-4.43
GCA_007644195.1,12,0.0,0.0,0.0,0.0833333333333333,0.9166666666666666,0.0,0,-2.0600000000000023
GCA_024651865.1,15,0.1333333333333333,0.0,0.0,0.0,0.8,0.4,3,-0.759999999999998
GCA_039677745.1,7,0.0,0.0,0.4285714285714285,0.1428571428571428,0.4285714285714285,0.0,2,-0.3599999999999994
GCA_022758525.1,16,0.0,0.0,0.0,0.0625,0.9375,0.125,0,-0.8500000000000014
GCA_031460355.1,14,0.0,0.0,0.0,0.0714285714285714,0.9285714285714286,0.0,0,-4.469999999999999
GCA_016056005.1,7,0.0,0.0,0.2857142857142857,0.1428571428571428,0.5714285714285714,0.0,4,-0.1700000000000017
GCA_021021035.1,16,0.1875,0.0625,0.0,0.0,0.75,0.4375,6,-1.470000000000006
GCA_003204525.1,6,0.1666666666666666,0.1666666666666666,0.0,0.1666666666666666,0.5,0.5,3,-1.0600000000000025
GCA_054069375.1,18,0.2222222222222222,0.0555555555555555,0.0,0.0,0.6666666666666666,0.3888888888888889,3,-2.1099999999999994
GCA_029075965.1,17,0.1764705882352941,0.0588235294117647,0.0,0.0,0.7058823529411765,0.3529411764705882,5,-2.270000000000003
GCA_024813675.1,16,0.1875,0.0,0.0,0.0,0.75,0.4375,1,-1.2999999999999972
GCA_016598855.1,12,0.0,0.0833333333333333,0.0,0.0,0.9166666666666666,0.0833333333333333,1,-4.310000000000002
GCA_028210855.1,17,0.1764705882352941,0.0588235294117647,0.0,0.0,0.7058823529411765,0.3529411764705882,3,-2.4099999999999966
GCA_029079475.1,17,0.1764705882352941,0.0588235294117647,0.0,0.0,0.7058823529411765,0.4117647058823529,3,-1.2999999999999972
GCA_029079905.1,15,0.0666666666666666,0.1333333333333333,0.0,0.0,0.8,0.4666666666666667,2,-1.6400000000000006
GCA_022209625.1,22,0.2727272727272727,0.0909090909090909,0.0,0.0,0.5454545454545454,0.4545454545454545,6,0.1099999999999994
GCA_023060615.1,9,0.0,0.0,0.0,0.1111111111111111,0.8888888888888888,0.0,0,0.4600000000000008
GCA_003338595.1,16,0.1875,0.0625,0.0,0.0,0.75,0.25,5,-1.2999999999999972
GCA_053613435.1,17,0.2352941176470588,0.0,0.0588235294117647,0.0,0.6470588235294118,0.4117647058823529,4,-0.7800000000000011
GCA_026223455.1,18,0.2222222222222222,0.0,0.0555555555555555,0.0,0.6666666666666666,0.2777777777777778,6,-1.3399999999999963
GCA_016991115.1,21,0.0952380952380952,0.0,0.0,0.0952380952380952,0.7142857142857143,0.0,4,-0.0800000000000054
GCA_015537445.1,7,0.0,0.0,0.2857142857142857,0.1428571428571428,0.5714285714285714,0.0,2,0.509999999999998
GCA_029080045.1,15,0.2,0.1333333333333333,0.0,0.0,0.6,0.2666666666666666,2,-0.1400000000000005
GCA_045176285.1,22,0.2727272727272727,0.0909090909090909,0.0,0.0,0.5454545454545454,0.5,6,-0.2899999999999991
GCA_054612235.1,14,0.2142857142857142,0.0714285714285714,0.0,0.0714285714285714,0.5714285714285714,0.0714285714285714,5,-2.229999999999997
GCA_014451235.1,15,0.1333333333333333,0.0,0.0,0.0,0.8,0.6,2,-1.1400000000000006
GCA_016760455.1,17,0.0588235294117647,0.0,0.0,0.0588235294117647,0.8823529411764706,0.0588235294117647,3,-1.1999999999999955
GCA_018021275.1,19,0.1052631578947368,0.0,0.0,0.1052631578947368,0.7894736842105263,0.0,7,-1.2899999999999991
GCA_006152045.1,16,0.1875,0.0,0.0,0.0,0.75,0.3125,4,0.0399999999999991
GCA_000805715.1,4,0.0,0.0,0.25,0.0,0.5,0.25,5,4.1200000000000045
GCA_041222155.1,16,0.125,0.0625,0.0,0.0,0.75,0.1875,3,-4.329999999999998
GCA_024650905.1,15,0.1333333333333333,0.0,0.0,0.0,0.8,0.4,3,-0.5300000000000011
GCA_009651075.1,18,0.2222222222222222,0.0555555555555555,0.0,0.0,0.6666666666666666,0.5,3,-1.6900000000000048
GCA_036927645.1,17,0.0588235294117647,0.0,0.0,0.0588235294117647,0.8823529411764706,0.1764705882352941,1,-2.460000000000001
GCA_051169445.1,7,0.0,0.0,0.2857142857142857,0.1428571428571428,0.5714285714285714,0.0,7,0.240000000000002
GCA_011290775.4,19,0.0526315789473684,0.1052631578947368,0.0,0.0526315789473684,0.7894736842105263,0.2105263157894736,3,-1.8699999999999968
GCA_040493815.1,17,0.1764705882352941,0.0,0.0588235294117647,0.0,0.7058823529411765,0.1176470588235294,4,-4.560000000000002
GCA_048970135.1,15,0.1333333333333333,0.0666666666666666,0.0,0.0,0.8,0.5333333333333333,2,-1.3900000000000006
GCA_036575065.1,16,0.1875,0.0,0.0625,0.0,0.75,0.1875,5,-4.950000000000003
GCA_014833135.1,15,0.0666666666666666,0.0666666666666666,0.0,0.0,0.8,0.3333333333333333,2,-2.460000000000001
GCA_043848695.1,17,0.0,0.0588235294117647,0.0,0.0588235294117647,0.8823529411764706,0.1764705882352941,3,-1.3500000000000014
GCA_021736125.1,17,0.0588235294117647,0.0,0.0,0.0588235294117647,0.8823529411764706,0.2941176470588235,2,0.5200000000000031
GCA_054048865.1,16,0.125,0.0625,0.0,0.0,0.75,0.3125,2,-1.0700000000000005
GCA_051842185.1,9,0.2222222222222222,0.0,0.2222222222222222,0.1111111111111111,0.4444444444444444,0.1111111111111111,6,0.0700000000000002
GCA_052388935.1,17,0.1764705882352941,0.0,0.0588235294117647,0.0,0.7058823529411765,0.5294117647058824,3,-1.4699999999999989
GCA_054067075.1,17,0.1764705882352941,0.0588235294117647,0.0,0.0,0.7058823529411765,0.3529411764705882,4,-2.740000000000002
GCA_042607485.1,18,0.1666666666666666,0.0555555555555555,0.0555555555555555,0.0,0.6666666666666666,0.3333333333333333,6,-3.979999999999997
GCA_014451245.1,16,0.1875,0.0625,0.0,0.0,0.75,0.375,4,-1.4399999999999975
GCA_012515875.1,6,0.0,0.0,0.1666666666666666,0.1666666666666666,0.6666666666666666,0.0,1,-0.2299999999999968
GCA_052183795.1,18,0.1111111111111111,0.0,0.0,0.0555555555555555,0.8333333333333334,0.0,3,-0.4099999999999966
GCA_011037775.1,17,0.1764705882352941,0.0588235294117647,0.0,0.0,0.7058823529411765,0.3529411764705882,2,-0.9599999999999936
GCA_024652385.1,15,0.1333333333333333,0.0,0.0,0.0,0.8,0.4,3,-1.2100000000000009
GCA_029079695.1,14,0.0714285714285714,0.0714285714285714,0.0,0.0,0.8571428571428571,0.2857142857142857,0,-2.890000000000001
GCA_051169535.1,7,0.0,0.0,0.2857142857142857,0.1428571428571428,0.5714285714285714,0.0,7,-0.1199999999999974
GCA_016055495.1,16,0.1875,0.0625,0.0,0.0,0.75,0.3125,6,-2.0
GCA_012955825.1,8,0.125,0.0,0.25,0.125,0.5,0.0,6,0.1099999999999994
GCA_002845925.1,13,0.0769230769230769,0.0,0.0,0.0,0.9230769230769232,0.0,0,-57.87
GCA_024650645.1,16,0.1875,0.0,0.0,0.0,0.75,0.4375,4,-1.3700000000000043
GCA_054068575.1,16,0.125,0.0625,0.0,0.0,0.75,0.25,2,-3.490000000000002
GCA_001611715.1,16,0.0625,0.0,0.0625,0.0625,0.8125,0.0625,2,0.9099999999999966
GCA_009829525.1,8,0.125,0.0,0.25,0.125,0.5,0.0,3,-0.4099999999999966
GCA_028439955.1,6,0.0,0.0,0.1666666666666666,0.1666666666666666,0.6666666666666666,0.1666666666666666,2,-0.7899999999999991
GCA_002845885.1,13,0.0769230769230769,0.0,0.0,0.0,0.9230769230769232,0.0,0,-57.55
GCA_023060075.1,14,0.0714285714285714,0.0714285714285714,0.0,0.0,0.8571428571428571,0.1428571428571428,2,-1.230000000000004
GCA_016055215.1,14,0.0714285714285714,0.0714285714285714,0.0,0.0,0.8571428571428571,0.5,0,-0.9199999999999946
GCA_018423625.1,17,0.1764705882352941,0.0588235294117647,0.0,0.0,0.7058823529411765,0.5294117647058824,2,-2.6599999999999966
GCA_024006975.1,12,0.0833333333333333,0.0833333333333333,0.0,0.0833333333333333,0.75,0.4166666666666667,4,-2.68
GCA_007648205.1,16,0.0,0.0,0.0,0.0625,0.9375,0.0,0,-0.7700000000000031
GCA_031009745.1,18,0.1111111111111111,0.1111111111111111,0.0,0.0,0.6666666666666666,0.3888888888888889,6,-0.4399999999999977
GCA_026223315.1,17,0.1764705882352941,0.0,0.0588235294117647,0.0,0.7058823529411765,0.3529411764705882,4,-2.1300000000000026
GCA_018423805.1,17,0.1764705882352941,0.0588235294117647,0.0,0.0,0.7058823529411765,0.4117647058823529,2,-1.3799999999999957
GCA_012955865.1,17,0.1764705882352941,0.0588235294117647,0.0,0.0,0.7058823529411765,0.5882352941176471,2,-1.1000000000000014
GCA_013425865.1,4,0.0,0.25,0.0,0.25,0.5,0.0,3,-59.69
GCA_037052625.1,18,0.2222222222222222,0.0,0.0555555555555555,0.0,0.6666666666666666,0.5,5,-1.9799999999999969
GCA_000355255.1,17,0.0588235294117647,0.0,0.0,0.0588235294117647,0.8823529411764706,0.1764705882352941,0,-1.1699999999999946
GCA_052388775.1,15,0.2,0.0,0.0,0.0,0.8,0.1333333333333333,2,-6.309999999999995
GCA_026223715.1,17,0.1764705882352941,0.0,0.0588235294117647,0.0,0.7647058823529411,0.5294117647058824,2,-1.8500000000000008
GCA_024650945.1,15,0.1333333333333333,0.0,0.0,0.0,0.8,0.3333333333333333,3,-0.1400000000000005
GCA_048970035.1,15,0.1333333333333333,0.0666666666666666,0.0,0.0,0.8,0.5333333333333333,2,-1.1900000000000048
GCA_028439855.1,7,0.0,0.0,0.2857142857142857,0.1428571428571428,0.5714285714285714,0.1428571428571428,5,-0.6000000000000014
GCA_022209945.1,22,0.2727272727272727,0.0,0.0909090909090909,0.0,0.6363636363636364,0.3636363636363636,12,-0.980000000000004
GCA_019202285.1,17,0.0588235294117647,0.0,0.0,0.0588235294117647,0.8235294117647058,0.0,2,-1.3399999999999963
GCA_022758785.1,19,0.1052631578947368,0.0,0.0,0.0526315789473684,0.7894736842105263,0.1052631578947368,5,-0.9799999999999968
GCA_026223615.1,15,0.2,0.0,0.0,0.0,0.8,0.4,4,-0.1900000000000048
GCA_029079625.1,15,0.0666666666666666,0.0666666666666666,0.0,0.0,0.8,0.2,1,-0.9200000000000016
GCA_016055695.1,17,0.1764705882352941,0.0588235294117647,0.0,0.0,0.7058823529411765,0.5882352941176471,2,-1.4199999999999946
GCA_053613375.1,14,0.1428571428571428,0.0714285714285714,0.0,0.0,0.7857142857142857,0.2857142857142857,1,-1.1300000000000026
GCA_029761785.1,7,0.1428571428571428,0.0,0.2857142857142857,0.1428571428571428,0.4285714285714285,0.0,5,-0.509999999999998
GCA_007648005.1,16,0.0,0.0,0.0,0.0625,0.9375,0.25,0,-1.509999999999998
GCA_022210185.1,26,0.2307692307692307,0.0769230769230769,0.0,0.0,0.6153846153846154,0.4615384615384615,4,-1.3100000000000025
GCA_030551075.1,7,0.0,0.0,0.2857142857142857,0.1428571428571428,0.5714285714285714,0.1428571428571428,7,0.0300000000000011
GCA_015537365.1,8,0.125,0.0,0.25,0.125,0.5,0.0,5,-0.8200000000000003
GCA_042607425.1,15,0.2,0.0666666666666666,0.0666666666666666,0.0,0.6666666666666666,0.2666666666666666,3,-4.840000000000003
GCA_031921665.1,4,0.25,0.0,0.25,0.0,0.5,0.25,3,2.390000000000001
GCA_015374485.1,16,0.0,0.0,0.0,0.0625,0.9375,0.125,0,-2.6000000000000014
GCA_001756835.2,15,0.2666666666666666,0.0666666666666666,0.0,0.0,0.6666666666666666,0.4,5,-0.6999999999999957
GCA_024055825.1,10,0.0,0.0,0.0,0.1,0.9,0.5,0,0.0499999999999971
GCA_022210305.1,22,0.2727272727272727,0.0909090909090909,0.0,0.0,0.5454545454545454,0.5909090909090909,4,-1.1000000000000014
GCA_011037635.1,16,0.125,0.0625,0.0,0.0,0.75,0.3125,5,-1.1600000000000037
GCA_016055635.1,16,0.125,0.0625,0.0,0.0,0.75,0.4375,2,-1.6099999999999994
GCA_007648315.1,16,0.0,0.0,0.0,0.0625,0.9375,0.0,0,0.019999999999996
GCA_035968235.1,17,0.1764705882352941,0.0588235294117647,0.0588235294117647,0.0,0.7058823529411765,0.5882352941176471,3,-1.009999999999998
GCA_042607805.1,17,0.2352941176470588,0.0588235294117647,0.0588235294117647,0.0,0.6470588235294118,0.2941176470588235,4,-7.170000000000002
GCA_028864085.1,17,0.0588235294117647,0.0,0.0,0.0588235294117647,0.8823529411764706,0.0588235294117647,2,-2.3799999999999955
GCA_026222835.1,18,0.2222222222222222,0.0,0.0555555555555555,0.0,0.6666666666666666,0.4444444444444444,2,-3.75
GCA_002304205.1,14,0.1428571428571428,0.0,0.0,0.0,0.8571428571428571,0.5714285714285714,5,-1.4200000000000017
GCA_002154845.1,13,0.1538461538461538,0.0,0.0,0.0769230769230769,0.6923076923076923,0.3076923076923077,5,-2.280000000000001
GCA_043848675.1,16,0.0625,0.0,0.0,0.0625,0.8125,0.125,2,-0.8999999999999986
GCA_030551145.1,7,0.0,0.0,0.2857142857142857,0.1428571428571428,0.5714285714285714,0.0,6,0.0
GCA_036575275.1,16,0.1875,0.0,0.0625,0.0,0.75,0.1875,3,-5.68
GCA_003321375.1,16,0.1875,0.0625,0.0,0.0,0.75,0.3125,3,-1.5799999999999983
GCA_026223535.1,15,0.0666666666666666,0.0,0.0666666666666666,0.0,0.8666666666666667,0.5333333333333333,0,-0.6600000000000037
GCA_021020815.1,16,0.1875,0.0625,0.0,0.0,0.75,0.375,6,-1.4099999999999966
GCA_052049475.1,17,0.1764705882352941,0.0588235294117647,0.0,0.0,0.7058823529411765,0.3529411764705882,6,-1.1799999999999995
GCA_016055435.1,17,0.1764705882352941,0.0588235294117647,0.0,0.0,0.7058823529411765,0.4705882352941176,5,-3.9199999999999946
GCA_054048785.1,17,0.1176470588235294,0.1176470588235294,0.0,0.0,0.7058823529411765,0.3529411764705882,1,-2.3500000000000014
GCA_022694095.1,16,0.0,0.0,0.0,0.0625,0.9375,0.0,0,-0.9200000000000016
GCA_021021225.1,16,0.1875,0.0625,0.0,0.0,0.75,0.4375,6,-2.3299999999999983
GCA_003651405.1,17,0.0588235294117647,0.0,0.0,0.0588235294117647,0.8823529411764706,0.0588235294117647,0,-2.140000000000001
GCA_011038335.1,17,0.1764705882352941,0.0588235294117647,0.0,0.0,0.7058823529411765,0.4705882352941176,3,-3.969999999999999
GCA_003095575.1,15,0.1333333333333333,0.0666666666666666,0.0,0.0,0.8,0.2666666666666666,4,-2.950000000000003
GCA_054068555.1,16,0.125,0.0625,0.0,0.0,0.75,0.3125,3,-0.3499999999999943
GCA_029079325.1,16,0.1875,0.0625,0.0,0.0,0.75,0.3125,0,-2.699999999999996
GCA_031630295.1,3,0.0,0.0,0.3333333333333333,0.0,0.6666666666666666,0.3333333333333333,2,4.539999999999999
GCA_023572625.1,7,0.0,0.0,0.2857142857142857,0.1428571428571428,0.5714285714285714,0.1428571428571428,5,-0.6299999999999955
GCA_016991975.1,21,0.0952380952380952,0.0,0.0,0.0952380952380952,0.7142857142857143,0.0,7,-0.2800000000000011
GCF_001750805.1,15,0.1333333333333333,0.0,0.0,0.0,0.8666666666666667,0.0666666666666666,2,-3.969999999999999
GCA_014323715.1,14,0.0714285714285714,0.0714285714285714,0.0,0.0,0.8571428571428571,0.4285714285714285,0,-1.1599999999999966
GCA_052036585.1,13,0.0769230769230769,0.0,0.0,0.0,0.9230769230769232,0.3846153846153846,0,-0.7899999999999991
GCA_036927775.1,16,0.0,0.0,0.0,0.0625,0.9375,0.125,0,-2.770000000000003
GCA_015537465.1,8,0.125,0.0,0.25,0.125,0.5,0.125,5,-0.0200000000000031
GCA_051170785.1,7,0.0,0.0,0.2857142857142857,0.1428571428571428,0.5714285714285714,0.0,9,-0.3599999999999994
GCA_024813785.1,16,0.1875,0.0625,0.0,0.0,0.75,0.3125,6,-2.0999999999999943
GCA_053309335.1,8,0.125,0.0,0.25,0.125,0.5,0.125,2,-0.8599999999999994
GCA_016881535.1,17,0.1764705882352941,0.0588235294117647,0.0,0.0,0.7058823529411765,0.2352941176470588,6,-5.160000000000004
GCA_007644155.1,16,0.0,0.0,0.0,0.0625,0.9375,0.25,0,-1.6099999999999994
GCA_019249915.1,18,0.1111111111111111,0.0,0.0,0.1111111111111111,0.7777777777777778,0.1111111111111111,4,-0.8100000000000023
GCA_003321385.1,14,0.1428571428571428,0.0,0.0,0.0,0.8571428571428571,0.1428571428571428,5,-0.6400000000000006
GCA_022210125.1,22,0.2727272727272727,0.0909090909090909,0.0,0.0,0.6363636363636364,0.3636363636363636,10,-0.4600000000000008
GCA_903932265.1,17,0.0588235294117647,0.0,0.0,0.0588235294117647,0.8823529411764706,0.1764705882352941,0,-1.5399999999999991
GCA_011812905.1,16,0.0625,0.0,0.0,0.0625,0.875,0.0625,4,-2.4200000000000017
GCA_022210325.1,24,0.25,0.0833333333333333,0.0,0.0,0.5833333333333334,0.4166666666666667,4,-1.3400000000000034
GCA_036575205.1,15,0.0666666666666666,0.0,0.0666666666666666,0.0,0.8666666666666667,0.0666666666666666,1,-9.04
GCA_015536875.1,8,0.125,0.0,0.25,0.125,0.5,0.0,5,-0.6899999999999977
GCA_007647205.1,16,0.0,0.0,0.0,0.0625,0.9375,0.0,0,0.279999999999994
GCA_041220685.1,14,0.0714285714285714,0.0714285714285714,0.0,0.0,0.8571428571428571,0.0714285714285714,1,-5.230000000000004
GCA_054069715.1,14,0.1428571428571428,0.0,0.0,0.0,0.8571428571428571,0.5714285714285714,4,-0.7899999999999991
GCA_022359595.1,13,0.0769230769230769,0.0,0.0,0.0,0.9230769230769232,0.2307692307692307,1,-0.9500000000000028
GCA_026223065.1,17,0.1764705882352941,0.0,0.0588235294117647,0.0,0.7058823529411765,0.4117647058823529,4,-0.6600000000000037
GCA_025971805.1,8,0.0,0.0,0.375,0.125,0.5,0.0,2,-0.0499999999999971
GCA_015538165.1,8,0.125,0.0,0.25,0.125,0.5,0.25,5,-0.5600000000000023
GCA_040493795.1,18,0.1666666666666666,0.0555555555555555,0.0555555555555555,0.0,0.6666666666666666,0.2222222222222222,4,-3.5600000000000023
GCA_026223285.1,17,0.1764705882352941,0.0588235294117647,0.0588235294117647,0.0,0.7058823529411765,0.5882352941176471,3,-1.6799999999999995
GCA_003576025.1,16,0.1875,0.0625,0.0,0.0,0.75,0.375,2,-2.640000000000001
GCA_024650705.1,13,0.0769230769230769,0.0,0.0,0.0,0.9230769230769232,0.3846153846153846,2,0.3900000000000005
GCA_019202145.1,18,0.0555555555555555,0.0,0.0,0.0555555555555555,0.8333333333333334,0.1111111111111111,2,-0.3200000000000003
GCA_015537975.1,7,0.0,0.0,0.2857142857142857,0.1428571428571428,0.5714285714285714,0.0,5,0.0
GCA_028440705.1,8,0.125,0.0,0.25,0.125,0.5,0.125,4,-0.1099999999999994
GCF_001660545.1,15,0.0,0.0,0.0,0.0666666666666666,0.9333333333333332,0.0,0,-8.839999999999996
GCA_024652805.1,14,0.1428571428571428,0.0,0.0,0.0,0.8571428571428571,0.2857142857142857,0,-3.760000000000005
GCA_031009725.1,20,0.3,0.1,0.0,0.0,0.6,0.3,8,-0.9200000000000016
GCA_024650795.1,13,0.0769230769230769,0.0,0.0,0.0,0.9230769230769232,0.2307692307692307,2,-1.1999999999999955
GCA_052049195.1,17,0.1764705882352941,0.0588235294117647,0.0,0.0,0.7058823529411765,0.4705882352941176,7,-0.1500000000000056
GCA_022022875.1,20,0.3,0.1,0.0,0.0,0.6,0.3,12,-1.5100000000000051
GCA_002468985.1,16,0.0,0.0,0.0,0.0625,0.9375,0.125,0,-1.3900000000000006
GCA_007648715.1,16,0.0,0.0,0.0,0.0625,0.9375,0.125,2,-0.9299999999999996
GCA_029079465.1,16,0.125,0.0625,0.0,0.0,0.75,0.375,2,-0.1499999999999985
GCA_031630415.1,17,0.0,0.0,0.0588235294117647,0.0588235294117647,0.8235294117647058,0.0588235294117647,5,-0.3399999999999963
GCA_015537525.1,7,0.0,0.0,0.2857142857142857,0.1428571428571428,0.5714285714285714,0.0,4,-0.4000000000000057
GCA_003204855.1,5,0.0,0.2,0.0,0.2,0.6,0.2,3,-1.5499999999999972
GCA_009184605.1,3,0.0,0.0,0.0,0.3333333333333333,0.6666666666666666,0.0,4,-1.0300000000000011
GCA_036575175.1,16,0.1875,0.0,0.0625,0.0,0.75,0.1875,3,-7.269999999999996
GCA_052185255.1,17,0.0588235294117647,0.0,0.0,0.0588235294117647,0.8823529411764706,0.0588235294117647,1,-1.9600000000000009
GCA_029079525.1,16,0.125,0.0625,0.0,0.0,0.75,0.4375,1,-1.0499999999999972
GCA_054069775.1,14,0.0714285714285714,0.0714285714285714,0.0,0.0,0.8571428571428571,0.5,1,-0.6200000000000045
GCA_004116875.1,17,0.0588235294117647,0.0,0.0,0.0588235294117647,0.8823529411764706,0.0,2,-6.980000000000004
GCA_052185455.1,18,0.1111111111111111,0.0,0.0,0.0555555555555555,0.8333333333333334,0.0555555555555555,0,-0.8999999999999986
GCA_003097475.1,15,0.2,0.0,0.0,0.0,0.8,0.2,5,-1.3400000000000034
GCA_022023195.1,18,0.3333333333333333,0.0,0.0,0.0,0.6666666666666666,0.4444444444444444,10,-0.1900000000000048
GCA_029076145.1,16,0.125,0.0625,0.0,0.0,0.75,0.5625,1,-1.4299999999999995
GCA_054066455.1,17,0.1764705882352941,0.0588235294117647,0.0,0.0,0.7058823529411765,0.4117647058823529,2,-1.1799999999999995
GCA_052183975.1,16,0.0,0.0,0.0,0.0625,0.9375,0.0,0,2.4099999999999966
GCA_024813755.1,17,0.1764705882352941,0.0,0.0,0.0,0.7647058823529411,0.4117647058823529,2,-1.3900000000000006
GCA_054068025.1,16,0.125,0.0625,0.0,0.0,0.75,0.25,3,-3.1499999999999986
GCA_028440245.1,7,0.0,0.0,0.2857142857142857,0.1428571428571428,0.5714285714285714,0.0,2,-0.5
GCA_051169675.1,7,0.0,0.0,0.2857142857142857,0.1428571428571428,0.5714285714285714,0.0,7,0.5399999999999991
GCA_014500815.1,17,0.1764705882352941,0.0588235294117647,0.0,0.0,0.7058823529411765,0.2941176470588235,4,-2.1899999999999977
GCA_022023175.1,17,0.1764705882352941,0.1176470588235294,0.0,0.0,0.7058823529411765,0.2941176470588235,4,0.25
GCA_017960395.1,7,0.0,0.0,0.2857142857142857,0.1428571428571428,0.5714285714285714,0.1428571428571428,4,-0.75
GCF_001715345.1,18,0.1666666666666666,0.0,0.0555555555555555,0.0,0.7222222222222222,0.2777777777777778,4,-3.469999999999999
GCA_052049315.1,14,0.0714285714285714,0.0714285714285714,0.0,0.0,0.8571428571428571,0.1428571428571428,0,-3.43
GCA_022209485.1,22,0.2727272727272727,0.0,0.0909090909090909,0.0,0.5454545454545454,0.3636363636363636,16,-0.9299999999999996
GCA_022758645.1,16,0.0,0.0,0.0,0.0625,0.9375,0.0,0,-0.0500000000000042
GCA_054069295.1,15,0.1333333333333333,0.0,0.0,0.0,0.8666666666666667,0.0,2,-3.160000000000004
GCA_007648525.1,16,0.0,0.0,0.0,0.0625,0.9375,0.0,0,-2.229999999999997
GCA_018156745.1,8,0.125,0.0,0.25,0.125,0.5,0.25,4,-0.019999999999996
GCA_026223645.1,17,0.1764705882352941,0.0,0.0588235294117647,0.0,0.7647058823529411,0.2941176470588235,3,-2.6700000000000017
GCA_022304515.1,20,0.2,0.1,0.0,0.0,0.7,0.6,12,-0.6799999999999997
GCA_011038135.1,16,0.1875,0.0625,0.0,0.0,0.75,0.3125,6,-1.4399999999999975
GCA_029078955.1,16,0.125,0.0625,0.0,0.0,0.75,0.4375,2,-1.0999999999999943
GCA_007648725.1,15,0.0,0.0,0.0,0.0666666666666666,0.9333333333333332,0.1333333333333333,0,-2.270000000000003
GCA_028864025.1,16,0.0625,0.0,0.0,0.0625,0.875,0.1875,3,-2.1599999999999966
GCA_024652545.1,15,0.1333333333333333,0.0,0.0,0.0,0.8,0.5333333333333333,3,-1.5899999999999963
GCA_054069675.1,15,0.1333333333333333,0.0666666666666666,0.0,0.0,0.8,0.4666666666666667,1,-1.2299999999999969
GCA_003325525.1,17,0.2352941176470588,0.0,0.0,0.0,0.7058823529411765,0.4705882352941176,3,-2.1000000000000014
GCA_029079175.1,17,0.1764705882352941,0.0588235294117647,0.0,0.0,0.7058823529411765,0.5294117647058824,4,-2.0600000000000023
GCA_002157345.1,15,0.2,0.0,0.0,0.0,0.7333333333333333,0.0666666666666666,4,-1.3100000000000025
GCA_031009685.1,18,0.1111111111111111,0.1111111111111111,0.0,0.0,0.6666666666666666,0.5,6,-0.7000000000000028
GCA_013425845.1,4,0.0,0.25,0.0,0.25,0.5,0.0,3,-59.7
GCA_042607645.1,18,0.1666666666666666,0.0555555555555555,0.0555555555555555,0.0,0.6666666666666666,0.4444444444444444,6,-1.5
GCA_016991995.1,22,0.1363636363636363,0.0,0.0,0.1818181818181818,0.6818181818181818,0.0454545454545454,11,-1.4299999999999995
GCA_052184935.1,16,0.0625,0.0,0.0,0.0625,0.875,0.1875,3,-1.0499999999999972
GCA_024650655.1,13,0.0769230769230769,0.0,0.0,0.0,0.9230769230769232,0.3076923076923077,1,-0.009999999999998
GCA_041222685.1,15,0.1333333333333333,0.0666666666666666,0.0,0.0,0.8,0.1333333333333333,2,-4.57
GCA_054066675.1,13,0.0769230769230769,0.0,0.0,0.0,0.9230769230769232,0.2307692307692307,0,-0.6599999999999966
GCA_014524525.1,16,0.1875,0.0625,0.0,0.0,0.75,0.1875,4,-5.050000000000004
GCA_031100975.1,10,0.0,0.0,0.4,0.2,0.4,0.0,10,1.3900000000000006
GCA_015537565.1,7,0.0,0.0,0.2857142857142857,0.1428571428571428,0.5714285714285714,0.0,5,-0.259999999999998
GCA_003095515.1,14,0.1428571428571428,0.0714285714285714,0.0,0.0,0.7857142857142857,0.1428571428571428,6,-1.8999999999999984
GCA_024813565.1,16,0.1875,0.0,0.0,0.0,0.75,0.5625,4,-0.5399999999999991
GCA_022210645.1,20,0.3,0.1,0.0,0.0,0.6,0.6,4,-1.4500000000000028
GCA_030674085.1,15,0.1333333333333333,0.1333333333333333,0.0666666666666666,0.0,0.6,0.2,5,-3.460000000000001
GCA_016055235.1,17,0.1764705882352941,0.0588235294117647,0.0,0.0,0.7058823529411765,0.4117647058823529,2,-1.9600000000000009
GCA_022210965.1,26,0.2307692307692307,0.0769230769230769,0.0,0.0,0.6153846153846154,0.5769230769230769,8,-1.1600000000000037
GCA_024651845.1,15,0.1333333333333333,0.0,0.0,0.0,0.8,0.2,3,-1.2000000000000028
GCA_018423865.1,16,0.125,0.0625,0.0,0.0,0.75,0.375,2,-2.389999999999993
GCA_021021075.1,16,0.1875,0.0625,0.0,0.0,0.75,0.4375,6,-1.6300000000000026
GCA_015537415.1,7,0.0,0.0,0.2857142857142857,0.1428571428571428,0.5714285714285714,0.1428571428571428,2,-0.4500000000000028
GCA_031570195.1,7,0.2857142857142857,0.0,0.1428571428571428,0.1428571428571428,0.4285714285714285,0.2857142857142857,5,-0.8100000000000023
GCA_052049435.1,16,0.1875,0.0625,0.0,0.0,0.75,0.5625,3,-0.5200000000000031
GCA_041890445.1,14,0.0,0.0,0.0,0.0714285714285714,0.9285714285714286,0.1428571428571428,1,-1.8299999999999983
GCA_040493875.1,18,0.1666666666666666,0.0,0.0555555555555555,0.0,0.7222222222222222,0.4444444444444444,4,-2.0
GCA_003284885.1,6,0.1666666666666666,0.1666666666666666,0.0,0.1666666666666666,0.5,0.5,3,-0.8999999999999986
GCA_024650855.1,15,0.1333333333333333,0.0,0.0,0.0,0.8,0.2666666666666666,3,0.1499999999999985
GCA_018223905.1,14,0.1428571428571428,0.0,0.0,0.0,0.7857142857142857,0.1428571428571428,2,-0.8000000000000043
GCA_016990915.1,20,0.15,0.0,0.0,0.1,0.75,0.0,3,-2.049999999999997
GCA_016991315.1,19,0.1052631578947368,0.0,0.0,0.1052631578947368,0.7894736842105263,0.0,2,-0.9299999999999996
GCA_052036375.1,15,0.2,0.0,0.0,0.0,0.8,0.0666666666666666,2,-8.229999999999997
GCA_019201615.1,17,0.0588235294117647,0.0,0.0,0.0588235294117647,0.8823529411764706,0.1764705882352941,4,-2.8400000000000034
GCA_052049235.1,16,0.1875,0.0625,0.0,0.0,0.75,0.375,5,-1.0700000000000005
GCA_022304475.1,42,0.6666666666666666,0.0476190476190476,0.0,0.0,0.2857142857142857,0.119047619047619,7,-2.140000000000001
GCA_041387235.1,16,0.1875,0.0625,0.0,0.0,0.75,0.3125,6,-3.390000000000001
GCA_024655315.1,12,0.0833333333333333,0.0833333333333333,0.0,0.0833333333333333,0.75,0.4166666666666667,4,-2.710000000000001
GCA_015537405.1,8,0.0,0.0,0.375,0.125,0.5,0.125,4,-0.0200000000000031
GCA_022694025.1,17,0.0588235294117647,0.0,0.0,0.0588235294117647,0.8823529411764706,0.1764705882352941,2,-1.970000000000006
GCA_042607555.1,16,0.1875,0.0625,0.0625,0.0,0.625,0.3125,8,-5.039999999999999
GCA_016055015.1,8,0.125,0.0,0.25,0.125,0.5,0.125,4,0.2800000000000011
GCA_054068255.1,16,0.125,0.0625,0.0,0.0,0.75,0.375,1,-0.1000000000000014
GCA_052492815.1,8,0.0,0.0,0.375,0.125,0.5,0.25,8,0.1300000000000025
GCA_036662875.1,16,0.1875,0.0,0.0,0.0,0.75,0.4375,4,-1.4599999999999935
GCA_052049295.1,15,0.2,0.0666666666666666,0.0,0.0,0.7333333333333333,0.3333333333333333,6,-0.740000000000002
GCA_026223635.2,11,0.1818181818181818,0.0,0.0,0.0,0.8181818181818182,0.0909090909090909,1,-4.770000000000003
GCA_029076045.1,15,0.0666666666666666,0.0666666666666666,0.0,0.0,0.8,0.3333333333333333,2,-3.4399999999999977
GCA_054048765.1,15,0.2666666666666666,0.0,0.0,0.0,0.7333333333333333,0.2,1,-4.969999999999999
GCA_029079285.1,15,0.0666666666666666,0.0666666666666666,0.0,0.0,0.8,0.1333333333333333,2,-2.369999999999997
GCA_023572705.1,16,0.125,0.0,0.0,0.0625,0.8125,0.25,3,-0.3500000000000014
GCA_052492615.1,8,0.0,0.0,0.375,0.125,0.5,0.25,8,-0.0100000000000051
GCA_025971935.1,6,0.0,0.0,0.3333333333333333,0.1666666666666666,0.5,0.1666666666666666,5,-0.279999999999994
GCA_007646635.1,16,0.0,0.0,0.0,0.0625,0.9375,0.125,0,-1.1799999999999995
GCA_020615655.1,15,0.0666666666666666,0.1333333333333333,0.0,0.0,0.8,0.6,2,-1.8999999999999984
GCA_049546755.1,15,0.0666666666666666,0.0666666666666666,0.0,0.0,0.8666666666666667,0.2666666666666666,0,-1.4600000000000009
GCA_018423915.1,17,0.2352941176470588,0.0588235294117647,0.0,0.0,0.7058823529411765,0.3529411764705882,2,-1.279999999999994
GCA_016485125.1,12,0.1666666666666666,0.0,0.3333333333333333,0.1666666666666666,0.3333333333333333,0.25,10,0.4799999999999969
GCA_054068135.1,14,0.0714285714285714,0.0714285714285714,0.0,0.0,0.8571428571428571,0.3571428571428571,0,-1.0200000000000031
GCA_019202655.1,17,0.0588235294117647,0.0,0.0,0.0588235294117647,0.8823529411764706,0.1176470588235294,1,-1.0899999999999963
GCA_042862905.1,7,0.0,0.0,0.2857142857142857,0.1428571428571428,0.5714285714285714,0.0,4,-0.1599999999999966
GCA_031010985.1,16,0.125,0.125,0.0,0.0,0.75,0.5625,4,-0.740000000000002
GCA_022209725.1,22,0.2727272727272727,0.0,0.0909090909090909,0.0,0.5454545454545454,0.3636363636363636,16,-1.2100000000000009
GCA_028436005.1,7,0.0,0.0,0.2857142857142857,0.1428571428571428,0.5714285714285714,0.1428571428571428,4,0.1700000000000017
GCA_051169715.1,7,0.0,0.0,0.2857142857142857,0.1428571428571428,0.5714285714285714,0.0,7,0.3599999999999994
GCA_007646555.1,17,0.0588235294117647,0.0,0.0,0.0588235294117647,0.8823529411764706,0.0588235294117647,0,-0.5799999999999983
GCA_016991435.1,22,0.2272727272727272,0.0,0.0,0.0909090909090909,0.6818181818181818,0.0,3,-0.5900000000000034
GCA_015537385.1,7,0.0,0.0,0.2857142857142857,0.1428571428571428,0.5714285714285714,0.1428571428571428,2,-0.2000000000000028
GCA_030466455.1,19,0.1052631578947368,0.0,0.0,0.0526315789473684,0.7894736842105263,0.2105263157894736,5,-0.6199999999999974
GCA_022209445.1,24,0.25,0.0833333333333333,0.0,0.0,0.5833333333333334,0.375,6,-0.1099999999999994
GCA_002192975.1,13,0.1538461538461538,0.0,0.0,0.0,0.8461538461538461,0.0769230769230769,5,0.6899999999999977
GCA_018423675.1,17,0.1764705882352941,0.0588235294117647,0.0,0.0,0.7058823529411765,0.5294117647058824,5,-2.039999999999999
GCA_054068095.1,15,0.0666666666666666,0.0666666666666666,0.0,0.0,0.8,0.2666666666666666,1,-0.3299999999999983
GCA_004118895.1,17,0.0588235294117647,0.0,0.0,0.0588235294117647,0.8823529411764706,0.0,0,-8.399999999999999
GCA_052049495.1,18,0.1666666666666666,0.0555555555555555,0.0555555555555555,0.0,0.6666666666666666,0.5,5,-2.539999999999999
GCA_022359755.1,13,0.0769230769230769,0.0,0.0,0.0,0.9230769230769232,0.1538461538461538,1,-1.4200000000000017
GCA_036927635.1,16,0.0,0.0,0.0,0.0625,0.9375,0.125,0,-1.3200000000000005
GCA_022023115.1,20,0.3,0.1,0.0,0.0,0.6,0.25,12,-1.5600000000000025
GCA_022210825.1,20,0.2,0.1,0.0,0.0,0.6,0.6,4,-0.7099999999999937
GCA_054066415.1,16,0.1875,0.0625,0.0,0.0,0.75,0.3125,6,-1.6799999999999995
GCA_043848815.1,16,0.1875,0.0625,0.0,0.0,0.6875,0.5625,2,-0.75
GCA_015537285.1,7,0.0,0.0,0.2857142857142857,0.1428571428571428,0.5714285714285714,0.0,5,-0.8800000000000026
GCA_031011065.1,20,0.2,0.1,0.0,0.0,0.7,0.65,2,-0.769999999999996
GCA_007648145.1,16,0.0,0.0,0.0,0.0625,0.9375,0.125,0,-0.9899999999999948
GCA_024655305.1,11,0.0,0.0909090909090909,0.0,0.0909090909090909,0.8181818181818182,0.4545454545454545,0,-0.029999999999994
GCA_024813535.1,14,0.0714285714285714,0.0714285714285714,0.0,0.0,0.8571428571428571,0.4285714285714285,0,-0.009999999999998
GCA_054067895.1,16,0.125,0.0625,0.0,0.0,0.75,0.25,3,-3.1599999999999966
GCA_003095495.1,16,0.1875,0.0625,0.0,0.0,0.75,0.25,6,-1.5900000000000034
GCA_022209585.1,18,0.1111111111111111,0.1111111111111111,0.0,0.0,0.7777777777777778,0.3333333333333333,0,-1.75
GCA_007648215.1,16,0.0,0.0,0.0,0.0625,0.9375,0.125,0,-1.5600000000000025
GCA_025698005.1,18,0.1111111111111111,0.0,0.0,0.0555555555555555,0.8333333333333334,0.3333333333333333,3,-2.739999999999995
GCA_007647335.1,15,0.0,0.0,0.0,0.0666666666666666,0.9333333333333332,0.1333333333333333,0,-0.2000000000000028
GCA_015538105.1,8,0.125,0.0,0.25,0.125,0.5,0.25,5,-0.5300000000000011
GCA_042160215.1,18,0.1666666666666666,0.0555555555555555,0.0555555555555555,0.0,0.6666666666666666,0.3888888888888889,6,-0.9600000000000009
GCA_025234845.1,5,0.2,0.0,0.0,0.2,0.6,0.0,2,-1.0599999999999952
GCA_019202225.1,18,0.0555555555555555,0.0,0.0,0.0555555555555555,0.8333333333333334,0.0,4,-1.3699999999999974
GCA_015537225.1,7,0.0,0.0,0.2857142857142857,0.1428571428571428,0.5714285714285714,0.0,4,0.8399999999999963
GCA_011037865.1,16,0.1875,0.0625,0.0,0.0,0.75,0.4375,6,-2.9000000000000057
GCA_052185235.1,19,0.1052631578947368,0.0,0.0,0.0526315789473684,0.7894736842105263,0.0,1,-0.6400000000000006
GCA_031010935.1,22,0.2727272727272727,0.0909090909090909,0.0,0.0,0.5454545454545454,0.4090909090909091,8,-0.2199999999999988
GCA_026223055.1,18,0.2222222222222222,0.0,0.0555555555555555,0.0,0.6666666666666666,0.4444444444444444,4,-3.899999999999999
GCA_015538325.1,8,0.125,0.0,0.25,0.125,0.5,0.25,5,-0.3200000000000003
GCA_051169695.1,7,0.0,0.0,0.2857142857142857,0.1428571428571428,0.5714285714285714,0.0,7,0.3999999999999986
GCA_019837225.1,15,0.2,0.0,0.0,0.0,0.8,0.3333333333333333,4,-0.269999999999996
GCA_024650265.1,15,0.1333333333333333,0.0,0.0,0.0,0.8,0.3333333333333333,4,-1.1999999999999955
GCA_028440065.1,8,0.125,0.0,0.25,0.125,0.5,0.0,4,-0.9600000000000009
GCA_028440485.1,7,0.0,0.0,0.2857142857142857,0.1428571428571428,0.5714285714285714,0.1428571428571428,2,-0.3999999999999986
GCA_011038475.1,17,0.1764705882352941,0.0588235294117647,0.0,0.0,0.7058823529411765,0.2941176470588235,3,-1.3100000000000025
GCA_002154865.1,11,0.1818181818181818,0.0,0.0,0.0909090909090909,0.7272727272727273,0.6363636363636364,3,-0.3999999999999986
GCA_013138415.1,8,0.125,0.0,0.25,0.125,0.5,0.125,5,-0.6199999999999974
GCA_042875975.1,2,0.0,0.0,0.0,0.0,1.0,0.0,0,-1.259999999999998
GCA_015666365.1,8,0.125,0.0,0.25,0.125,0.5,0.25,4,0.0300000000000011
GCA_016991055.1,23,0.0869565217391304,0.0,0.0,0.2608695652173913,0.6521739130434783,0.0434782608695652,8,-0.9899999999999948
GCA_016055655.1,15,0.0666666666666666,0.0,0.0666666666666666,0.0,0.8,0.0,4,-3.9399999999999977
GCA_023572725.1,7,0.0,0.0,0.2857142857142857,0.1428571428571428,0.5714285714285714,0.0,1,0.1499999999999985
GCA_016991475.1,21,0.1904761904761904,0.0,0.0,0.0952380952380952,0.7142857142857143,0.1904761904761904,7,-1.990000000000002
GCA_022210985.1,26,0.2307692307692307,0.0769230769230769,0.0,0.0,0.6153846153846154,0.4615384615384615,6,-0.029999999999994
GCA_052048855.1,15,0.1333333333333333,0.0666666666666666,0.0,0.0,0.8,0.5333333333333333,3,-0.8900000000000006
GCA_011037555.1,16,0.1875,0.0625,0.0,0.0,0.75,0.375,4,-1.0
GCA_022321785.1,25,0.44,0.08,0.0,0.0,0.48,0.24,4,0.1700000000000017
GCA_054068015.1,11,0.0909090909090909,0.0,0.0,0.0,0.9090909090909092,0.3636363636363636,0,0.7199999999999989
GCA_042607545.1,18,0.1666666666666666,0.0555555555555555,0.0555555555555555,0.0,0.6666666666666666,0.4444444444444444,5,-3.3299999999999983
GCA_051170585.1,7,0.0,0.0,0.2857142857142857,0.1428571428571428,0.5714285714285714,0.0,3,0.1499999999999985
GCA_016991675.1,21,0.1428571428571428,0.0,0.0,0.1428571428571428,0.7142857142857143,0.1428571428571428,6,-2.1499999999999986
GCA_026223795.1,14,0.1428571428571428,0.0,0.0714285714285714,0.0714285714285714,0.7142857142857143,0.2857142857142857,3,-0.7899999999999991
GCA_052049015.1,15,0.2,0.0,0.0,0.0,0.8,0.4,6,-1.4200000000000017
GCA_022210285.1,20,0.2,0.1,0.0,0.0,0.6,0.55,4,-0.6099999999999994
GCA_016881565.1,16,0.125,0.0625,0.0,0.0,0.75,0.1875,3,-5.0
GCA_016485305.1,12,0.1666666666666666,0.0,0.3333333333333333,0.1666666666666666,0.3333333333333333,0.1666666666666666,8,-0.0399999999999991
GCA_016056095.1,7,0.0,0.0,0.4285714285714285,0.1428571428571428,0.4285714285714285,0.1428571428571428,4,-0.6700000000000017
GCA_002209465.1,14,0.1428571428571428,0.0,0.0,0.0,0.8571428571428571,0.3571428571428571,0,0.0499999999999971
GCA_000355215.1,16,0.0,0.0,0.0,0.0625,0.9375,0.125,2,-2.1000000000000014
GCA_023572505.1,10,0.0,0.0,0.0,0.1,0.9,0.2,0,0.1600000000000037
GCA_003574235.1,18,0.2222222222222222,0.0,0.0555555555555555,0.0,0.6111111111111112,0.2222222222222222,6,-9.71
GCA_029458035.1,17,0.1764705882352941,0.0588235294117647,0.0588235294117647,0.0,0.7058823529411765,0.1764705882352941,2,-4.989999999999995
GCA_023572675.1,13,0.1538461538461538,0.0769230769230769,0.0,0.0,0.7692307692307693,0.2307692307692307,2,0.3900000000000005
GCA_051170125.1,6,0.0,0.0,0.3333333333333333,0.0,0.6666666666666666,0.0,7,0.25
GCA_051169765.1,7,0.0,0.0,0.2857142857142857,0.1428571428571428,0.5714285714285714,0.0,7,0.2300000000000039
GCA_052048755.1,17,0.1764705882352941,0.0588235294117647,0.0,0.0,0.7058823529411765,0.5294117647058824,5,-1.5800000000000054
GCA_007663355.1,16,0.0,0.0,0.0,0.0625,0.9375,0.25,0,-1.2899999999999991
GCA_007648995.1,16,0.0,0.0,0.0,0.0625,0.9375,0.25,0,-2.030000000000001
GCA_022023355.1,20,0.2,0.1,0.0,0.0,0.6,0.2,6,-3.440000000000005
GCA_052185155.1,18,0.0,0.0,0.0,0.1111111111111111,0.8888888888888888,0.0555555555555555,0,-1.4600000000000009
GCA_041221925.1,16,0.1875,0.0625,0.0,0.0,0.75,0.1875,3,-5.729999999999997
GCA_054066375.1,16,0.1875,0.0625,0.0,0.0,0.75,0.4375,6,-1.4100000000000037
GCA_022758705.1,16,0.0,0.0,0.0,0.0625,0.9375,0.0,0,1.25
GCA_052184655.1,18,0.1111111111111111,0.0,0.0,0.0555555555555555,0.8333333333333334,0.1111111111111111,2,-2.1599999999999966
GCA_022022895.1,23,0.3043478260869565,0.0869565217391304,0.0,0.0,0.6086956521739131,0.1739130434782608,10,-2.509999999999998
GCA_040493745.1,16,0.1875,0.0625,0.0,0.0,0.75,0.5625,2,-0.4200000000000017
GCA_022321445.1,20,0.3,0.1,0.0,0.0,0.6,0.45,4,0.3200000000000003
GCA_000188815.2,16,0.0625,0.0,0.0,0.0625,0.875,0.0,0,-0.4000000000000057
GCA_054067575.1,17,0.1764705882352941,0.0588235294117647,0.0,0.0,0.7058823529411765,0.3529411764705882,4,-3.1300000000000026
GCA_051169655.1,7,0.0,0.0,0.2857142857142857,0.1428571428571428,0.5714285714285714,0.0,7,0.1899999999999977
GCA_022304495.1,26,0.4615384615384615,0.0769230769230769,0.0,0.0,0.4615384615384615,0.1923076923076923,12,-1.220000000000006
GCA_007648705.1,16,0.0,0.0,0.0,0.0625,0.9375,0.125,0,-1.6499999999999986
GCA_022022955.1,20,0.3,0.1,0.0,0.0,0.6,0.5,12,-3.1099999999999994
GCA_900322605.1,15,0.1333333333333333,0.0666666666666666,0.0,0.0,0.8,0.3333333333333333,0,0.3200000000000003
GCA_003321335.1,16,0.1875,0.0625,0.0,0.0,0.75,0.25,3,-1.75
GCA_000188755.2,15,0.0,0.0,0.0,0.0666666666666666,0.9333333333333332,0.0,0,-1.5900000000000034
GCA_022023095.1,20,0.3,0.1,0.0,0.0,0.6,0.5,6,-3.259999999999998
GCA_052049375.1,17,0.1764705882352941,0.0588235294117647,0.0,0.0,0.7058823529411765,0.1176470588235294,6,-3.199999999999996
GCA_002104705.1,14,0.0714285714285714,0.0714285714285714,0.0,0.0,0.7857142857142857,0.1428571428571428,3,-2.1200000000000045
GCA_030551135.1,7,0.0,0.0,0.2857142857142857,0.1428571428571428,0.5714285714285714,0.1428571428571428,5,0.1400000000000005
GCA_002300725.1,17,0.1764705882352941,0.0588235294117647,0.0,0.0,0.7058823529411765,0.2941176470588235,2,-0.8900000000000006
GCA_016991555.1,17,0.0,0.0,0.0,0.1176470588235294,0.8823529411764706,0.1176470588235294,0,-1.4499999999999955
GCA_052183255.1,17,0.1176470588235294,0.0,0.0,0.0588235294117647,0.8235294117647058,0.1176470588235294,2,0.8099999999999952
GCA_009898155.1,18,0.1666666666666666,0.0555555555555555,0.0555555555555555,0.0,0.6666666666666666,0.4444444444444444,6,-0.3999999999999986
GCA_007648375.1,16,0.0,0.0,0.0,0.0625,0.9375,0.125,0,-2.979999999999997
GCA_041221345.1,17,0.2352941176470588,0.0588235294117647,0.0,0.0,0.7058823529411765,0.2352941176470588,7,-5.549999999999997
GCA_022210085.1,22,0.2727272727272727,0.0909090909090909,0.0,0.0,0.6363636363636364,0.3181818181818182,4,-2.369999999999997
GCA_026222845.1,17,0.1764705882352941,0.0,0.0588235294117647,0.0,0.7058823529411765,0.2941176470588235,2,-4.490000000000002
GCA_019249965.1,17,0.0588235294117647,0.0588235294117647,0.0,0.0,0.8823529411764706,0.0588235294117647,5,-1.3700000000000043
GCA_021736085.1,17,0.0588235294117647,0.0,0.0,0.0588235294117647,0.8823529411764706,0.2941176470588235,1,-0.019999999999996
GCA_052388635.1,13,0.0769230769230769,0.0,0.0,0.0,0.9230769230769232,0.0,0,-5.450000000000003
GCA_000249675.2,16,0.0,0.0,0.0,0.0625,0.9375,0.0,0,-4.549999999999997
GCA_007648745.1,16,0.0,0.0,0.0,0.0625,0.9375,0.125,1,-0.5700000000000003
GCA_007648965.1,16,0.0,0.0,0.0,0.0625,0.9375,0.25,0,-1.9000000000000057
GCA_003204985.1,5,0.0,0.2,0.0,0.2,0.6,0.2,4,-1.9799999999999969
GCA_054069355.1,14,0.0714285714285714,0.0714285714285714,0.0,0.0,0.8571428571428571,0.3571428571428571,1,0.6499999999999986
GCA_022401365.1,4,0.25,0.0,0.0,0.0,0.75,0.0,0,-0.759999999999998
GCA_052183765.1,18,0.1111111111111111,0.0,0.0,0.0555555555555555,0.8333333333333334,0.1111111111111111,2,-1.93
GCA_007648135.1,16,0.0,0.0,0.0,0.0625,0.9375,0.125,0,-1.9399999999999973
GCA_052185035.1,16,0.0625,0.0,0.0,0.0625,0.875,0.0,0,-1.4500000000000028
GCA_051170845.1,7,0.0,0.0,0.2857142857142857,0.1428571428571428,0.5714285714285714,0.0,7,0.3500000000000014
GCA_007647575.1,16,0.0,0.0,0.0,0.0625,0.9375,0.125,0,-0.009999999999998
GCA_054068295.1,18,0.2222222222222222,0.0555555555555555,0.0,0.0,0.6666666666666666,0.3888888888888889,5,-2.9399999999999977
GCA_022023535.1,18,0.2222222222222222,0.1111111111111111,0.0,0.0,0.6666666666666666,0.3888888888888889,4,-1.3799999999999957
GCA_054068855.1,16,0.125,0.0625,0.0,0.0,0.75,0.3125,4,-0.4000000000000057
GCA_054068435.1,16,0.125,0.0625,0.0,0.0,0.75,0.0625,2,-0.6600000000000037
GCA_051169985.1,7,0.0,0.0,0.2857142857142857,0.1428571428571428,0.5714285714285714,0.0,7,0.3800000000000025
GCA_029079065.1,16,0.125,0.0625,0.0,0.0,0.75,0.4375,2,-2.0
GCA_014500785.1,15,0.1333333333333333,0.0666666666666666,0.0,0.0,0.8,0.3333333333333333,3,-1.6300000000000026
GCA_002295145.1,15,0.1333333333333333,0.0666666666666666,0.0,0.0,0.8,0.2666666666666666,3,-2.559999999999995
GCA_029075985.1,16,0.1875,0.0625,0.0,0.0,0.75,0.25,6,-2.7900000000000063
GCA_052048695.1,13,0.0769230769230769,0.0,0.0,0.0,0.9230769230769232,0.4615384615384615,0,0.0900000000000034
GCA_016484955.1,12,0.1666666666666666,0.0,0.3333333333333333,0.1666666666666666,0.3333333333333333,0.1666666666666666,10,0.5
GCA_009799765.1,19,0.0526315789473684,0.0,0.0526315789473684,0.0526315789473684,0.7894736842105263,0.0,4,-1.0499999999999972
GCA_003321305.1,16,0.1875,0.0625,0.0,0.0,0.75,0.5,3,-1.1900000000000048
GCA_016760375.1,16,0.0625,0.0,0.0,0.0625,0.875,0.0,5,1.1599999999999966
GCA_022023655.1,20,0.3,0.1,0.0,0.0,0.6,0.55,4,-0.8999999999999986
GCF_001701915.1,15,0.0666666666666666,0.0666666666666666,0.0,0.0,0.8,0.4666666666666667,1,-0.3400000000000034
GCA_013180515.1,18,0.2222222222222222,0.0555555555555555,0.0,0.0,0.6666666666666666,0.0555555555555555,3,-4.729999999999997
GCA_022321045.1,23,0.3043478260869565,0.0869565217391304,0.0,0.0,0.5217391304347826,0.5217391304347826,6,-0.1799999999999997
GCA_024650315.1,14,0.0714285714285714,0.0,0.0,0.0,0.8571428571428571,0.3571428571428571,3,-0.019999999999996
GCA_002104365.1,15,0.1333333333333333,0.0666666666666666,0.0,0.0,0.8,0.0,1,-1.2099999999999935
GCA_002887715.1,17,0.0,0.0,0.0,0.0588235294117647,0.9411764705882352,0.0,2,-50.53
GCA_029079265.1,18,0.2222222222222222,0.0555555555555555,0.0,0.0,0.6666666666666666,0.2777777777777778,4,-4.740000000000002
GCA_004116835.1,17,0.0588235294117647,0.0,0.0,0.0588235294117647,0.8823529411764706,0.0,3,-50.75
GCA_009183735.1,2,0.0,0.0,0.0,0.0,1.0,0.0,0,0.8999999999999986
GCA_052492695.1,7,0.0,0.0,0.2857142857142857,0.1428571428571428,0.5714285714285714,0.1428571428571428,7,0.0499999999999971
GCA_011038115.1,16,0.1875,0.0625,0.0,0.0,0.75,0.3125,6,-0.9699999999999988
GCF_000988155.1,8,0.125,0.0,0.25,0.125,0.5,0.25,3,-0.0799999999999983
GCA_016991415.1,21,0.238095238095238,0.0,0.0,0.0952380952380952,0.6666666666666666,0.0952380952380952,8,-0.4799999999999969
GCA_036890245.1,16,0.0625,0.0625,0.0,0.0,0.875,0.25,2,-0.2800000000000011
GCA_022210365.1,22,0.1818181818181818,0.0909090909090909,0.0,0.0,0.6363636363636364,0.6363636363636364,4,-1.3400000000000034
GCA_031011125.1,22,0.2727272727272727,0.0909090909090909,0.0,0.0,0.5454545454545454,0.4545454545454545,8,-2.279999999999994
GCA_008369545.1,12,0.0833333333333333,0.0,0.0833333333333333,0.0833333333333333,0.6666666666666666,0.0833333333333333,5,-0.6000000000000014
GCA_029076185.1,16,0.125,0.0625,0.0,0.0,0.75,0.375,4,-1.6199999999999974
GCA_011812795.1,17,0.0588235294117647,0.0,0.0,0.1176470588235294,0.7647058823529411,0.2352941176470588,7,-1.5200000000000031
GCA_017566015.1,15,0.0666666666666666,0.0666666666666666,0.0,0.0,0.8,0.4666666666666667,3,-1.4499999999999955
GCA_052183435.1,18,0.1111111111111111,0.0,0.0,0.0555555555555555,0.8333333333333334,0.1111111111111111,4,-1.2399999999999949
GCA_024650825.1,18,0.2222222222222222,0.0,0.0,0.0,0.6666666666666666,0.4444444444444444,3,-3.1300000000000026
GCA_029078815.1,16,0.125,0.0625,0.0,0.0,0.75,0.3125,2,-0.8999999999999986
GCA_016054925.1,7,0.0,0.1428571428571428,0.1428571428571428,0.1428571428571428,0.5714285714285714,0.1428571428571428,2,0.3999999999999986
GCF_001649605.1,12,0.0,0.0,0.0,0.0833333333333333,0.9166666666666666,0.0,0,-0.509999999999998
GCA_018423705.1,16,0.125,0.0625,0.0,0.0,0.75,0.4375,3,-0.490000000000002
GCA_043565255.1,14,0.0714285714285714,0.0,0.0,0.0714285714285714,0.7857142857142857,0.0,1,-4.149999999999999
GCA_054067105.1,17,0.1764705882352941,0.0588235294117647,0.0,0.0,0.7058823529411765,0.3529411764705882,4,-1.490000000000002
GCA_029076325.1,16,0.1875,0.0625,0.0,0.0,0.75,0.25,6,-2.029999999999994
GCA_052183495.1,17,0.0588235294117647,0.0,0.0,0.0588235294117647,0.8823529411764706,0.0,2,-1.5900000000000034
GCA_024813765.1,16,0.1875,0.0,0.0,0.0,0.75,0.375,1,-0.1899999999999977
GCA_054832185.1,17,0.0588235294117647,0.0,0.0,0.0588235294117647,0.8823529411764706,0.0,1,-0.8299999999999983
GCA_024651105.1,15,0.1333333333333333,0.0,0.0,0.0,0.8,0.4,2,-0.8999999999999986
GCA_015666295.1,16,0.125,0.0625,0.0,0.0,0.75,0.3125,2,-1.4500000000000028
GCA_022210485.1,20,0.3,0.1,0.0,0.0,0.6,0.65,4,-1.1099999999999994
GCA_040148975.1,16,0.0,0.0,0.0,0.0625,0.9375,0.25,0,-1.3400000000000034
GCA_012956645.1,15,0.2,0.0,0.0,0.0,0.8,0.3333333333333333,5,-0.8399999999999963
GCA_024650325.1,15,0.2,0.0,0.0,0.0,0.7333333333333333,0.4,2,-2.3399999999999963
GCA_015666285.1,6,0.0,0.0,0.1666666666666666,0.1666666666666666,0.6666666666666666,0.0,2,0.0800000000000054
GCA_022209495.1,20,0.2,0.1,0.0,0.0,0.7,0.5,4,-0.6600000000000037
GCA_026526975.2,10,0.0,0.0,0.0,0.1,0.9,0.0,0,2.890000000000001
GCA_022694335.1,17,0.0588235294117647,0.0,0.0,0.0588235294117647,0.8823529411764706,0.0588235294117647,1,-1.6199999999999974
GCA_022304435.1,17,0.1764705882352941,0.1176470588235294,0.0,0.0,0.7058823529411765,0.4117647058823529,9,-1.7199999999999989
GCA_036281845.1,14,0.1428571428571428,0.0,0.0714285714285714,0.0714285714285714,0.7142857142857143,0.2142857142857142,3,-1.0200000000000031
GCA_052184715.1,17,0.0588235294117647,0.0,0.0,0.0588235294117647,0.8235294117647058,0.0588235294117647,3,-0.2199999999999988
GCA_042607715.1,20,0.35,0.05,0.05,0.0,0.5,0.45,6,-6.960000000000001
GCA_052183755.1,14,0.0714285714285714,0.0,0.0,0.0714285714285714,0.8571428571428571,0.2142857142857142,0,-2.140000000000001
GCA_052389055.1,17,0.2352941176470588,0.0588235294117647,0.0,0.0,0.7058823529411765,0.2352941176470588,6,-5.409999999999997
GCA_042607525.1,18,0.1666666666666666,0.0555555555555555,0.0555555555555555,0.0,0.6666666666666666,0.4444444444444444,5,-3.3399999999999963
GCA_007648085.1,17,0.0588235294117647,0.0,0.0,0.0588235294117647,0.8823529411764706,0.1176470588235294,2,-0.2000000000000028
GCA_043109455.1,14,0.1428571428571428,0.0,0.0714285714285714,0.0714285714285714,0.6428571428571429,0.1428571428571428,7,-5.400000000000006
GCA_054066915.1,16,0.125,0.0625,0.0,0.0,0.75,0.375,2,-2.660000000000004
GCA_002104295.1,15,0.1333333333333333,0.0666666666666666,0.0,0.0,0.8,0.0666666666666666,5,-0.9400000000000048
GCA_036927625.1,17,0.0,0.0,0.0,0.0588235294117647,0.8823529411764706,0.1764705882352941,3,-1.0800000000000054
GCA_031630695.1,14,0.1428571428571428,0.0,0.0714285714285714,0.0714285714285714,0.6428571428571429,0.2142857142857142,7,0.7000000000000028
GCA_011038395.1,16,0.1875,0.0,0.0,0.0,0.75,0.1875,3,-3.140000000000001
GCA_014451255.1,18,0.2222222222222222,0.0555555555555555,0.0,0.0,0.6666666666666666,0.3888888888888889,3,-0.2300000000000039
GCA_029079605.1,14,0.0714285714285714,0.0714285714285714,0.0,0.0,0.8571428571428571,0.5,0,-0.5499999999999972
GCA_018423825.1,17,0.1764705882352941,0.0588235294117647,0.0,0.0,0.7058823529411765,0.1764705882352941,3,-2.6299999999999955
GCA_036533995.1,7,0.0,0.0,0.2857142857142857,0.1428571428571428,0.5714285714285714,0.0,2,0.5399999999999991
GCA_029076065.1,17,0.1764705882352941,0.0588235294117647,0.0,0.0,0.7058823529411765,0.2941176470588235,4,-1.9399999999999973
GCA_041217655.1,17,0.1176470588235294,0.1176470588235294,0.0,0.0,0.7058823529411765,0.2352941176470588,3,-4.410000000000004
GCA_024199065.1,17,0.0588235294117647,0.0,0.0,0.0588235294117647,0.8823529411764706,0.0588235294117647,2,-1.1700000000000017
GCA_015666685.1,16,0.125,0.0,0.0625,0.0,0.75,0.375,2,-1.3699999999999974
GCA_026223395.1,19,0.1578947368421052,0.0526315789473684,0.0526315789473684,0.0,0.6842105263157895,0.4736842105263157,3,-2.640000000000001
GCA_052048795.1,17,0.1764705882352941,0.0588235294117647,0.0,0.0,0.7058823529411765,0.1176470588235294,5,-2.259999999999998
GCA_015666275.1,8,0.125,0.0,0.25,0.125,0.5,0.0,5,-0.4500000000000028
GCA_015537605.1,8,0.125,0.0,0.25,0.125,0.5,0.25,5,-0.759999999999998
GCA_001649805.1,8,0.125,0.0,0.25,0.125,0.5,0.125,5,1.0100000000000051
GCA_005222595.1,18,0.1666666666666666,0.0555555555555555,0.0,0.0,0.7222222222222222,0.2777777777777778,5,-2.280000000000001
GCA_052183855.1,17,0.0588235294117647,0.0,0.0,0.0588235294117647,0.8823529411764706,0.0,0,-0.4500000000000028
GCA_038433235.1,17,0.1764705882352941,0.0588235294117647,0.0,0.0,0.7058823529411765,0.5294117647058824,4,-1.3900000000000006
GCA_029076175.1,15,0.0666666666666666,0.0666666666666666,0.0,0.0,0.8,0.4,1,-2.700000000000003
GCA_016485245.1,12,0.1666666666666666,0.0,0.3333333333333333,0.1666666666666666,0.3333333333333333,0.0,6,0.0399999999999991
GCA_048970235.1,18,0.2222222222222222,0.0555555555555555,0.0,0.0,0.6666666666666666,0.3333333333333333,2,-2.890000000000001
GCA_026223415.1,19,0.1578947368421052,0.0,0.0526315789473684,0.0,0.7368421052631579,0.1578947368421052,4,-3.240000000000002
GCA_012955875.1,17,0.1764705882352941,0.0588235294117647,0.0,0.0,0.7058823529411765,0.5882352941176471,2,-1.2800000000000011
GCA_052183235.1,17,0.0588235294117647,0.0,0.0,0.0588235294117647,0.8823529411764706,0.0588235294117647,3,-0.9099999999999966
GCA_007648535.1,17,0.0588235294117647,0.0,0.0,0.0588235294117647,0.8823529411764706,0.1764705882352941,3,-1.4500000000000028
GCA_007647975.1,16,0.0,0.0,0.0,0.0625,0.9375,0.125,0,-1.5800000000000054
GCA_054048885.1,14,0.0714285714285714,0.0714285714285714,0.0,0.0,0.8571428571428571,0.0714285714285714,0,-7.290000000000006
GCA_023572255.1,8,0.0,0.0,0.375,0.125,0.5,0.125,3,-0.7399999999999949
GCA_054066855.1,16,0.1875,0.0625,0.0,0.0,0.75,0.4375,4,-0.6000000000000014
GCA_019201995.1,17,0.0588235294117647,0.0,0.0,0.0588235294117647,0.8823529411764706,0.0,3,-1.0
GCA_041222185.1,19,0.2105263157894736,0.0526315789473684,0.0,0.0,0.631578947368421,0.1578947368421052,7,-3.710000000000001
GCA_054067195.1,16,0.125,0.0625,0.0,0.0,0.75,0.3125,4,-0.720000000000006
GCA_002295185.1,16,0.125,0.0625,0.0,0.0,0.75,0.4375,3,-1.3000000000000045
GCA_052184995.1,16,0.0,0.0,0.0,0.0625,0.9375,0.125,0,-1.1400000000000006
GCA_013626195.1,16,0.1875,0.0,0.0,0.0,0.75,0.4375,3,-0.1300000000000025
GCA_024651185.1,17,0.1764705882352941,0.0588235294117647,0.0,0.0,0.7058823529411765,0.4705882352941176,3,-0.4200000000000017
GCA_011812805.1,16,0.125,0.0,0.0,0.0625,0.8125,0.3125,2,-1.0300000000000011
GCA_015538155.1,7,0.0,0.0,0.2857142857142857,0.1428571428571428,0.5714285714285714,0.0,3,-1.4500000000000028
GCA_022209365.1,20,0.1,0.1,0.0,0.0,0.8,0.6,0,-0.9099999999999966
GCA_026222935.1,17,0.1764705882352941,0.0,0.0588235294117647,0.0,0.7058823529411765,0.2941176470588235,3,-2.719999999999999
GCA_054049015.1,16,0.125,0.0625,0.0,0.0,0.75,0.125,2,-0.7600000000000051
GCA_029079725.1,14,0.0714285714285714,0.0714285714285714,0.0,0.0,0.8571428571428571,0.3571428571428571,0,-1.2800000000000011
GCA_031630435.1,20,0.15,0.0,0.05,0.05,0.75,0.05,7,-1.3499999999999943
GCA_011038065.1,16,0.1875,0.0625,0.0,0.0,0.75,0.375,4,-2.239999999999995
GCA_006151945.1,17,0.1176470588235294,0.0,0.0588235294117647,0.0,0.7647058823529411,0.3529411764705882,7,-2.8200000000000003
GCA_024388485.1,18,0.0555555555555555,0.0555555555555555,0.0,0.0555555555555555,0.8333333333333334,0.0555555555555555,2,-0.7800000000000011
GCA_002105205.2,16,0.125,0.0625,0.0,0.0,0.75,0.3125,3,-0.279999999999994
GCA_024813555.1,16,0.125,0.0625,0.0,0.0,0.75,0.1875,2,-2.780000000000001
GCA_023060545.1,5,0.2,0.0,0.2,0.0,0.4,0.6,4,0.0300000000000011
GCA_052184455.1,17,0.0588235294117647,0.0,0.0,0.0588235294117647,0.8823529411764706,0.0588235294117647,2,-0.9099999999999966
GCA_011038495.1,15,0.1333333333333333,0.0666666666666666,0.0,0.0,0.8,0.4666666666666667,3,-3.030000000000001
GCA_052545275.1,8,0.0,0.0,0.375,0.125,0.5,0.25,7,0.2299999999999968
GCA_015536955.1,8,0.125,0.0,0.25,0.125,0.5,0.125,4,0.0899999999999963
GCA_054069855.1,15,0.1333333333333333,0.0666666666666666,0.0,0.0,0.8,0.4666666666666667,3,-1.4799999999999969
GCA_052183315.1,19,0.1578947368421052,0.0,0.0,0.0526315789473684,0.7894736842105263,0.0,2,-1.0399999999999991
GCF_001649835.1,7,0.1428571428571428,0.0,0.2857142857142857,0.0,0.5714285714285714,0.0,3,0.3999999999999986
GCA_003204755.1,5,0.0,0.2,0.0,0.2,0.6,0.2,4,-2.539999999999999
GCA_002859105.1,17,0.1176470588235294,0.0,0.0,0.0588235294117647,0.8235294117647058,0.1176470588235294,3,2.910000000000004
GCA_051169825.1,7,0.0,0.0,0.2857142857142857,0.1428571428571428,0.5714285714285714,0.0,7,-0.2000000000000028
GCA_029079985.1,16,0.125,0.0625,0.0,0.0,0.75,0.3125,1,-2.25
GCA_038433245.1,16,0.125,0.0625,0.0,0.0,0.75,0.375,4,-1.3100000000000025
GCA_041222145.1,17,0.2352941176470588,0.0588235294117647,0.0,0.0,0.7058823529411765,0.2352941176470588,5,-5.450000000000003
GCA_017565945.1,17,0.1764705882352941,0.0588235294117647,0.0,0.0,0.7058823529411765,0.3529411764705882,2,-2.8999999999999986
